Dataset,Has_Ice,T_s,T_set,a_m,H_wave_m,H_over_gT2,twoa_over_gT2,H_over_lambda,a_over_lambda,Ursell_Ur,Depth_Zone,Theory_Zone,lambda_m,k_rad_m,kH,kh,kLd,I_breakup,dI_breakup,h_over_lambda,H_over_lambda_water,ka_set,f_set_Hz,lambda_open_water_set_m,lambda_ratio_ice_over_setwater,d_lambda_ratio_ice_over_setwater
28/04/26,0,1.00000714285714,1,0.00148231299699813,0.00296462599399626,0.0305806028880359,0.000302200167446494,0.218507763515904,0.00107965632601539,0.20697358092518,Intermediate,Linear,1.3729489294698,4.57641589742599,1.3729247692278,NaN,NaN,NaN,NaN,NaN,0.218507763515904,0.02,1,1.3729489294698,NaN,NaN
28/04/26,0,1.00000714285714,1,0.00308526479154713,0.00617052958309426,0.0305806028880359,0.000628995049298277,0.218507763515904,0.00224718103151775,0.430791812054586,Intermediate,Linear,1.3729489294698,4.57641589742599,1.3729247692278,NaN,NaN,NaN,NaN,NaN,0.218507763515904,0.02,1,1.3729489294698,NaN,NaN
28/04/26,0,1.00000714285714,1,0.00477835383737021,0.00955670767474042,0.0305806028880359,0.000974166274394272,0.218507763515904,0.00348035803430467,0.667195799167195,Intermediate,Stokes-2nd,1.3729489294698,4.57641589742599,1.3729247692278,NaN,NaN,NaN,NaN,NaN,0.218507763515904,0.02,1,1.3729489294698,NaN,NaN
28/04/26,0,1.00000714285714,1,0.00563538590633861,0.0112707718126772,0.0305806028880359,0.0011488899901505,0.218507763515904,0.00410458523647698,0.786862156165568,Intermediate,Stokes-2nd,1.3729489294698,4.57641589742599,1.3729247692278,NaN,NaN,NaN,NaN,NaN,0.218507763515904,0.02,1,1.3729489294698,NaN,NaN
28/04/26,0,1.33334285714286,1.2,0.0120372495721234,0.0240744991442468,0.0172015891245202,0.00138039880885982,0.169451211837141,0.00679908842394138,2.79477370067815,Intermediate,Stokes-2nd,1.77042109494224,3.54897788166299,1.0646933644989,NaN,NaN,NaN,NaN,NaN,0.169451211837141,0.04,0.833333333333333,1.77042109494224,NaN,NaN
28/04/26,0,1.00000714285714,1,0.00650204772404182,0.0130040954480836,0.0305806028880359,0.00132557692938654,0.218507763515904,0.00473582635484683,0.907873103397642,Intermediate,Stokes-2nd,1.3729489294698,4.57641589742599,1.3729247692278,NaN,NaN,NaN,NaN,NaN,0.218507763515904,0.02,1,1.3729489294698,NaN,NaN
28/04/26,0,0.800005714285712,0.8,0.00911120594262962,0.0182224118852592,0.0477821920125564,0.00290235594544449,0.312324375650456,0.00948550569151508,0.622691364846847,Intermediate,Stokes-2nd,0.96053982138029,6.54130642720328,1.96239192816099,NaN,NaN,NaN,NaN,NaN,0.312324375650456,0.06,1.25,0.96053982138029,NaN,NaN
28/04/26,0,0.666671428571427,0.6,0.00965227498009603,0.0193045499601921,0.0688063564980812,0.00442758582198664,0.535025059937172,0.0172140299991865,0.224796827650102,Deep,Stokes-2nd,0.560721398798084,11.2055386519004,3.36166159557012,NaN,NaN,NaN,NaN,NaN,0.535025059937172,0.1,1.66666666666667,0.560721398798084,NaN,NaN
28/04/26,0,1.00000714285714,1,0.00819569222280254,0.0163913844456051,0.0305806028880359,0.00167086139505392,0.218507763515904,0.00596940792689756,1.14435464773587,Intermediate,Stokes-2nd,1.3729489294698,4.57641589742599,1.3729247692278,NaN,NaN,NaN,NaN,NaN,0.218507763515904,0.04,1,1.3729489294698,NaN,NaN
28/04/26,0,1.00000714285714,1,0.00903224520463127,0.0180644904092625,0.0305806028880359,0.00184141002526797,0.218507763515904,0.00657871899730408,1.26116153442806,Intermediate,Stokes-2nd,1.3729489294698,4.57641589742599,1.3729247692278,NaN,NaN,NaN,NaN,NaN,0.218507763515904,0.04,1,1.3729489294698,NaN,NaN
28/04/26,0,1.00000714285714,1,0.00985826944362334,0.0197165388872467,0.0305806028880359,0.00200981215345803,0.218507763515904,0.00718036136087769,1.37649830542137,Intermediate,Stokes-2nd,1.3729489294698,4.57641589742599,1.3729247692278,NaN,NaN,NaN,NaN,NaN,0.218507763515904,0.04,1,1.3729489294698,NaN,NaN
28/04/26,0,1.00000714285714,1,0.0114733014042084,0.0229466028084168,0.0305806028880359,0.00233906982704561,0.218507763515904,0.00835668476659151,1.60200327560503,Intermediate,Stokes-2nd,1.3729489294698,4.57641589742599,1.3729247692278,NaN,NaN,NaN,NaN,NaN,0.218507763515904,0.06,1,1.3729489294698,NaN,NaN
28/04/26,0,1.00000714285714,1,0.0129928062584274,0.0259856125168548,0.0305806028880359,0.00264885232393437,0.218507763515904,0.00946343012441469,1.81416991082161,Intermediate,Stokes-2nd,1.3729489294698,4.57641589742599,1.3729247692278,NaN,NaN,NaN,NaN,NaN,0.218507763515904,0.06,1,1.3729489294698,NaN,NaN
28/04/26,0,1.00000714285714,1,0.00133765565724015,0.0026753113144803,0.0305806028880359,0.000272708776366638,0.218507763515904,0.000974293820059804,0.186775250560775,Intermediate,Linear,1.3729489294698,4.57641589742599,1.3729247692278,NaN,NaN,NaN,NaN,NaN,0.218507763515904,0.02,1,1.3729489294698,NaN,NaN
28/04/26,0,1.00000714285714,1,0.00286977034491319,0.00573954068982638,0.0305806028880359,0.000585062048651014,0.218507763515904,0.00209022366623748,0.400702581656121,Intermediate,Linear,1.3729489294698,4.57641589742599,1.3729247692278,NaN,NaN,NaN,NaN,NaN,0.218507763515904,0.02,1,1.3729489294698,NaN,NaN
28/04/26,0,1.00000714285714,1,0.00447189172889514,0.00894378345779028,0.0305806028880359,0.000911687634130897,0.218507763515904,0.00325714353455381,0.624404863556822,Intermediate,Stokes-2nd,1.3729489294698,4.57641589742599,1.3729247692278,NaN,NaN,NaN,NaN,NaN,0.218507763515904,0.02,1,1.3729489294698,NaN,NaN
28/04/26,0,1.00000714285714,1,0.00529185654256481,0.0105837130851296,0.0305806028880359,0.00107885442312419,0.218507763515904,0.00385437245987613,0.738895564280317,Intermediate,Stokes-2nd,1.3729489294698,4.57641589742599,1.3729247692278,NaN,NaN,NaN,NaN,NaN,0.218507763515904,0.02,1,1.3729489294698,NaN,NaN
28/04/26,0,1.33334285714286,1.2,0.0115523226344342,0.0231046452688684,0.0172015891245202,0.00132478871594288,0.169451211837141,0.00652518356646168,2.68218477045087,Intermediate,Stokes-2nd,1.77042109494224,3.54897788166299,1.0646933644989,NaN,NaN,NaN,NaN,NaN,0.169451211837141,0.04,0.833333333333333,1.77042109494224,NaN,NaN
28/04/26,0,1.00000714285714,1,0.00611297461119011,0.0122259492223802,0.0305806028880359,0.00124625632699634,0.218507763515904,0.00445244136906884,0.853547292606194,Intermediate,Stokes-2nd,1.3729489294698,4.57641589742599,1.3729247692278,NaN,NaN,NaN,NaN,NaN,0.218507763515904,0.02,1,1.3729489294698,NaN,NaN
28/04/26,0,0.800005714285712,0.8,0.00429703667067443,0.00859407334134886,0.0477821920125564,0.00136881220855441,0.312324375650456,0.00447356431771836,0.293674366061685,Intermediate,Stokes-2nd,0.96053982138029,6.54130642720328,1.96239192816099,NaN,NaN,NaN,NaN,NaN,0.312324375650456,0.02,1.25,0.96053982138029,NaN,NaN
28/04/26,0,0.666671428571427,0.6,0.00895340477194306,0.0179068095438861,0.0688063564980812,0.00410700773739957,0.535025059937172,0.015967653082502,0.208520477664641,Deep,Stokes-2nd,0.560721398798084,11.2055386519004,3.36166159557012,NaN,NaN,NaN,NaN,NaN,0.535025059937172,0.1,1.66666666666667,0.560721398798084,NaN,NaN
28/04/26,0,1.00000714285714,1,0.00773138391474456,0.0154627678294891,0.0305806028880359,0.00157620254181168,0.218507763515904,0.00563122469364555,1.07952383712658,Intermediate,Stokes-2nd,1.3729489294698,4.57641589742599,1.3729247692278,NaN,NaN,NaN,NaN,NaN,0.218507763515904,0.04,1,1.3729489294698,NaN,NaN
28/04/26,0,1.00000714285714,1,0.00852343422207974,0.0170468684441595,0.0305806028880359,0.00173767838125144,0.218507763515904,0.00620812183113853,1.19011686890464,Intermediate,Stokes-2nd,1.3729489294698,4.57641589742599,1.3729247692278,NaN,NaN,NaN,NaN,NaN,0.218507763515904,0.04,1,1.3729489294698,NaN,NaN
28/04/26,0,1.00000714285714,1,0.00932549998675047,0.0186509999735009,0.0305806028880359,0.001901196078848,0.218507763515904,0.00679231381924144,1.30210834694442,Intermediate,Stokes-2nd,1.3729489294698,4.57641589742599,1.3729247692278,NaN,NaN,NaN,NaN,NaN,0.218507763515904,0.04,1,1.3729489294698,NaN,NaN
28/04/26,0,1.00000714285714,1,0.0108434989190043,0.0216869978380086,0.0305806028880359,0.00221067156239278,0.218507763515904,0.00789796232492916,1.51406471208825,Intermediate,Stokes-2nd,1.3729489294698,4.57641589742599,1.3729247692278,NaN,NaN,NaN,NaN,NaN,0.218507763515904,0.04,1,1.3729489294698,NaN,NaN
28/04/26,0,1.00000714285714,1,0.012279982436423,0.024559964872846,0.0305806028880359,0.00250352844240205,0.218507763515904,0.00894423832732455,1.71463917790096,Intermediate,Stokes-2nd,1.3729489294698,4.57641589742599,1.3729247692278,NaN,NaN,NaN,NaN,NaN,0.218507763515904,0.06,1,1.3729489294698,NaN,NaN
28/04/26,0,1.00000714285714,1,0.0039607975403689,0.0079215950807378,0.0305806028880359,0.000807490511346204,0.218507763515904,0.00288488337428433,0.553041396729271,Intermediate,Linear,1.3729489294698,4.57641589742599,1.3729247692278,NaN,NaN,NaN,NaN,NaN,0.218507763515904,0.02,1,1.3729489294698,NaN,NaN
28/04/26,0,1.00000714285714,1,0.0073622890933423,0.0147245781866846,0.0305806028880359,0.00150095492740279,0.218507763515904,0.00536239108047918,1.02798757114141,Intermediate,Stokes-2nd,1.3729489294698,4.57641589742599,1.3729247692278,NaN,NaN,NaN,NaN,NaN,0.218507763515904,0.04,1,1.3729489294698,NaN,NaN
28/04/26,0,1.00000714285714,1,0.0106787056642828,0.0213574113285656,0.0305806028880359,0.00217707504851768,0.218507763515904,0.00777793363982349,1.49105482813587,Intermediate,Stokes-2nd,1.3729489294698,4.57641589742599,1.3729247692278,NaN,NaN,NaN,NaN,NaN,0.218507763515904,0.04,1,1.3729489294698,NaN,NaN
28/04/26,0,1.00000714285714,1,0.0123047714411783,0.0246095428823566,0.0305806028880359,0.00250858219380479,0.218507763515904,0.00896229362728744,1.71810043682007,Intermediate,Stokes-2nd,1.3729489294698,4.57641589742599,1.3729247692278,NaN,NaN,NaN,NaN,NaN,0.218507763515904,0.06,1,1.3729489294698,NaN,NaN
28/04/26,0,1.33334285714286,1.2,0.00963948031971598,0.019278960639432,0.0172015891245202,0.00110542919889102,0.169451211837141,0.0054447387388538,2.23806658857822,Intermediate,Stokes-2nd,1.77042109494224,3.54897788166299,1.0646933644989,NaN,NaN,NaN,NaN,NaN,0.169451211837141,0.04,0.833333333333333,1.77042109494224,NaN,NaN
28/04/26,0,1.00000714285714,1,0.0139526140674445,0.027905228134889,0.0305806028880359,0.00284452900031029,0.218507763515904,0.0101625149835928,1.9481867207899,Intermediate,Stokes-2nd,1.3729489294698,4.57641589742599,1.3729247692278,NaN,NaN,NaN,NaN,NaN,0.218507763515904,0.06,1,1.3729489294698,NaN,NaN
28/04/26,0,0.800005714285712,0.8,0.00862634858021045,0.0172526971604209,0.0477821920125564,0.00274790562817906,0.312324375650456,0.00898072978152477,0.58955453371144,Intermediate,Stokes-2nd,0.96053982138029,6.54130642720328,1.96239192816099,NaN,NaN,NaN,NaN,NaN,0.312324375650456,0.06,1.25,0.96053982138029,NaN,NaN
28/04/26,0,0.666671428571427,0.6,0.0118472541208275,0.023694508241655,0.0688063564980812,0.00543444260374012,0.535025059937172,0.0211285928202888,0.27591683289364,Deep,Stokes-2nd,0.560721398798084,11.2055386519004,3.36166159557012,NaN,NaN,NaN,NaN,NaN,0.535025059937172,0.1,1.66666666666667,0.560721398798084,NaN,NaN
28/04/26,0,1.00000714285714,1,0.0169823484172582,0.0339646968345164,0.0305806028880359,0.00346220302036292,0.218507763515904,0.0123692499063431,2.37122488405425,Intermediate,Stokes-2nd,1.3729489294698,4.57641589742599,1.3729247692278,NaN,NaN,NaN,NaN,NaN,0.218507763515904,0.08,1,1.3729489294698,NaN,NaN
28/04/26,0,1.00000714285714,1,0.018462811097265,0.03692562219453,0.0305806028880359,0.00376402596241522,0.218507763515904,0.0134475585369333,2.57794010744339,Intermediate,Stokes-2nd,1.3729489294698,4.57641589742599,1.3729247692278,NaN,NaN,NaN,NaN,NaN,0.218507763515904,0.08,1,1.3729489294698,NaN,NaN
28/04/26,0,1.00000714285714,1,0.0199097931159243,0.0398195862318486,0.0305806028880359,0.00405902317907355,0.218507763515904,0.0145014812194165,2.7799804663573,Intermediate,Stokes-2nd,1.3729489294698,4.57641589742599,1.3729247692278,NaN,NaN,NaN,NaN,NaN,0.218507763515904,0.1,1,1.3729489294698,NaN,NaN
28/04/26,0,1.00000714285714,1,0.0226133915221207,0.0452267830442414,0.0305806028880359,0.00461020764059767,0.218507763515904,0.0164706720233603,3.15748066007299,Intermediate,Stokes-2nd,1.3729489294698,4.57641589742599,1.3729247692278,NaN,NaN,NaN,NaN,NaN,0.218507763515904,0.1,1,1.3729489294698,NaN,NaN
28/04/26,0,1.00000714285714,1,0.0252636139720464,0.0505272279440928,0.0305806028880359,0.00515051030930524,0.218507763515904,0.01840098595787,3.52752803321231,Intermediate,Stokes-2nd,1.3729489294698,4.57641589742599,1.3729247692278,NaN,NaN,NaN,NaN,NaN,0.218507763515904,0.1,1,1.3729489294698,NaN,NaN
28/04/26,0,1.00000714285714,1,0.00416856930235191,0.00833713860470382,0.0305806028880359,0.000849849082976537,0.218507763515904,0.00303621585105989,0.582052317958353,Intermediate,Linear,1.3729489294698,4.57641589742599,1.3729247692278,NaN,NaN,NaN,NaN,NaN,0.218507763515904,0.02,1,1.3729489294698,NaN,NaN
28/04/26,0,1.00000714285714,1,0.00745829784578842,0.0149165956915768,0.0305806028880359,0.00152052829761833,0.218507763515904,0.00543231993972903,1.04139315777134,Intermediate,Stokes-2nd,1.3729489294698,4.57641589742599,1.3729247692278,NaN,NaN,NaN,NaN,NaN,0.218507763515904,0.04,1,1.3729489294698,NaN,NaN
28/04/26,0,1.00000714285714,1,0.0106055842027343,0.0212111684054686,0.0305806028880359,0.0021621677259963,0.218507763515904,0.00772467494973023,1.48084496640638,Intermediate,Stokes-2nd,1.3729489294698,4.57641589742599,1.3729247692278,NaN,NaN,NaN,NaN,NaN,0.218507763515904,0.04,1,1.3729489294698,NaN,NaN
28/04/26,0,1.00000714285714,1,0.0121496040721798,0.0242992081443596,0.0305806028880359,0.00247694811585463,0.218507763515904,0.00884927604471908,1.69643460371371,Intermediate,Stokes-2nd,1.3729489294698,4.57641589742599,1.3729247692278,NaN,NaN,NaN,NaN,NaN,0.218507763515904,0.06,1,1.3729489294698,NaN,NaN
28/04/26,0,1.33334285714286,1.4,0.00827452821319327,0.0165490564263865,0.0172015891245202,0.000948900230150673,0.139267164781132,0.00384123361384303,2.84416320411435,Intermediate,Stokes-2nd,2.15413303251683,2.91680467841788,0.875041403525364,NaN,NaN,NaN,NaN,NaN,0.139267164781132,0.02,0.714285714285714,2.15413303251683,NaN,NaN
28/04/26,0,1.00000714285714,1,0.0137044654001974,0.0274089308003948,0.0305806028880359,0.00279393876130843,0.218507763515904,0.00998177361592739,1.91353802084194,Intermediate,Stokes-2nd,1.3729489294698,4.57641589742599,1.3729247692278,NaN,NaN,NaN,NaN,NaN,0.218507763515904,0.06,1,1.3729489294698,NaN,NaN
28/04/26,0,0.800005714285712,0.8,0.0107344082418589,0.0214688164837178,0.0477821920125564,0.00341942370502446,0.312324375650456,0.011175391173719,0.733626630880127,Intermediate,Stokes-2nd,0.96053982138029,6.54130642720328,1.96239192816099,NaN,NaN,NaN,NaN,NaN,0.312324375650456,0.08,1.25,0.96053982138029,NaN,NaN
28/04/26,0,0.666671428571427,0.6,0.00590190605578882,0.0118038121115776,0.0688063564980812,0.0027072576806186,0.535025059937172,0.0105255588041399,0.137452544728171,Deep,Stokes-2nd,0.560721398798084,11.2055386519004,3.36166159557012,NaN,NaN,NaN,NaN,NaN,0.535025059937172,0.06,1.66666666666667,0.560721398798084,NaN,NaN
28/04/26,0,1.00000714285714,1,0.0165770144706339,0.0331540289412678,0.0305806028880359,0.00337956731063787,0.218507763515904,0.0120740211924966,2.31462859260078,Intermediate,Stokes-2nd,1.3729489294698,4.57641589742599,1.3729247692278,NaN,NaN,NaN,NaN,NaN,0.218507763515904,0.08,1,1.3729489294698,NaN,NaN
28/04/26,0,1.00000714285714,1,0.0180037664717121,0.0360075329434242,0.0305806028880359,0.00367044021973575,0.218507763515904,0.0131132091553214,2.51384425849141,Intermediate,Stokes-2nd,1.3729489294698,4.57641589742599,1.3729247692278,NaN,NaN,NaN,NaN,NaN,0.218507763515904,0.08,1,1.3729489294698,NaN,NaN
28/04/26,0,1.00000714285714,1,0.0193729817597935,0.038745963519587,0.0305806028880359,0.00394958307968938,0.218507763515904,0.0141104897232229,2.70502614234834,Intermediate,Stokes-2nd,1.3729489294698,4.57641589742599,1.3729247692278,NaN,NaN,NaN,NaN,NaN,0.218507763515904,0.08,1,1.3729489294698,NaN,NaN
28/04/26,0,1.00000714285714,1,0.0219800458874783,0.0439600917749566,0.0305806028880359,0.00448108703163854,0.218507763515904,0.0160093688961661,3.06904737086165,Intermediate,Stokes-2nd,1.3729489294698,4.57641589742599,1.3729247692278,NaN,NaN,NaN,NaN,NaN,0.218507763515904,0.1,1,1.3729489294698,NaN,NaN
28/04/26,0,1.00000714285714,1,0.0245626526328345,0.049125305265669,0.0305806028880359,0.00500760484027654,0.218507763515904,0.0178904343093956,3.42965364449643,Intermediate,Stokes-2nd,1.3729489294698,4.57641589742599,1.3729247692278,NaN,NaN,NaN,NaN,NaN,0.218507763515904,0.1,1,1.3729489294698,NaN,NaN
28/04/26,0,1.00000714285714,1,0.00152063055644364,0.00304126111288728,0.0305806028880359,0.00031001199457344,0.218507763515904,0.00110756527340815,0.212323815664275,Intermediate,Linear,1.3729489294698,4.57641589742599,1.3729247692278,NaN,NaN,NaN,NaN,NaN,0.218507763515904,0.02,1,1.3729489294698,NaN,NaN
28/04/26,0,1.00000714285714,1,0.00321724443006232,0.00643448886012464,0.0305806028880359,0.000655901828729875,0.218507763515904,0.00234330961698972,0.449219970242512,Intermediate,Linear,1.3729489294698,4.57641589742599,1.3729247692278,NaN,NaN,NaN,NaN,NaN,0.218507763515904,0.02,1,1.3729489294698,NaN,NaN
28/04/26,0,1.00000714285714,1,0.00502047912946266,0.0100409582589253,0.0305806028880359,0.0010235285237718,0.218507763515904,0.00365671222119052,0.701003462486896,Intermediate,Stokes-2nd,1.3729489294698,4.57641589742599,1.3729247692278,NaN,NaN,NaN,NaN,NaN,0.218507763515904,0.02,1,1.3729489294698,NaN,NaN
28/04/26,0,1.00000714285714,1,0.00593629358519993,0.0118725871703999,0.0305806028880359,0.00121023624503863,0.218507763515904,0.00432375411625281,0.82887753344954,Intermediate,Stokes-2nd,1.3729489294698,4.57641589742599,1.3729247692278,NaN,NaN,NaN,NaN,NaN,0.218507763515904,0.02,1,1.3729489294698,NaN,NaN
28/04/26,0,1.33334285714286,1.4,0.0130456489504106,0.0260912979008212,0.0172015891245202,0.00149603928738461,0.139267164781132,0.00605610180684543,4.484117252678,Intermediate,Stokes-2nd,2.15413303251683,2.91680467841788,0.875041403525364,NaN,NaN,NaN,NaN,NaN,0.139267164781132,0.04,0.714285714285714,2.15413303251683,NaN,NaN
28/04/26,0,1.00000714285714,1,0.00685754718000002,0.01371509436,0.0305806028880359,0.00139805284731701,0.218507763515904,0.00499475765835532,0.957511064857623,Intermediate,Stokes-2nd,1.3729489294698,4.57641589742599,1.3729247692278,NaN,NaN,NaN,NaN,NaN,0.218507763515904,0.04,1,1.3729489294698,NaN,NaN
28/04/26,0,0.800005714285712,0.8,0.00372713609770078,0.00745427219540156,0.0477821920125564,0.00118727155118179,0.312324375650456,0.00388025151559558,0.254725387425215,Intermediate,Stokes-2nd,0.96053982138029,6.54130642720328,1.96239192816099,NaN,NaN,NaN,NaN,NaN,0.312324375650456,0.02,1.25,0.96053982138029,NaN,NaN
28/04/26,0,0.666671428571427,0.6,0.00832244381898044,0.0166448876379609,0.0688063564980812,0.00381758024229347,0.535025059937172,0.0148423866769125,0.193825701470472,Deep,Stokes-2nd,0.560721398798084,11.2055386519004,3.36166159557012,NaN,NaN,NaN,NaN,NaN,0.535025059937172,0.1,1.66666666666667,0.560721398798084,NaN,NaN
28/04/26,0,1.00000714285714,1,0.00877168976534294,0.0175433795306859,0.0305806028880359,0.00178829040914001,0.218507763515904,0.00638894104293475,1.22478049182218,Intermediate,Stokes-2nd,1.3729489294698,4.57641589742599,1.3729247692278,NaN,NaN,NaN,NaN,NaN,0.218507763515904,0.04,1,1.3729489294698,NaN,NaN
28/04/26,0,1.00000714285714,1,0.00979068761826535,0.0195813752365307,0.0305806028880359,0.00199603420036655,0.218507763515904,0.00713113751583337,1.36706193643039,Intermediate,Stokes-2nd,1.3729489294698,4.57641589742599,1.3729247692278,NaN,NaN,NaN,NaN,NaN,0.218507763515904,0.04,1,1.3729489294698,NaN,NaN
28/04/26,0,1.00000714285714,1,0.0108221890246025,0.021644378049205,0.0305806028880359,0.0022063270996042,0.218507763515904,0.00788244106704083,1.51108923716331,Intermediate,Stokes-2nd,1.3729489294698,4.57641589742599,1.3729247692278,NaN,NaN,NaN,NaN,NaN,0.218507763515904,0.04,1,1.3729489294698,NaN,NaN
28/04/26,0,1.00000714285714,1,0.0130586924785761,0.0261173849571522,0.0305806028880359,0.00266228459282878,0.218507763515904,0.00951141895978538,1.8233695244966,Intermediate,Stokes-2nd,1.3729489294698,4.57641589742599,1.3729247692278,NaN,NaN,NaN,NaN,NaN,0.218507763515904,0.06,1,1.3729489294698,NaN,NaN
28/04/26,0,1.00000714285714,1,0.0161204693636744,0.0322409387273488,0.0305806028880359,0.0032864911465285,0.218507763515904,0.0117414923582771,2.25088174842372,Intermediate,Stokes-2nd,1.3729489294698,4.57641589742599,1.3729247692278,NaN,NaN,NaN,NaN,NaN,0.218507763515904,0.08,1,1.3729489294698,NaN,NaN
28/04/26,0,1.00000714285714,1,0.00390317085281415,0.0078063417056283,0.0305806028880359,0.000795742119027106,0.218507763515904,0.00284291044556294,0.544995051656255,Intermediate,Linear,1.3729489294698,4.57641589742599,1.3729247692278,NaN,NaN,NaN,NaN,NaN,0.218507763515904,0.02,1,1.3729489294698,NaN,NaN
28/04/26,0,1.00000714285714,1,0.00720670264188284,0.0144134052837657,0.0305806028880359,0.00146923541082386,0.218507763515904,0.00524906825533991,1.00626322205507,Intermediate,Stokes-2nd,1.3729489294698,4.57641589742599,1.3729247692278,NaN,NaN,NaN,NaN,NaN,0.218507763515904,0.04,1,1.3729489294698,NaN,NaN
28/04/26,0,1.00000714285714,1,0.0105103981823937,0.0210207963647874,0.0305806028880359,0.00214276208673944,0.218507763515904,0.00765534533498822,1.46755425687081,Intermediate,Stokes-2nd,1.3729489294698,4.57641589742599,1.3729247692278,NaN,NaN,NaN,NaN,NaN,0.218507763515904,0.04,1,1.3729489294698,NaN,NaN
28/04/26,0,1.00000714285714,1,0.0121428529864301,0.0242857059728602,0.0305806028880359,0.00247557176737213,0.218507763515904,0.00884435882922417,1.69549195773032,Intermediate,Stokes-2nd,1.3729489294698,4.57641589742599,1.3729247692278,NaN,NaN,NaN,NaN,NaN,0.218507763515904,0.06,1,1.3729489294698,NaN,NaN
28/04/26,0,1.33334285714286,1.2,0.00206588131331885,0.0041317626266377,0.0172015891245202,0.000236909610211567,0.169451211837141,0.00116688697351194,0.47965033279338,Intermediate,Linear,1.77042109494224,3.54897788166299,1.0646933644989,NaN,NaN,NaN,NaN,NaN,0.169451211837141,0.02,0.833333333333333,1.77042109494224,NaN,NaN
28/04/26,0,1.00000714285714,1,0.0137761301148068,0.0275522602296136,0.0305806028880359,0.00280854909583213,0.218507763515904,0.0100339712709684,1.92354447874842,Intermediate,Stokes-2nd,1.3729489294698,4.57641589742599,1.3729247692278,NaN,NaN,NaN,NaN,NaN,0.218507763515904,0.06,1,1.3729489294698,NaN,NaN
28/04/26,0,0.800005714285712,0.8,0.0073857829264019,0.0147715658528038,0.0477821920125564,0.00235272598634931,0.312324375650456,0.00768920013726091,0.504769981039018,Intermediate,Stokes-2nd,0.96053982138029,6.54130642720328,1.96239192816099,NaN,NaN,NaN,NaN,NaN,0.312324375650456,0.04,1.25,0.96053982138029,NaN,NaN
28/04/26,0,0.666671428571427,0.6,0.010884127689902,0.021768255379804,0.0688063564980812,0.00499264780001356,0.535025059937172,0.0194109368988455,0.253486082967382,Deep,Stokes-2nd,0.560721398798084,11.2055386519004,3.36166159557012,NaN,NaN,NaN,NaN,NaN,0.535025059937172,0.1,1.66666666666667,0.560721398798084,NaN,NaN
28/04/26,0,1.00000714285714,1,0.0168326853036388,0.0336653706072776,0.0305806028880359,0.00343169109873237,0.218507763515904,0.0122602413988838,2.35032760350625,Intermediate,Stokes-2nd,1.3729489294698,4.57641589742599,1.3729247692278,NaN,NaN,NaN,NaN,NaN,0.218507763515904,0.08,1,1.3729489294698,NaN,NaN
28/04/26,0,1.00000714285714,1,0.0183218088762631,0.0366436177525262,0.0305806028880359,0.00373527974290329,0.218507763515904,0.0133448582703936,2.55825213691472,Intermediate,Stokes-2nd,1.3729489294698,4.57641589742599,1.3729247692278,NaN,NaN,NaN,NaN,NaN,0.218507763515904,0.08,1,1.3729489294698,NaN,NaN
28/04/26,0,1.00000714285714,1,0.0197807410861834,0.0395614821723668,0.0305806028880359,0.00403271325325087,0.218507763515904,0.0144074849847636,2.76196108666136,Intermediate,Stokes-2nd,1.3729489294698,4.57641589742599,1.3729247692278,NaN,NaN,NaN,NaN,NaN,0.218507763515904,0.1,1,1.3729489294698,NaN,NaN
28/04/26,0,1.00000714285714,1,0.0225552261881915,0.045110452376383,0.0305806028880359,0.00459834943407275,0.218507763515904,0.0164283067665902,3.14935910445457,Intermediate,Stokes-2nd,1.3729489294698,4.57641589742599,1.3729247692278,NaN,NaN,NaN,NaN,NaN,0.218507763515904,0.1,1,1.3729489294698,NaN,NaN
28/04/26,0,1.00000714285714,1,0.0253233756766568,0.0506467513533136,0.0305806028880359,0.00516269396901593,0.218507763515904,0.018444513945931,3.53587248814892,Intermediate,Stokes-2nd,1.3729489294698,4.57641589742599,1.3729247692278,NaN,NaN,NaN,NaN,NaN,0.218507763515904,0.1,1,1.3729489294698,NaN,NaN
28/04/26,0,1.00000714285714,1,0.00148231299699813,0.00296462599399626,0.0305806028880359,0.000302200167446494,0.218507763515904,0.00107965632601539,0.20697358092518,Intermediate,Linear,1.3729489294698,4.57641589742599,1.3729247692278,NaN,NaN,NaN,NaN,NaN,0.218507763515904,0.02,1,1.3729489294698,NaN,NaN
28/04/26,0,1.00000714285714,1,0.00308526479154713,0.00617052958309426,0.0305806028880359,0.000628995049298277,0.218507763515904,0.00224718103151775,0.430791812054586,Intermediate,Linear,1.3729489294698,4.57641589742599,1.3729247692278,NaN,NaN,NaN,NaN,NaN,0.218507763515904,0.02,1,1.3729489294698,NaN,NaN
28/04/26,0,1.00000714285714,1,0.00477835383737021,0.00955670767474042,0.0305806028880359,0.000974166274394272,0.218507763515904,0.00348035803430467,0.667195799167195,Intermediate,Stokes-2nd,1.3729489294698,4.57641589742599,1.3729247692278,NaN,NaN,NaN,NaN,NaN,0.218507763515904,0.02,1,1.3729489294698,NaN,NaN
28/04/26,0,1.00000714285714,1,0.00563538590633861,0.0112707718126772,0.0305806028880359,0.0011488899901505,0.218507763515904,0.00410458523647698,0.786862156165568,Intermediate,Stokes-2nd,1.3729489294698,4.57641589742599,1.3729247692278,NaN,NaN,NaN,NaN,NaN,0.218507763515904,0.02,1,1.3729489294698,NaN,NaN
28/04/26,0,1.33334285714286,1.2,0.0120372495721234,0.0240744991442468,0.0172015891245202,0.00138039880885982,0.169451211837141,0.00679908842394138,2.79477370067815,Intermediate,Stokes-2nd,1.77042109494224,3.54897788166299,1.0646933644989,NaN,NaN,NaN,NaN,NaN,0.169451211837141,0.04,0.833333333333333,1.77042109494224,NaN,NaN
28/04/26,0,1.00000714285714,1,0.00650204772404182,0.0130040954480836,0.0305806028880359,0.00132557692938654,0.218507763515904,0.00473582635484683,0.907873103397642,Intermediate,Stokes-2nd,1.3729489294698,4.57641589742599,1.3729247692278,NaN,NaN,NaN,NaN,NaN,0.218507763515904,0.02,1,1.3729489294698,NaN,NaN
28/04/26,0,0.800005714285712,0.8,0.00911120594262962,0.0182224118852592,0.0477821920125564,0.00290235594544449,0.312324375650456,0.00948550569151508,0.622691364846847,Intermediate,Stokes-2nd,0.96053982138029,6.54130642720328,1.96239192816099,NaN,NaN,NaN,NaN,NaN,0.312324375650456,0.06,1.25,0.96053982138029,NaN,NaN
28/04/26,0,0.666671428571427,0.6,0.00965227498009603,0.0193045499601921,0.0688063564980812,0.00442758582198664,0.535025059937172,0.0172140299991865,0.224796827650102,Deep,Stokes-2nd,0.560721398798084,11.2055386519004,3.36166159557012,NaN,NaN,NaN,NaN,NaN,0.535025059937172,0.1,1.66666666666667,0.560721398798084,NaN,NaN
28/04/26,0,1.00000714285714,1,0.00819569222280254,0.0163913844456051,0.0305806028880359,0.00167086139505392,0.218507763515904,0.00596940792689756,1.14435464773587,Intermediate,Stokes-2nd,1.3729489294698,4.57641589742599,1.3729247692278,NaN,NaN,NaN,NaN,NaN,0.218507763515904,0.04,1,1.3729489294698,NaN,NaN
28/04/26,0,1.00000714285714,1,0.00903224520463127,0.0180644904092625,0.0305806028880359,0.00184141002526797,0.218507763515904,0.00657871899730408,1.26116153442806,Intermediate,Stokes-2nd,1.3729489294698,4.57641589742599,1.3729247692278,NaN,NaN,NaN,NaN,NaN,0.218507763515904,0.04,1,1.3729489294698,NaN,NaN
28/04/26,0,1.00000714285714,1,0.00985826944362334,0.0197165388872467,0.0305806028880359,0.00200981215345803,0.218507763515904,0.00718036136087769,1.37649830542137,Intermediate,Stokes-2nd,1.3729489294698,4.57641589742599,1.3729247692278,NaN,NaN,NaN,NaN,NaN,0.218507763515904,0.04,1,1.3729489294698,NaN,NaN
28/04/26,0,1.00000714285714,1,0.0114733014042084,0.0229466028084168,0.0305806028880359,0.00233906982704561,0.218507763515904,0.00835668476659151,1.60200327560503,Intermediate,Stokes-2nd,1.3729489294698,4.57641589742599,1.3729247692278,NaN,NaN,NaN,NaN,NaN,0.218507763515904,0.06,1,1.3729489294698,NaN,NaN
28/04/26,0,1.00000714285714,1,0.0129928062584274,0.0259856125168548,0.0305806028880359,0.00264885232393437,0.218507763515904,0.00946343012441469,1.81416991082161,Intermediate,Stokes-2nd,1.3729489294698,4.57641589742599,1.3729247692278,NaN,NaN,NaN,NaN,NaN,0.218507763515904,0.06,1,1.3729489294698,NaN,NaN
28/04/26,0,1.00000714285714,1,0.00133765565724015,0.0026753113144803,0.0305806028880359,0.000272708776366638,0.218507763515904,0.000974293820059804,0.186775250560775,Intermediate,Linear,1.3729489294698,4.57641589742599,1.3729247692278,NaN,NaN,NaN,NaN,NaN,0.218507763515904,0.02,1,1.3729489294698,NaN,NaN
28/04/26,0,1.00000714285714,1,0.00286977034491319,0.00573954068982638,0.0305806028880359,0.000585062048651014,0.218507763515904,0.00209022366623748,0.400702581656121,Intermediate,Linear,1.3729489294698,4.57641589742599,1.3729247692278,NaN,NaN,NaN,NaN,NaN,0.218507763515904,0.02,1,1.3729489294698,NaN,NaN
28/04/26,0,1.00000714285714,1,0.00447189172889514,0.00894378345779028,0.0305806028880359,0.000911687634130897,0.218507763515904,0.00325714353455381,0.624404863556822,Intermediate,Stokes-2nd,1.3729489294698,4.57641589742599,1.3729247692278,NaN,NaN,NaN,NaN,NaN,0.218507763515904,0.02,1,1.3729489294698,NaN,NaN
28/04/26,0,1.00000714285714,1,0.00529185654256481,0.0105837130851296,0.0305806028880359,0.00107885442312419,0.218507763515904,0.00385437245987613,0.738895564280317,Intermediate,Stokes-2nd,1.3729489294698,4.57641589742599,1.3729247692278,NaN,NaN,NaN,NaN,NaN,0.218507763515904,0.02,1,1.3729489294698,NaN,NaN
28/04/26,0,1.33334285714286,1.2,0.0115523226344342,0.0231046452688684,0.0172015891245202,0.00132478871594288,0.169451211837141,0.00652518356646168,2.68218477045087,Intermediate,Stokes-2nd,1.77042109494224,3.54897788166299,1.0646933644989,NaN,NaN,NaN,NaN,NaN,0.169451211837141,0.04,0.833333333333333,1.77042109494224,NaN,NaN
28/04/26,0,1.00000714285714,1,0.00611297461119011,0.0122259492223802,0.0305806028880359,0.00124625632699634,0.218507763515904,0.00445244136906884,0.853547292606194,Intermediate,Stokes-2nd,1.3729489294698,4.57641589742599,1.3729247692278,NaN,NaN,NaN,NaN,NaN,0.218507763515904,0.02,1,1.3729489294698,NaN,NaN
28/04/26,0,0.800005714285712,0.8,0.00429703667067443,0.00859407334134886,0.0477821920125564,0.00136881220855441,0.312324375650456,0.00447356431771836,0.293674366061685,Intermediate,Stokes-2nd,0.96053982138029,6.54130642720328,1.96239192816099,NaN,NaN,NaN,NaN,NaN,0.312324375650456,0.02,1.25,0.96053982138029,NaN,NaN
28/04/26,0,0.666671428571427,0.6,0.00895340477194306,0.0179068095438861,0.0688063564980812,0.00410700773739957,0.535025059937172,0.015967653082502,0.208520477664641,Deep,Stokes-2nd,0.560721398798084,11.2055386519004,3.36166159557012,NaN,NaN,NaN,NaN,NaN,0.535025059937172,0.1,1.66666666666667,0.560721398798084,NaN,NaN
28/04/26,0,1.00000714285714,1,0.00773138391474456,0.0154627678294891,0.0305806028880359,0.00157620254181168,0.218507763515904,0.00563122469364555,1.07952383712658,Intermediate,Stokes-2nd,1.3729489294698,4.57641589742599,1.3729247692278,NaN,NaN,NaN,NaN,NaN,0.218507763515904,0.04,1,1.3729489294698,NaN,NaN
28/04/26,0,1.00000714285714,1,0.00852343422207974,0.0170468684441595,0.0305806028880359,0.00173767838125144,0.218507763515904,0.00620812183113853,1.19011686890464,Intermediate,Stokes-2nd,1.3729489294698,4.57641589742599,1.3729247692278,NaN,NaN,NaN,NaN,NaN,0.218507763515904,0.04,1,1.3729489294698,NaN,NaN
28/04/26,0,1.00000714285714,1,0.00932549998675047,0.0186509999735009,0.0305806028880359,0.001901196078848,0.218507763515904,0.00679231381924144,1.30210834694442,Intermediate,Stokes-2nd,1.3729489294698,4.57641589742599,1.3729247692278,NaN,NaN,NaN,NaN,NaN,0.218507763515904,0.04,1,1.3729489294698,NaN,NaN
28/04/26,0,1.00000714285714,1,0.0108434989190043,0.0216869978380086,0.0305806028880359,0.00221067156239278,0.218507763515904,0.00789796232492916,1.51406471208825,Intermediate,Stokes-2nd,1.3729489294698,4.57641589742599,1.3729247692278,NaN,NaN,NaN,NaN,NaN,0.218507763515904,0.04,1,1.3729489294698,NaN,NaN
28/04/26,0,1.00000714285714,1,0.012279982436423,0.024559964872846,0.0305806028880359,0.00250352844240205,0.218507763515904,0.00894423832732455,1.71463917790096,Intermediate,Stokes-2nd,1.3729489294698,4.57641589742599,1.3729247692278,NaN,NaN,NaN,NaN,NaN,0.218507763515904,0.06,1,1.3729489294698,NaN,NaN
28/04/26,0,1.00000714285714,1,0.0039607975403689,0.0079215950807378,0.0305806028880359,0.000807490511346204,0.218507763515904,0.00288488337428433,0.553041396729271,Intermediate,Linear,1.3729489294698,4.57641589742599,1.3729247692278,NaN,NaN,NaN,NaN,NaN,0.218507763515904,0.02,1,1.3729489294698,NaN,NaN
28/04/26,0,1.00000714285714,1,0.0073622890933423,0.0147245781866846,0.0305806028880359,0.00150095492740279,0.218507763515904,0.00536239108047918,1.02798757114141,Intermediate,Stokes-2nd,1.3729489294698,4.57641589742599,1.3729247692278,NaN,NaN,NaN,NaN,NaN,0.218507763515904,0.04,1,1.3729489294698,NaN,NaN
28/04/26,0,1.00000714285714,1,0.0106787056642828,0.0213574113285656,0.0305806028880359,0.00217707504851768,0.218507763515904,0.00777793363982349,1.49105482813587,Intermediate,Stokes-2nd,1.3729489294698,4.57641589742599,1.3729247692278,NaN,NaN,NaN,NaN,NaN,0.218507763515904,0.04,1,1.3729489294698,NaN,NaN
28/04/26,0,1.00000714285714,1,0.0123047714411783,0.0246095428823566,0.0305806028880359,0.00250858219380479,0.218507763515904,0.00896229362728744,1.71810043682007,Intermediate,Stokes-2nd,1.3729489294698,4.57641589742599,1.3729247692278,NaN,NaN,NaN,NaN,NaN,0.218507763515904,0.06,1,1.3729489294698,NaN,NaN
28/04/26,0,1.33334285714286,1.2,0.00963948031971598,0.019278960639432,0.0172015891245202,0.00110542919889102,0.169451211837141,0.0054447387388538,2.23806658857822,Intermediate,Stokes-2nd,1.77042109494224,3.54897788166299,1.0646933644989,NaN,NaN,NaN,NaN,NaN,0.169451211837141,0.04,0.833333333333333,1.77042109494224,NaN,NaN
28/04/26,0,1.00000714285714,1,0.0139526140674445,0.027905228134889,0.0305806028880359,0.00284452900031029,0.218507763515904,0.0101625149835928,1.9481867207899,Intermediate,Stokes-2nd,1.3729489294698,4.57641589742599,1.3729247692278,NaN,NaN,NaN,NaN,NaN,0.218507763515904,0.06,1,1.3729489294698,NaN,NaN
28/04/26,0,0.800005714285712,0.8,0.00862634858021045,0.0172526971604209,0.0477821920125564,0.00274790562817906,0.312324375650456,0.00898072978152477,0.58955453371144,Intermediate,Stokes-2nd,0.96053982138029,6.54130642720328,1.96239192816099,NaN,NaN,NaN,NaN,NaN,0.312324375650456,0.06,1.25,0.96053982138029,NaN,NaN
28/04/26,0,0.666671428571427,0.6,0.0118472541208275,0.023694508241655,0.0688063564980812,0.00543444260374012,0.535025059937172,0.0211285928202888,0.27591683289364,Deep,Stokes-2nd,0.560721398798084,11.2055386519004,3.36166159557012,NaN,NaN,NaN,NaN,NaN,0.535025059937172,0.1,1.66666666666667,0.560721398798084,NaN,NaN
28/04/26,0,1.00000714285714,1,0.0169823484172582,0.0339646968345164,0.0305806028880359,0.00346220302036292,0.218507763515904,0.0123692499063431,2.37122488405425,Intermediate,Stokes-2nd,1.3729489294698,4.57641589742599,1.3729247692278,NaN,NaN,NaN,NaN,NaN,0.218507763515904,0.08,1,1.3729489294698,NaN,NaN
28/04/26,0,1.00000714285714,1,0.018462811097265,0.03692562219453,0.0305806028880359,0.00376402596241522,0.218507763515904,0.0134475585369333,2.57794010744339,Intermediate,Stokes-2nd,1.3729489294698,4.57641589742599,1.3729247692278,NaN,NaN,NaN,NaN,NaN,0.218507763515904,0.08,1,1.3729489294698,NaN,NaN
28/04/26,0,1.00000714285714,1,0.0199097931159243,0.0398195862318486,0.0305806028880359,0.00405902317907355,0.218507763515904,0.0145014812194165,2.7799804663573,Intermediate,Stokes-2nd,1.3729489294698,4.57641589742599,1.3729247692278,NaN,NaN,NaN,NaN,NaN,0.218507763515904,0.1,1,1.3729489294698,NaN,NaN
28/04/26,0,1.00000714285714,1,0.0226133915221207,0.0452267830442414,0.0305806028880359,0.00461020764059767,0.218507763515904,0.0164706720233603,3.15748066007299,Intermediate,Stokes-2nd,1.3729489294698,4.57641589742599,1.3729247692278,NaN,NaN,NaN,NaN,NaN,0.218507763515904,0.1,1,1.3729489294698,NaN,NaN
28/04/26,0,1.00000714285714,1,0.0252636139720464,0.0505272279440928,0.0305806028880359,0.00515051030930524,0.218507763515904,0.01840098595787,3.52752803321231,Intermediate,Stokes-2nd,1.3729489294698,4.57641589742599,1.3729247692278,NaN,NaN,NaN,NaN,NaN,0.218507763515904,0.1,1,1.3729489294698,NaN,NaN
28/04/26,0,1.00000714285714,1,0.00416856930235191,0.00833713860470382,0.0305806028880359,0.000849849082976537,0.218507763515904,0.00303621585105989,0.582052317958353,Intermediate,Linear,1.3729489294698,4.57641589742599,1.3729247692278,NaN,NaN,NaN,NaN,NaN,0.218507763515904,0.02,1,1.3729489294698,NaN,NaN
28/04/26,0,1.00000714285714,1,0.00745829784578842,0.0149165956915768,0.0305806028880359,0.00152052829761833,0.218507763515904,0.00543231993972903,1.04139315777134,Intermediate,Stokes-2nd,1.3729489294698,4.57641589742599,1.3729247692278,NaN,NaN,NaN,NaN,NaN,0.218507763515904,0.04,1,1.3729489294698,NaN,NaN
28/04/26,0,1.00000714285714,1,0.0106055842027343,0.0212111684054686,0.0305806028880359,0.0021621677259963,0.218507763515904,0.00772467494973023,1.48084496640638,Intermediate,Stokes-2nd,1.3729489294698,4.57641589742599,1.3729247692278,NaN,NaN,NaN,NaN,NaN,0.218507763515904,0.04,1,1.3729489294698,NaN,NaN
28/04/26,0,1.00000714285714,1,0.0121496040721798,0.0242992081443596,0.0305806028880359,0.00247694811585463,0.218507763515904,0.00884927604471908,1.69643460371371,Intermediate,Stokes-2nd,1.3729489294698,4.57641589742599,1.3729247692278,NaN,NaN,NaN,NaN,NaN,0.218507763515904,0.06,1,1.3729489294698,NaN,NaN
28/04/26,0,1.33334285714286,1.4,0.00827452821319327,0.0165490564263865,0.0172015891245202,0.000948900230150673,0.139267164781132,0.00384123361384303,2.84416320411435,Intermediate,Stokes-2nd,2.15413303251683,2.91680467841788,0.875041403525364,NaN,NaN,NaN,NaN,NaN,0.139267164781132,0.02,0.714285714285714,2.15413303251683,NaN,NaN
28/04/26,0,1.00000714285714,1,0.0137044654001974,0.0274089308003948,0.0305806028880359,0.00279393876130843,0.218507763515904,0.00998177361592739,1.91353802084194,Intermediate,Stokes-2nd,1.3729489294698,4.57641589742599,1.3729247692278,NaN,NaN,NaN,NaN,NaN,0.218507763515904,0.06,1,1.3729489294698,NaN,NaN
28/04/26,0,0.800005714285712,0.8,0.0107344082418589,0.0214688164837178,0.0477821920125564,0.00341942370502446,0.312324375650456,0.011175391173719,0.733626630880127,Intermediate,Stokes-2nd,0.96053982138029,6.54130642720328,1.96239192816099,NaN,NaN,NaN,NaN,NaN,0.312324375650456,0.08,1.25,0.96053982138029,NaN,NaN
28/04/26,0,0.666671428571427,0.6,0.00590190605578882,0.0118038121115776,0.0688063564980812,0.0027072576806186,0.535025059937172,0.0105255588041399,0.137452544728171,Deep,Stokes-2nd,0.560721398798084,11.2055386519004,3.36166159557012,NaN,NaN,NaN,NaN,NaN,0.535025059937172,0.06,1.66666666666667,0.560721398798084,NaN,NaN
28/04/26,0,1.00000714285714,1,0.0165770144706339,0.0331540289412678,0.0305806028880359,0.00337956731063787,0.218507763515904,0.0120740211924966,2.31462859260078,Intermediate,Stokes-2nd,1.3729489294698,4.57641589742599,1.3729247692278,NaN,NaN,NaN,NaN,NaN,0.218507763515904,0.08,1,1.3729489294698,NaN,NaN
28/04/26,0,1.00000714285714,1,0.0180037664717121,0.0360075329434242,0.0305806028880359,0.00367044021973575,0.218507763515904,0.0131132091553214,2.51384425849141,Intermediate,Stokes-2nd,1.3729489294698,4.57641589742599,1.3729247692278,NaN,NaN,NaN,NaN,NaN,0.218507763515904,0.08,1,1.3729489294698,NaN,NaN
28/04/26,0,1.00000714285714,1,0.0193729817597935,0.038745963519587,0.0305806028880359,0.00394958307968938,0.218507763515904,0.0141104897232229,2.70502614234834,Intermediate,Stokes-2nd,1.3729489294698,4.57641589742599,1.3729247692278,NaN,NaN,NaN,NaN,NaN,0.218507763515904,0.08,1,1.3729489294698,NaN,NaN
28/04/26,0,1.00000714285714,1,0.0219800458874783,0.0439600917749566,0.0305806028880359,0.00448108703163854,0.218507763515904,0.0160093688961661,3.06904737086165,Intermediate,Stokes-2nd,1.3729489294698,4.57641589742599,1.3729247692278,NaN,NaN,NaN,NaN,NaN,0.218507763515904,0.1,1,1.3729489294698,NaN,NaN
28/04/26,0,1.00000714285714,1,0.0245626526328345,0.049125305265669,0.0305806028880359,0.00500760484027654,0.218507763515904,0.0178904343093956,3.42965364449643,Intermediate,Stokes-2nd,1.3729489294698,4.57641589742599,1.3729247692278,NaN,NaN,NaN,NaN,NaN,0.218507763515904,0.1,1,1.3729489294698,NaN,NaN
28/04/26,0,1.00000714285714,1,0.00148231299699813,0.00296462599399626,0.0305806028880359,0.000302200167446494,0.218507763515904,0.00107965632601539,0.20697358092518,Intermediate,Linear,1.3729489294698,4.57641589742599,1.3729247692278,NaN,NaN,NaN,NaN,NaN,0.218507763515904,0.02,1,1.3729489294698,NaN,NaN
28/04/26,0,1.00000714285714,1,0.00308526479154713,0.00617052958309426,0.0305806028880359,0.000628995049298277,0.218507763515904,0.00224718103151775,0.430791812054586,Intermediate,Linear,1.3729489294698,4.57641589742599,1.3729247692278,NaN,NaN,NaN,NaN,NaN,0.218507763515904,0.02,1,1.3729489294698,NaN,NaN
28/04/26,0,1.00000714285714,1,0.00477835383737021,0.00955670767474042,0.0305806028880359,0.000974166274394272,0.218507763515904,0.00348035803430467,0.667195799167195,Intermediate,Stokes-2nd,1.3729489294698,4.57641589742599,1.3729247692278,NaN,NaN,NaN,NaN,NaN,0.218507763515904,0.02,1,1.3729489294698,NaN,NaN
28/04/26,0,1.00000714285714,1,0.00563538590633861,0.0112707718126772,0.0305806028880359,0.0011488899901505,0.218507763515904,0.00410458523647698,0.786862156165568,Intermediate,Stokes-2nd,1.3729489294698,4.57641589742599,1.3729247692278,NaN,NaN,NaN,NaN,NaN,0.218507763515904,0.02,1,1.3729489294698,NaN,NaN
28/04/26,0,1.33334285714286,1.2,0.0120372495721234,0.0240744991442468,0.0172015891245202,0.00138039880885982,0.169451211837141,0.00679908842394138,2.79477370067815,Intermediate,Stokes-2nd,1.77042109494224,3.54897788166299,1.0646933644989,NaN,NaN,NaN,NaN,NaN,0.169451211837141,0.04,0.833333333333333,1.77042109494224,NaN,NaN
28/04/26,0,1.00000714285714,1,0.00650204772404182,0.0130040954480836,0.0305806028880359,0.00132557692938654,0.218507763515904,0.00473582635484683,0.907873103397642,Intermediate,Stokes-2nd,1.3729489294698,4.57641589742599,1.3729247692278,NaN,NaN,NaN,NaN,NaN,0.218507763515904,0.02,1,1.3729489294698,NaN,NaN
28/04/26,0,0.800005714285712,0.8,0.00911120594262962,0.0182224118852592,0.0477821920125564,0.00290235594544449,0.312324375650456,0.00948550569151508,0.622691364846847,Intermediate,Stokes-2nd,0.96053982138029,6.54130642720328,1.96239192816099,NaN,NaN,NaN,NaN,NaN,0.312324375650456,0.06,1.25,0.96053982138029,NaN,NaN
28/04/26,0,0.666671428571427,0.6,0.00965227498009603,0.0193045499601921,0.0688063564980812,0.00442758582198664,0.535025059937172,0.0172140299991865,0.224796827650102,Deep,Stokes-2nd,0.560721398798084,11.2055386519004,3.36166159557012,NaN,NaN,NaN,NaN,NaN,0.535025059937172,0.1,1.66666666666667,0.560721398798084,NaN,NaN
28/04/26,0,1.00000714285714,1,0.00819569222280254,0.0163913844456051,0.0305806028880359,0.00167086139505392,0.218507763515904,0.00596940792689756,1.14435464773587,Intermediate,Stokes-2nd,1.3729489294698,4.57641589742599,1.3729247692278,NaN,NaN,NaN,NaN,NaN,0.218507763515904,0.04,1,1.3729489294698,NaN,NaN
28/04/26,0,1.00000714285714,1,0.00903224520463127,0.0180644904092625,0.0305806028880359,0.00184141002526797,0.218507763515904,0.00657871899730408,1.26116153442806,Intermediate,Stokes-2nd,1.3729489294698,4.57641589742599,1.3729247692278,NaN,NaN,NaN,NaN,NaN,0.218507763515904,0.04,1,1.3729489294698,NaN,NaN
28/04/26,0,1.00000714285714,1,0.00985826944362334,0.0197165388872467,0.0305806028880359,0.00200981215345803,0.218507763515904,0.00718036136087769,1.37649830542137,Intermediate,Stokes-2nd,1.3729489294698,4.57641589742599,1.3729247692278,NaN,NaN,NaN,NaN,NaN,0.218507763515904,0.04,1,1.3729489294698,NaN,NaN
28/04/26,0,1.00000714285714,1,0.0114733014042084,0.0229466028084168,0.0305806028880359,0.00233906982704561,0.218507763515904,0.00835668476659151,1.60200327560503,Intermediate,Stokes-2nd,1.3729489294698,4.57641589742599,1.3729247692278,NaN,NaN,NaN,NaN,NaN,0.218507763515904,0.06,1,1.3729489294698,NaN,NaN
28/04/26,0,1.00000714285714,1,0.0129928062584274,0.0259856125168548,0.0305806028880359,0.00264885232393437,0.218507763515904,0.00946343012441469,1.81416991082161,Intermediate,Stokes-2nd,1.3729489294698,4.57641589742599,1.3729247692278,NaN,NaN,NaN,NaN,NaN,0.218507763515904,0.06,1,1.3729489294698,NaN,NaN
28/04/26,0,1.00000714285714,1,0.00133765565724015,0.0026753113144803,0.0305806028880359,0.000272708776366638,0.218507763515904,0.000974293820059804,0.186775250560775,Intermediate,Linear,1.3729489294698,4.57641589742599,1.3729247692278,NaN,NaN,NaN,NaN,NaN,0.218507763515904,0.02,1,1.3729489294698,NaN,NaN
28/04/26,0,1.00000714285714,1,0.00286977034491319,0.00573954068982638,0.0305806028880359,0.000585062048651014,0.218507763515904,0.00209022366623748,0.400702581656121,Intermediate,Linear,1.3729489294698,4.57641589742599,1.3729247692278,NaN,NaN,NaN,NaN,NaN,0.218507763515904,0.02,1,1.3729489294698,NaN,NaN
28/04/26,0,1.00000714285714,1,0.00447189172889514,0.00894378345779028,0.0305806028880359,0.000911687634130897,0.218507763515904,0.00325714353455381,0.624404863556822,Intermediate,Stokes-2nd,1.3729489294698,4.57641589742599,1.3729247692278,NaN,NaN,NaN,NaN,NaN,0.218507763515904,0.02,1,1.3729489294698,NaN,NaN
28/04/26,0,1.00000714285714,1,0.00529185654256481,0.0105837130851296,0.0305806028880359,0.00107885442312419,0.218507763515904,0.00385437245987613,0.738895564280317,Intermediate,Stokes-2nd,1.3729489294698,4.57641589742599,1.3729247692278,NaN,NaN,NaN,NaN,NaN,0.218507763515904,0.02,1,1.3729489294698,NaN,NaN
28/04/26,0,1.33334285714286,1.2,0.0115523226344342,0.0231046452688684,0.0172015891245202,0.00132478871594288,0.169451211837141,0.00652518356646168,2.68218477045087,Intermediate,Stokes-2nd,1.77042109494224,3.54897788166299,1.0646933644989,NaN,NaN,NaN,NaN,NaN,0.169451211837141,0.04,0.833333333333333,1.77042109494224,NaN,NaN
28/04/26,0,1.00000714285714,1,0.00611297461119011,0.0122259492223802,0.0305806028880359,0.00124625632699634,0.218507763515904,0.00445244136906884,0.853547292606194,Intermediate,Stokes-2nd,1.3729489294698,4.57641589742599,1.3729247692278,NaN,NaN,NaN,NaN,NaN,0.218507763515904,0.02,1,1.3729489294698,NaN,NaN
28/04/26,0,0.800005714285712,0.8,0.00429703667067443,0.00859407334134886,0.0477821920125564,0.00136881220855441,0.312324375650456,0.00447356431771836,0.293674366061685,Intermediate,Stokes-2nd,0.96053982138029,6.54130642720328,1.96239192816099,NaN,NaN,NaN,NaN,NaN,0.312324375650456,0.02,1.25,0.96053982138029,NaN,NaN
28/04/26,0,0.666671428571427,0.6,0.00895340477194306,0.0179068095438861,0.0688063564980812,0.00410700773739957,0.535025059937172,0.015967653082502,0.208520477664641,Deep,Stokes-2nd,0.560721398798084,11.2055386519004,3.36166159557012,NaN,NaN,NaN,NaN,NaN,0.535025059937172,0.1,1.66666666666667,0.560721398798084,NaN,NaN
28/04/26,0,1.00000714285714,1,0.00773138391474456,0.0154627678294891,0.0305806028880359,0.00157620254181168,0.218507763515904,0.00563122469364555,1.07952383712658,Intermediate,Stokes-2nd,1.3729489294698,4.57641589742599,1.3729247692278,NaN,NaN,NaN,NaN,NaN,0.218507763515904,0.04,1,1.3729489294698,NaN,NaN
28/04/26,0,1.00000714285714,1,0.00852343422207974,0.0170468684441595,0.0305806028880359,0.00173767838125144,0.218507763515904,0.00620812183113853,1.19011686890464,Intermediate,Stokes-2nd,1.3729489294698,4.57641589742599,1.3729247692278,NaN,NaN,NaN,NaN,NaN,0.218507763515904,0.04,1,1.3729489294698,NaN,NaN
28/04/26,0,1.00000714285714,1,0.00932549998675047,0.0186509999735009,0.0305806028880359,0.001901196078848,0.218507763515904,0.00679231381924144,1.30210834694442,Intermediate,Stokes-2nd,1.3729489294698,4.57641589742599,1.3729247692278,NaN,NaN,NaN,NaN,NaN,0.218507763515904,0.04,1,1.3729489294698,NaN,NaN
28/04/26,0,1.00000714285714,1,0.0108434989190043,0.0216869978380086,0.0305806028880359,0.00221067156239278,0.218507763515904,0.00789796232492916,1.51406471208825,Intermediate,Stokes-2nd,1.3729489294698,4.57641589742599,1.3729247692278,NaN,NaN,NaN,NaN,NaN,0.218507763515904,0.04,1,1.3729489294698,NaN,NaN
28/04/26,0,1.00000714285714,1,0.012279982436423,0.024559964872846,0.0305806028880359,0.00250352844240205,0.218507763515904,0.00894423832732455,1.71463917790096,Intermediate,Stokes-2nd,1.3729489294698,4.57641589742599,1.3729247692278,NaN,NaN,NaN,NaN,NaN,0.218507763515904,0.06,1,1.3729489294698,NaN,NaN
28/04/26,0,1.00000714285714,1,0.0039607975403689,0.0079215950807378,0.0305806028880359,0.000807490511346204,0.218507763515904,0.00288488337428433,0.553041396729271,Intermediate,Linear,1.3729489294698,4.57641589742599,1.3729247692278,NaN,NaN,NaN,NaN,NaN,0.218507763515904,0.02,1,1.3729489294698,NaN,NaN
28/04/26,0,1.00000714285714,1,0.0073622890933423,0.0147245781866846,0.0305806028880359,0.00150095492740279,0.218507763515904,0.00536239108047918,1.02798757114141,Intermediate,Stokes-2nd,1.3729489294698,4.57641589742599,1.3729247692278,NaN,NaN,NaN,NaN,NaN,0.218507763515904,0.04,1,1.3729489294698,NaN,NaN
28/04/26,0,1.00000714285714,1,0.0106787056642828,0.0213574113285656,0.0305806028880359,0.00217707504851768,0.218507763515904,0.00777793363982349,1.49105482813587,Intermediate,Stokes-2nd,1.3729489294698,4.57641589742599,1.3729247692278,NaN,NaN,NaN,NaN,NaN,0.218507763515904,0.04,1,1.3729489294698,NaN,NaN
28/04/26,0,1.00000714285714,1,0.0123047714411783,0.0246095428823566,0.0305806028880359,0.00250858219380479,0.218507763515904,0.00896229362728744,1.71810043682007,Intermediate,Stokes-2nd,1.3729489294698,4.57641589742599,1.3729247692278,NaN,NaN,NaN,NaN,NaN,0.218507763515904,0.06,1,1.3729489294698,NaN,NaN
28/04/26,0,1.33334285714286,1.2,0.00963948031971598,0.019278960639432,0.0172015891245202,0.00110542919889102,0.169451211837141,0.0054447387388538,2.23806658857822,Intermediate,Stokes-2nd,1.77042109494224,3.54897788166299,1.0646933644989,NaN,NaN,NaN,NaN,NaN,0.169451211837141,0.04,0.833333333333333,1.77042109494224,NaN,NaN
28/04/26,0,1.00000714285714,1,0.0139526140674445,0.027905228134889,0.0305806028880359,0.00284452900031029,0.218507763515904,0.0101625149835928,1.9481867207899,Intermediate,Stokes-2nd,1.3729489294698,4.57641589742599,1.3729247692278,NaN,NaN,NaN,NaN,NaN,0.218507763515904,0.06,1,1.3729489294698,NaN,NaN
28/04/26,0,0.800005714285712,0.8,0.00862634858021045,0.0172526971604209,0.0477821920125564,0.00274790562817906,0.312324375650456,0.00898072978152477,0.58955453371144,Intermediate,Stokes-2nd,0.96053982138029,6.54130642720328,1.96239192816099,NaN,NaN,NaN,NaN,NaN,0.312324375650456,0.06,1.25,0.96053982138029,NaN,NaN
28/04/26,0,0.666671428571427,0.6,0.0118472541208275,0.023694508241655,0.0688063564980812,0.00543444260374012,0.535025059937172,0.0211285928202888,0.27591683289364,Deep,Stokes-2nd,0.560721398798084,11.2055386519004,3.36166159557012,NaN,NaN,NaN,NaN,NaN,0.535025059937172,0.1,1.66666666666667,0.560721398798084,NaN,NaN
28/04/26,0,1.00000714285714,1,0.0169823484172582,0.0339646968345164,0.0305806028880359,0.00346220302036292,0.218507763515904,0.0123692499063431,2.37122488405425,Intermediate,Stokes-2nd,1.3729489294698,4.57641589742599,1.3729247692278,NaN,NaN,NaN,NaN,NaN,0.218507763515904,0.08,1,1.3729489294698,NaN,NaN
28/04/26,0,1.00000714285714,1,0.018462811097265,0.03692562219453,0.0305806028880359,0.00376402596241522,0.218507763515904,0.0134475585369333,2.57794010744339,Intermediate,Stokes-2nd,1.3729489294698,4.57641589742599,1.3729247692278,NaN,NaN,NaN,NaN,NaN,0.218507763515904,0.08,1,1.3729489294698,NaN,NaN
28/04/26,0,1.00000714285714,1,0.0199097931159243,0.0398195862318486,0.0305806028880359,0.00405902317907355,0.218507763515904,0.0145014812194165,2.7799804663573,Intermediate,Stokes-2nd,1.3729489294698,4.57641589742599,1.3729247692278,NaN,NaN,NaN,NaN,NaN,0.218507763515904,0.1,1,1.3729489294698,NaN,NaN
28/04/26,0,1.00000714285714,1,0.0226133915221207,0.0452267830442414,0.0305806028880359,0.00461020764059767,0.218507763515904,0.0164706720233603,3.15748066007299,Intermediate,Stokes-2nd,1.3729489294698,4.57641589742599,1.3729247692278,NaN,NaN,NaN,NaN,NaN,0.218507763515904,0.1,1,1.3729489294698,NaN,NaN
28/04/26,0,1.00000714285714,1,0.0252636139720464,0.0505272279440928,0.0305806028880359,0.00515051030930524,0.218507763515904,0.01840098595787,3.52752803321231,Intermediate,Stokes-2nd,1.3729489294698,4.57641589742599,1.3729247692278,NaN,NaN,NaN,NaN,NaN,0.218507763515904,0.1,1,1.3729489294698,NaN,NaN
28/04/26,0,1.00000714285714,1,0.00416856930235191,0.00833713860470382,0.0305806028880359,0.000849849082976537,0.218507763515904,0.00303621585105989,0.582052317958353,Intermediate,Linear,1.3729489294698,4.57641589742599,1.3729247692278,NaN,NaN,NaN,NaN,NaN,0.218507763515904,0.02,1,1.3729489294698,NaN,NaN
28/04/26,0,1.00000714285714,1,0.00745829784578842,0.0149165956915768,0.0305806028880359,0.00152052829761833,0.218507763515904,0.00543231993972903,1.04139315777134,Intermediate,Stokes-2nd,1.3729489294698,4.57641589742599,1.3729247692278,NaN,NaN,NaN,NaN,NaN,0.218507763515904,0.04,1,1.3729489294698,NaN,NaN
28/04/26,0,1.00000714285714,1,0.0106055842027343,0.0212111684054686,0.0305806028880359,0.0021621677259963,0.218507763515904,0.00772467494973023,1.48084496640638,Intermediate,Stokes-2nd,1.3729489294698,4.57641589742599,1.3729247692278,NaN,NaN,NaN,NaN,NaN,0.218507763515904,0.04,1,1.3729489294698,NaN,NaN
28/04/26,0,1.00000714285714,1,0.0121496040721798,0.0242992081443596,0.0305806028880359,0.00247694811585463,0.218507763515904,0.00884927604471908,1.69643460371371,Intermediate,Stokes-2nd,1.3729489294698,4.57641589742599,1.3729247692278,NaN,NaN,NaN,NaN,NaN,0.218507763515904,0.06,1,1.3729489294698,NaN,NaN
28/04/26,0,1.33334285714286,1.4,0.00827452821319327,0.0165490564263865,0.0172015891245202,0.000948900230150673,0.139267164781132,0.00384123361384303,2.84416320411435,Intermediate,Stokes-2nd,2.15413303251683,2.91680467841788,0.875041403525364,NaN,NaN,NaN,NaN,NaN,0.139267164781132,0.02,0.714285714285714,2.15413303251683,NaN,NaN
28/04/26,0,1.00000714285714,1,0.0137044654001974,0.0274089308003948,0.0305806028880359,0.00279393876130843,0.218507763515904,0.00998177361592739,1.91353802084194,Intermediate,Stokes-2nd,1.3729489294698,4.57641589742599,1.3729247692278,NaN,NaN,NaN,NaN,NaN,0.218507763515904,0.06,1,1.3729489294698,NaN,NaN
28/04/26,0,0.800005714285712,0.8,0.0107344082418589,0.0214688164837178,0.0477821920125564,0.00341942370502446,0.312324375650456,0.011175391173719,0.733626630880127,Intermediate,Stokes-2nd,0.96053982138029,6.54130642720328,1.96239192816099,NaN,NaN,NaN,NaN,NaN,0.312324375650456,0.08,1.25,0.96053982138029,NaN,NaN
28/04/26,0,0.666671428571427,0.6,0.00590190605578882,0.0118038121115776,0.0688063564980812,0.0027072576806186,0.535025059937172,0.0105255588041399,0.137452544728171,Deep,Stokes-2nd,0.560721398798084,11.2055386519004,3.36166159557012,NaN,NaN,NaN,NaN,NaN,0.535025059937172,0.06,1.66666666666667,0.560721398798084,NaN,NaN
28/04/26,0,1.00000714285714,1,0.0165770144706339,0.0331540289412678,0.0305806028880359,0.00337956731063787,0.218507763515904,0.0120740211924966,2.31462859260078,Intermediate,Stokes-2nd,1.3729489294698,4.57641589742599,1.3729247692278,NaN,NaN,NaN,NaN,NaN,0.218507763515904,0.08,1,1.3729489294698,NaN,NaN
28/04/26,0,1.00000714285714,1,0.0180037664717121,0.0360075329434242,0.0305806028880359,0.00367044021973575,0.218507763515904,0.0131132091553214,2.51384425849141,Intermediate,Stokes-2nd,1.3729489294698,4.57641589742599,1.3729247692278,NaN,NaN,NaN,NaN,NaN,0.218507763515904,0.08,1,1.3729489294698,NaN,NaN
28/04/26,0,1.00000714285714,1,0.0193729817597935,0.038745963519587,0.0305806028880359,0.00394958307968938,0.218507763515904,0.0141104897232229,2.70502614234834,Intermediate,Stokes-2nd,1.3729489294698,4.57641589742599,1.3729247692278,NaN,NaN,NaN,NaN,NaN,0.218507763515904,0.08,1,1.3729489294698,NaN,NaN
28/04/26,0,1.00000714285714,1,0.0219800458874783,0.0439600917749566,0.0305806028880359,0.00448108703163854,0.218507763515904,0.0160093688961661,3.06904737086165,Intermediate,Stokes-2nd,1.3729489294698,4.57641589742599,1.3729247692278,NaN,NaN,NaN,NaN,NaN,0.218507763515904,0.1,1,1.3729489294698,NaN,NaN
28/04/26,0,1.00000714285714,1,0.0245626526328345,0.049125305265669,0.0305806028880359,0.00500760484027654,0.218507763515904,0.0178904343093956,3.42965364449643,Intermediate,Stokes-2nd,1.3729489294698,4.57641589742599,1.3729247692278,NaN,NaN,NaN,NaN,NaN,0.218507763515904,0.1,1,1.3729489294698,NaN,NaN
28/04/26,0,1.00000714285714,1,0.00152063055644364,0.00304126111288728,0.0305806028880359,0.00031001199457344,0.218507763515904,0.00110756527340815,0.212323815664275,Intermediate,Linear,1.3729489294698,4.57641589742599,1.3729247692278,NaN,NaN,NaN,NaN,NaN,0.218507763515904,0.02,1,1.3729489294698,NaN,NaN
28/04/26,0,1.00000714285714,1,0.00321724443006232,0.00643448886012464,0.0305806028880359,0.000655901828729875,0.218507763515904,0.00234330961698972,0.449219970242512,Intermediate,Linear,1.3729489294698,4.57641589742599,1.3729247692278,NaN,NaN,NaN,NaN,NaN,0.218507763515904,0.02,1,1.3729489294698,NaN,NaN
28/04/26,0,1.00000714285714,1,0.00502047912946266,0.0100409582589253,0.0305806028880359,0.0010235285237718,0.218507763515904,0.00365671222119052,0.701003462486896,Intermediate,Stokes-2nd,1.3729489294698,4.57641589742599,1.3729247692278,NaN,NaN,NaN,NaN,NaN,0.218507763515904,0.02,1,1.3729489294698,NaN,NaN
28/04/26,0,1.00000714285714,1,0.00593629358519993,0.0118725871703999,0.0305806028880359,0.00121023624503863,0.218507763515904,0.00432375411625281,0.82887753344954,Intermediate,Stokes-2nd,1.3729489294698,4.57641589742599,1.3729247692278,NaN,NaN,NaN,NaN,NaN,0.218507763515904,0.02,1,1.3729489294698,NaN,NaN
28/04/26,0,1.33334285714286,1.4,0.0130456489504106,0.0260912979008212,0.0172015891245202,0.00149603928738461,0.139267164781132,0.00605610180684543,4.484117252678,Intermediate,Stokes-2nd,2.15413303251683,2.91680467841788,0.875041403525364,NaN,NaN,NaN,NaN,NaN,0.139267164781132,0.04,0.714285714285714,2.15413303251683,NaN,NaN
28/04/26,0,1.00000714285714,1,0.00685754718000002,0.01371509436,0.0305806028880359,0.00139805284731701,0.218507763515904,0.00499475765835532,0.957511064857623,Intermediate,Stokes-2nd,1.3729489294698,4.57641589742599,1.3729247692278,NaN,NaN,NaN,NaN,NaN,0.218507763515904,0.04,1,1.3729489294698,NaN,NaN
28/04/26,0,0.800005714285712,0.8,0.00372713609770078,0.00745427219540156,0.0477821920125564,0.00118727155118179,0.312324375650456,0.00388025151559558,0.254725387425215,Intermediate,Stokes-2nd,0.96053982138029,6.54130642720328,1.96239192816099,NaN,NaN,NaN,NaN,NaN,0.312324375650456,0.02,1.25,0.96053982138029,NaN,NaN
28/04/26,0,0.666671428571427,0.6,0.00832244381898044,0.0166448876379609,0.0688063564980812,0.00381758024229347,0.535025059937172,0.0148423866769125,0.193825701470472,Deep,Stokes-2nd,0.560721398798084,11.2055386519004,3.36166159557012,NaN,NaN,NaN,NaN,NaN,0.535025059937172,0.1,1.66666666666667,0.560721398798084,NaN,NaN
28/04/26,0,1.00000714285714,1,0.00877168976534294,0.0175433795306859,0.0305806028880359,0.00178829040914001,0.218507763515904,0.00638894104293475,1.22478049182218,Intermediate,Stokes-2nd,1.3729489294698,4.57641589742599,1.3729247692278,NaN,NaN,NaN,NaN,NaN,0.218507763515904,0.04,1,1.3729489294698,NaN,NaN
28/04/26,0,1.00000714285714,1,0.00979068761826535,0.0195813752365307,0.0305806028880359,0.00199603420036655,0.218507763515904,0.00713113751583337,1.36706193643039,Intermediate,Stokes-2nd,1.3729489294698,4.57641589742599,1.3729247692278,NaN,NaN,NaN,NaN,NaN,0.218507763515904,0.04,1,1.3729489294698,NaN,NaN
28/04/26,0,1.00000714285714,1,0.0108221890246025,0.021644378049205,0.0305806028880359,0.0022063270996042,0.218507763515904,0.00788244106704083,1.51108923716331,Intermediate,Stokes-2nd,1.3729489294698,4.57641589742599,1.3729247692278,NaN,NaN,NaN,NaN,NaN,0.218507763515904,0.04,1,1.3729489294698,NaN,NaN
28/04/26,0,1.00000714285714,1,0.0130586924785761,0.0261173849571522,0.0305806028880359,0.00266228459282878,0.218507763515904,0.00951141895978538,1.8233695244966,Intermediate,Stokes-2nd,1.3729489294698,4.57641589742599,1.3729247692278,NaN,NaN,NaN,NaN,NaN,0.218507763515904,0.06,1,1.3729489294698,NaN,NaN
28/04/26,0,1.00000714285714,1,0.0161204693636744,0.0322409387273488,0.0305806028880359,0.0032864911465285,0.218507763515904,0.0117414923582771,2.25088174842372,Intermediate,Stokes-2nd,1.3729489294698,4.57641589742599,1.3729247692278,NaN,NaN,NaN,NaN,NaN,0.218507763515904,0.08,1,1.3729489294698,NaN,NaN
28/04/26,0,1.00000714285714,1,0.00390317085281415,0.0078063417056283,0.0305806028880359,0.000795742119027106,0.218507763515904,0.00284291044556294,0.544995051656255,Intermediate,Linear,1.3729489294698,4.57641589742599,1.3729247692278,NaN,NaN,NaN,NaN,NaN,0.218507763515904,0.02,1,1.3729489294698,NaN,NaN
28/04/26,0,1.00000714285714,1,0.00720670264188284,0.0144134052837657,0.0305806028880359,0.00146923541082386,0.218507763515904,0.00524906825533991,1.00626322205507,Intermediate,Stokes-2nd,1.3729489294698,4.57641589742599,1.3729247692278,NaN,NaN,NaN,NaN,NaN,0.218507763515904,0.04,1,1.3729489294698,NaN,NaN
28/04/26,0,1.00000714285714,1,0.0105103981823937,0.0210207963647874,0.0305806028880359,0.00214276208673944,0.218507763515904,0.00765534533498822,1.46755425687081,Intermediate,Stokes-2nd,1.3729489294698,4.57641589742599,1.3729247692278,NaN,NaN,NaN,NaN,NaN,0.218507763515904,0.04,1,1.3729489294698,NaN,NaN
28/04/26,0,1.00000714285714,1,0.0121428529864301,0.0242857059728602,0.0305806028880359,0.00247557176737213,0.218507763515904,0.00884435882922417,1.69549195773032,Intermediate,Stokes-2nd,1.3729489294698,4.57641589742599,1.3729247692278,NaN,NaN,NaN,NaN,NaN,0.218507763515904,0.06,1,1.3729489294698,NaN,NaN
28/04/26,0,1.33334285714286,1.2,0.00206588131331885,0.0041317626266377,0.0172015891245202,0.000236909610211567,0.169451211837141,0.00116688697351194,0.47965033279338,Intermediate,Linear,1.77042109494224,3.54897788166299,1.0646933644989,NaN,NaN,NaN,NaN,NaN,0.169451211837141,0.02,0.833333333333333,1.77042109494224,NaN,NaN
28/04/26,0,1.00000714285714,1,0.0137761301148068,0.0275522602296136,0.0305806028880359,0.00280854909583213,0.218507763515904,0.0100339712709684,1.92354447874842,Intermediate,Stokes-2nd,1.3729489294698,4.57641589742599,1.3729247692278,NaN,NaN,NaN,NaN,NaN,0.218507763515904,0.06,1,1.3729489294698,NaN,NaN
28/04/26,0,0.800005714285712,0.8,0.0073857829264019,0.0147715658528038,0.0477821920125564,0.00235272598634931,0.312324375650456,0.00768920013726091,0.504769981039018,Intermediate,Stokes-2nd,0.96053982138029,6.54130642720328,1.96239192816099,NaN,NaN,NaN,NaN,NaN,0.312324375650456,0.04,1.25,0.96053982138029,NaN,NaN
28/04/26,0,0.666671428571427,0.6,0.010884127689902,0.021768255379804,0.0688063564980812,0.00499264780001356,0.535025059937172,0.0194109368988455,0.253486082967382,Deep,Stokes-2nd,0.560721398798084,11.2055386519004,3.36166159557012,NaN,NaN,NaN,NaN,NaN,0.535025059937172,0.1,1.66666666666667,0.560721398798084,NaN,NaN
28/04/26,0,1.00000714285714,1,0.0168326853036388,0.0336653706072776,0.0305806028880359,0.00343169109873237,0.218507763515904,0.0122602413988838,2.35032760350625,Intermediate,Stokes-2nd,1.3729489294698,4.57641589742599,1.3729247692278,NaN,NaN,NaN,NaN,NaN,0.218507763515904,0.08,1,1.3729489294698,NaN,NaN
28/04/26,0,1.00000714285714,1,0.0183218088762631,0.0366436177525262,0.0305806028880359,0.00373527974290329,0.218507763515904,0.0133448582703936,2.55825213691472,Intermediate,Stokes-2nd,1.3729489294698,4.57641589742599,1.3729247692278,NaN,NaN,NaN,NaN,NaN,0.218507763515904,0.08,1,1.3729489294698,NaN,NaN
28/04/26,0,1.00000714285714,1,0.0197807410861834,0.0395614821723668,0.0305806028880359,0.00403271325325087,0.218507763515904,0.0144074849847636,2.76196108666136,Intermediate,Stokes-2nd,1.3729489294698,4.57641589742599,1.3729247692278,NaN,NaN,NaN,NaN,NaN,0.218507763515904,0.1,1,1.3729489294698,NaN,NaN
28/04/26,0,1.00000714285714,1,0.0225552261881915,0.045110452376383,0.0305806028880359,0.00459834943407275,0.218507763515904,0.0164283067665902,3.14935910445457,Intermediate,Stokes-2nd,1.3729489294698,4.57641589742599,1.3729247692278,NaN,NaN,NaN,NaN,NaN,0.218507763515904,0.1,1,1.3729489294698,NaN,NaN
28/04/26,0,1.00000714285714,1,0.0253233756766568,0.0506467513533136,0.0305806028880359,0.00516269396901593,0.218507763515904,0.018444513945931,3.53587248814892,Intermediate,Stokes-2nd,1.3729489294698,4.57641589742599,1.3729247692278,NaN,NaN,NaN,NaN,NaN,0.218507763515904,0.1,1,1.3729489294698,NaN,NaN
28/04/26,0,1.00000714285714,1,0.00148231299699813,0.00296462599399626,0.0305806028880359,0.000302200167446494,0.218507763515904,0.00107965632601539,0.20697358092518,Intermediate,Linear,1.3729489294698,4.57641589742599,1.3729247692278,NaN,NaN,NaN,NaN,NaN,0.218507763515904,0.02,1,1.3729489294698,NaN,NaN
28/04/26,0,1.00000714285714,1,0.00308526479154713,0.00617052958309426,0.0305806028880359,0.000628995049298277,0.218507763515904,0.00224718103151775,0.430791812054586,Intermediate,Linear,1.3729489294698,4.57641589742599,1.3729247692278,NaN,NaN,NaN,NaN,NaN,0.218507763515904,0.02,1,1.3729489294698,NaN,NaN
28/04/26,0,1.00000714285714,1,0.00477835383737021,0.00955670767474042,0.0305806028880359,0.000974166274394272,0.218507763515904,0.00348035803430467,0.667195799167195,Intermediate,Stokes-2nd,1.3729489294698,4.57641589742599,1.3729247692278,NaN,NaN,NaN,NaN,NaN,0.218507763515904,0.02,1,1.3729489294698,NaN,NaN
28/04/26,0,1.00000714285714,1,0.00563538590633861,0.0112707718126772,0.0305806028880359,0.0011488899901505,0.218507763515904,0.00410458523647698,0.786862156165568,Intermediate,Stokes-2nd,1.3729489294698,4.57641589742599,1.3729247692278,NaN,NaN,NaN,NaN,NaN,0.218507763515904,0.02,1,1.3729489294698,NaN,NaN
28/04/26,0,1.33334285714286,1.2,0.0120372495721234,0.0240744991442468,0.0172015891245202,0.00138039880885982,0.169451211837141,0.00679908842394138,2.79477370067815,Intermediate,Stokes-2nd,1.77042109494224,3.54897788166299,1.0646933644989,NaN,NaN,NaN,NaN,NaN,0.169451211837141,0.04,0.833333333333333,1.77042109494224,NaN,NaN
28/04/26,0,1.00000714285714,1,0.00650204772404182,0.0130040954480836,0.0305806028880359,0.00132557692938654,0.218507763515904,0.00473582635484683,0.907873103397642,Intermediate,Stokes-2nd,1.3729489294698,4.57641589742599,1.3729247692278,NaN,NaN,NaN,NaN,NaN,0.218507763515904,0.02,1,1.3729489294698,NaN,NaN
28/04/26,0,0.800005714285712,0.8,0.00911120594262962,0.0182224118852592,0.0477821920125564,0.00290235594544449,0.312324375650456,0.00948550569151508,0.622691364846847,Intermediate,Stokes-2nd,0.96053982138029,6.54130642720328,1.96239192816099,NaN,NaN,NaN,NaN,NaN,0.312324375650456,0.06,1.25,0.96053982138029,NaN,NaN
28/04/26,0,0.666671428571427,0.6,0.00965227498009603,0.0193045499601921,0.0688063564980812,0.00442758582198664,0.535025059937172,0.0172140299991865,0.224796827650102,Deep,Stokes-2nd,0.560721398798084,11.2055386519004,3.36166159557012,NaN,NaN,NaN,NaN,NaN,0.535025059937172,0.1,1.66666666666667,0.560721398798084,NaN,NaN
28/04/26,0,1.00000714285714,1,0.00819569222280254,0.0163913844456051,0.0305806028880359,0.00167086139505392,0.218507763515904,0.00596940792689756,1.14435464773587,Intermediate,Stokes-2nd,1.3729489294698,4.57641589742599,1.3729247692278,NaN,NaN,NaN,NaN,NaN,0.218507763515904,0.04,1,1.3729489294698,NaN,NaN
28/04/26,0,1.00000714285714,1,0.00903224520463127,0.0180644904092625,0.0305806028880359,0.00184141002526797,0.218507763515904,0.00657871899730408,1.26116153442806,Intermediate,Stokes-2nd,1.3729489294698,4.57641589742599,1.3729247692278,NaN,NaN,NaN,NaN,NaN,0.218507763515904,0.04,1,1.3729489294698,NaN,NaN
28/04/26,0,1.00000714285714,1,0.00985826944362334,0.0197165388872467,0.0305806028880359,0.00200981215345803,0.218507763515904,0.00718036136087769,1.37649830542137,Intermediate,Stokes-2nd,1.3729489294698,4.57641589742599,1.3729247692278,NaN,NaN,NaN,NaN,NaN,0.218507763515904,0.04,1,1.3729489294698,NaN,NaN
28/04/26,0,1.00000714285714,1,0.0114733014042084,0.0229466028084168,0.0305806028880359,0.00233906982704561,0.218507763515904,0.00835668476659151,1.60200327560503,Intermediate,Stokes-2nd,1.3729489294698,4.57641589742599,1.3729247692278,NaN,NaN,NaN,NaN,NaN,0.218507763515904,0.06,1,1.3729489294698,NaN,NaN
28/04/26,0,1.00000714285714,1,0.0129928062584274,0.0259856125168548,0.0305806028880359,0.00264885232393437,0.218507763515904,0.00946343012441469,1.81416991082161,Intermediate,Stokes-2nd,1.3729489294698,4.57641589742599,1.3729247692278,NaN,NaN,NaN,NaN,NaN,0.218507763515904,0.06,1,1.3729489294698,NaN,NaN
28/04/26,0,1.00000714285714,1,0.00133765565724015,0.0026753113144803,0.0305806028880359,0.000272708776366638,0.218507763515904,0.000974293820059804,0.186775250560775,Intermediate,Linear,1.3729489294698,4.57641589742599,1.3729247692278,NaN,NaN,NaN,NaN,NaN,0.218507763515904,0.02,1,1.3729489294698,NaN,NaN
28/04/26,0,1.00000714285714,1,0.00286977034491319,0.00573954068982638,0.0305806028880359,0.000585062048651014,0.218507763515904,0.00209022366623748,0.400702581656121,Intermediate,Linear,1.3729489294698,4.57641589742599,1.3729247692278,NaN,NaN,NaN,NaN,NaN,0.218507763515904,0.02,1,1.3729489294698,NaN,NaN
28/04/26,0,1.00000714285714,1,0.00447189172889514,0.00894378345779028,0.0305806028880359,0.000911687634130897,0.218507763515904,0.00325714353455381,0.624404863556822,Intermediate,Stokes-2nd,1.3729489294698,4.57641589742599,1.3729247692278,NaN,NaN,NaN,NaN,NaN,0.218507763515904,0.02,1,1.3729489294698,NaN,NaN
28/04/26,0,1.00000714285714,1,0.00529185654256481,0.0105837130851296,0.0305806028880359,0.00107885442312419,0.218507763515904,0.00385437245987613,0.738895564280317,Intermediate,Stokes-2nd,1.3729489294698,4.57641589742599,1.3729247692278,NaN,NaN,NaN,NaN,NaN,0.218507763515904,0.02,1,1.3729489294698,NaN,NaN
28/04/26,0,1.33334285714286,1.2,0.0115523226344342,0.0231046452688684,0.0172015891245202,0.00132478871594288,0.169451211837141,0.00652518356646168,2.68218477045087,Intermediate,Stokes-2nd,1.77042109494224,3.54897788166299,1.0646933644989,NaN,NaN,NaN,NaN,NaN,0.169451211837141,0.04,0.833333333333333,1.77042109494224,NaN,NaN
28/04/26,0,1.00000714285714,1,0.00611297461119011,0.0122259492223802,0.0305806028880359,0.00124625632699634,0.218507763515904,0.00445244136906884,0.853547292606194,Intermediate,Stokes-2nd,1.3729489294698,4.57641589742599,1.3729247692278,NaN,NaN,NaN,NaN,NaN,0.218507763515904,0.02,1,1.3729489294698,NaN,NaN
28/04/26,0,0.800005714285712,0.8,0.00429703667067443,0.00859407334134886,0.0477821920125564,0.00136881220855441,0.312324375650456,0.00447356431771836,0.293674366061685,Intermediate,Stokes-2nd,0.96053982138029,6.54130642720328,1.96239192816099,NaN,NaN,NaN,NaN,NaN,0.312324375650456,0.02,1.25,0.96053982138029,NaN,NaN
28/04/26,0,0.666671428571427,0.6,0.00895340477194306,0.0179068095438861,0.0688063564980812,0.00410700773739957,0.535025059937172,0.015967653082502,0.208520477664641,Deep,Stokes-2nd,0.560721398798084,11.2055386519004,3.36166159557012,NaN,NaN,NaN,NaN,NaN,0.535025059937172,0.1,1.66666666666667,0.560721398798084,NaN,NaN
28/04/26,0,1.00000714285714,1,0.00773138391474456,0.0154627678294891,0.0305806028880359,0.00157620254181168,0.218507763515904,0.00563122469364555,1.07952383712658,Intermediate,Stokes-2nd,1.3729489294698,4.57641589742599,1.3729247692278,NaN,NaN,NaN,NaN,NaN,0.218507763515904,0.04,1,1.3729489294698,NaN,NaN
28/04/26,0,1.00000714285714,1,0.00852343422207974,0.0170468684441595,0.0305806028880359,0.00173767838125144,0.218507763515904,0.00620812183113853,1.19011686890464,Intermediate,Stokes-2nd,1.3729489294698,4.57641589742599,1.3729247692278,NaN,NaN,NaN,NaN,NaN,0.218507763515904,0.04,1,1.3729489294698,NaN,NaN
28/04/26,0,1.00000714285714,1,0.00932549998675047,0.0186509999735009,0.0305806028880359,0.001901196078848,0.218507763515904,0.00679231381924144,1.30210834694442,Intermediate,Stokes-2nd,1.3729489294698,4.57641589742599,1.3729247692278,NaN,NaN,NaN,NaN,NaN,0.218507763515904,0.04,1,1.3729489294698,NaN,NaN
28/04/26,0,1.00000714285714,1,0.0108434989190043,0.0216869978380086,0.0305806028880359,0.00221067156239278,0.218507763515904,0.00789796232492916,1.51406471208825,Intermediate,Stokes-2nd,1.3729489294698,4.57641589742599,1.3729247692278,NaN,NaN,NaN,NaN,NaN,0.218507763515904,0.04,1,1.3729489294698,NaN,NaN
28/04/26,0,1.00000714285714,1,0.012279982436423,0.024559964872846,0.0305806028880359,0.00250352844240205,0.218507763515904,0.00894423832732455,1.71463917790096,Intermediate,Stokes-2nd,1.3729489294698,4.57641589742599,1.3729247692278,NaN,NaN,NaN,NaN,NaN,0.218507763515904,0.06,1,1.3729489294698,NaN,NaN
28/04/26,0,1.00000714285714,1,0.0039607975403689,0.0079215950807378,0.0305806028880359,0.000807490511346204,0.218507763515904,0.00288488337428433,0.553041396729271,Intermediate,Linear,1.3729489294698,4.57641589742599,1.3729247692278,NaN,NaN,NaN,NaN,NaN,0.218507763515904,0.02,1,1.3729489294698,NaN,NaN
28/04/26,0,1.00000714285714,1,0.0073622890933423,0.0147245781866846,0.0305806028880359,0.00150095492740279,0.218507763515904,0.00536239108047918,1.02798757114141,Intermediate,Stokes-2nd,1.3729489294698,4.57641589742599,1.3729247692278,NaN,NaN,NaN,NaN,NaN,0.218507763515904,0.04,1,1.3729489294698,NaN,NaN
28/04/26,0,1.00000714285714,1,0.0106787056642828,0.0213574113285656,0.0305806028880359,0.00217707504851768,0.218507763515904,0.00777793363982349,1.49105482813587,Intermediate,Stokes-2nd,1.3729489294698,4.57641589742599,1.3729247692278,NaN,NaN,NaN,NaN,NaN,0.218507763515904,0.04,1,1.3729489294698,NaN,NaN
28/04/26,0,1.00000714285714,1,0.0123047714411783,0.0246095428823566,0.0305806028880359,0.00250858219380479,0.218507763515904,0.00896229362728744,1.71810043682007,Intermediate,Stokes-2nd,1.3729489294698,4.57641589742599,1.3729247692278,NaN,NaN,NaN,NaN,NaN,0.218507763515904,0.06,1,1.3729489294698,NaN,NaN
28/04/26,0,1.33334285714286,1.2,0.00963948031971598,0.019278960639432,0.0172015891245202,0.00110542919889102,0.169451211837141,0.0054447387388538,2.23806658857822,Intermediate,Stokes-2nd,1.77042109494224,3.54897788166299,1.0646933644989,NaN,NaN,NaN,NaN,NaN,0.169451211837141,0.04,0.833333333333333,1.77042109494224,NaN,NaN
28/04/26,0,1.00000714285714,1,0.0139526140674445,0.027905228134889,0.0305806028880359,0.00284452900031029,0.218507763515904,0.0101625149835928,1.9481867207899,Intermediate,Stokes-2nd,1.3729489294698,4.57641589742599,1.3729247692278,NaN,NaN,NaN,NaN,NaN,0.218507763515904,0.06,1,1.3729489294698,NaN,NaN
28/04/26,0,0.800005714285712,0.8,0.00862634858021045,0.0172526971604209,0.0477821920125564,0.00274790562817906,0.312324375650456,0.00898072978152477,0.58955453371144,Intermediate,Stokes-2nd,0.96053982138029,6.54130642720328,1.96239192816099,NaN,NaN,NaN,NaN,NaN,0.312324375650456,0.06,1.25,0.96053982138029,NaN,NaN
28/04/26,0,0.666671428571427,0.6,0.0118472541208275,0.023694508241655,0.0688063564980812,0.00543444260374012,0.535025059937172,0.0211285928202888,0.27591683289364,Deep,Stokes-2nd,0.560721398798084,11.2055386519004,3.36166159557012,NaN,NaN,NaN,NaN,NaN,0.535025059937172,0.1,1.66666666666667,0.560721398798084,NaN,NaN
28/04/26,0,1.00000714285714,1,0.0169823484172582,0.0339646968345164,0.0305806028880359,0.00346220302036292,0.218507763515904,0.0123692499063431,2.37122488405425,Intermediate,Stokes-2nd,1.3729489294698,4.57641589742599,1.3729247692278,NaN,NaN,NaN,NaN,NaN,0.218507763515904,0.08,1,1.3729489294698,NaN,NaN
28/04/26,0,1.00000714285714,1,0.018462811097265,0.03692562219453,0.0305806028880359,0.00376402596241522,0.218507763515904,0.0134475585369333,2.57794010744339,Intermediate,Stokes-2nd,1.3729489294698,4.57641589742599,1.3729247692278,NaN,NaN,NaN,NaN,NaN,0.218507763515904,0.08,1,1.3729489294698,NaN,NaN
28/04/26,0,1.00000714285714,1,0.0199097931159243,0.0398195862318486,0.0305806028880359,0.00405902317907355,0.218507763515904,0.0145014812194165,2.7799804663573,Intermediate,Stokes-2nd,1.3729489294698,4.57641589742599,1.3729247692278,NaN,NaN,NaN,NaN,NaN,0.218507763515904,0.1,1,1.3729489294698,NaN,NaN
28/04/26,0,1.00000714285714,1,0.0226133915221207,0.0452267830442414,0.0305806028880359,0.00461020764059767,0.218507763515904,0.0164706720233603,3.15748066007299,Intermediate,Stokes-2nd,1.3729489294698,4.57641589742599,1.3729247692278,NaN,NaN,NaN,NaN,NaN,0.218507763515904,0.1,1,1.3729489294698,NaN,NaN
28/04/26,0,1.00000714285714,1,0.0252636139720464,0.0505272279440928,0.0305806028880359,0.00515051030930524,0.218507763515904,0.01840098595787,3.52752803321231,Intermediate,Stokes-2nd,1.3729489294698,4.57641589742599,1.3729247692278,NaN,NaN,NaN,NaN,NaN,0.218507763515904,0.1,1,1.3729489294698,NaN,NaN
28/04/26,0,1.00000714285714,1,0.00416856930235191,0.00833713860470382,0.0305806028880359,0.000849849082976537,0.218507763515904,0.00303621585105989,0.582052317958353,Intermediate,Linear,1.3729489294698,4.57641589742599,1.3729247692278,NaN,NaN,NaN,NaN,NaN,0.218507763515904,0.02,1,1.3729489294698,NaN,NaN
28/04/26,0,1.00000714285714,1,0.00745829784578842,0.0149165956915768,0.0305806028880359,0.00152052829761833,0.218507763515904,0.00543231993972903,1.04139315777134,Intermediate,Stokes-2nd,1.3729489294698,4.57641589742599,1.3729247692278,NaN,NaN,NaN,NaN,NaN,0.218507763515904,0.04,1,1.3729489294698,NaN,NaN
28/04/26,0,1.00000714285714,1,0.0106055842027343,0.0212111684054686,0.0305806028880359,0.0021621677259963,0.218507763515904,0.00772467494973023,1.48084496640638,Intermediate,Stokes-2nd,1.3729489294698,4.57641589742599,1.3729247692278,NaN,NaN,NaN,NaN,NaN,0.218507763515904,0.04,1,1.3729489294698,NaN,NaN
28/04/26,0,1.00000714285714,1,0.0121496040721798,0.0242992081443596,0.0305806028880359,0.00247694811585463,0.218507763515904,0.00884927604471908,1.69643460371371,Intermediate,Stokes-2nd,1.3729489294698,4.57641589742599,1.3729247692278,NaN,NaN,NaN,NaN,NaN,0.218507763515904,0.06,1,1.3729489294698,NaN,NaN
28/04/26,0,1.33334285714286,1.4,0.00827452821319327,0.0165490564263865,0.0172015891245202,0.000948900230150673,0.139267164781132,0.00384123361384303,2.84416320411435,Intermediate,Stokes-2nd,2.15413303251683,2.91680467841788,0.875041403525364,NaN,NaN,NaN,NaN,NaN,0.139267164781132,0.02,0.714285714285714,2.15413303251683,NaN,NaN
28/04/26,0,1.00000714285714,1,0.0137044654001974,0.0274089308003948,0.0305806028880359,0.00279393876130843,0.218507763515904,0.00998177361592739,1.91353802084194,Intermediate,Stokes-2nd,1.3729489294698,4.57641589742599,1.3729247692278,NaN,NaN,NaN,NaN,NaN,0.218507763515904,0.06,1,1.3729489294698,NaN,NaN
28/04/26,0,0.800005714285712,0.8,0.0107344082418589,0.0214688164837178,0.0477821920125564,0.00341942370502446,0.312324375650456,0.011175391173719,0.733626630880127,Intermediate,Stokes-2nd,0.96053982138029,6.54130642720328,1.96239192816099,NaN,NaN,NaN,NaN,NaN,0.312324375650456,0.08,1.25,0.96053982138029,NaN,NaN
28/04/26,0,0.666671428571427,0.6,0.00590190605578882,0.0118038121115776,0.0688063564980812,0.0027072576806186,0.535025059937172,0.0105255588041399,0.137452544728171,Deep,Stokes-2nd,0.560721398798084,11.2055386519004,3.36166159557012,NaN,NaN,NaN,NaN,NaN,0.535025059937172,0.06,1.66666666666667,0.560721398798084,NaN,NaN
28/04/26,0,1.00000714285714,1,0.0165770144706339,0.0331540289412678,0.0305806028880359,0.00337956731063787,0.218507763515904,0.0120740211924966,2.31462859260078,Intermediate,Stokes-2nd,1.3729489294698,4.57641589742599,1.3729247692278,NaN,NaN,NaN,NaN,NaN,0.218507763515904,0.08,1,1.3729489294698,NaN,NaN
28/04/26,0,1.00000714285714,1,0.0180037664717121,0.0360075329434242,0.0305806028880359,0.00367044021973575,0.218507763515904,0.0131132091553214,2.51384425849141,Intermediate,Stokes-2nd,1.3729489294698,4.57641589742599,1.3729247692278,NaN,NaN,NaN,NaN,NaN,0.218507763515904,0.08,1,1.3729489294698,NaN,NaN
28/04/26,0,1.00000714285714,1,0.0193729817597935,0.038745963519587,0.0305806028880359,0.00394958307968938,0.218507763515904,0.0141104897232229,2.70502614234834,Intermediate,Stokes-2nd,1.3729489294698,4.57641589742599,1.3729247692278,NaN,NaN,NaN,NaN,NaN,0.218507763515904,0.08,1,1.3729489294698,NaN,NaN
28/04/26,0,1.00000714285714,1,0.0219800458874783,0.0439600917749566,0.0305806028880359,0.00448108703163854,0.218507763515904,0.0160093688961661,3.06904737086165,Intermediate,Stokes-2nd,1.3729489294698,4.57641589742599,1.3729247692278,NaN,NaN,NaN,NaN,NaN,0.218507763515904,0.1,1,1.3729489294698,NaN,NaN
28/04/26,0,1.00000714285714,1,0.0245626526328345,0.049125305265669,0.0305806028880359,0.00500760484027654,0.218507763515904,0.0178904343093956,3.42965364449643,Intermediate,Stokes-2nd,1.3729489294698,4.57641589742599,1.3729247692278,NaN,NaN,NaN,NaN,NaN,0.218507763515904,0.1,1,1.3729489294698,NaN,NaN
28/04/26,0,1.00000714285714,1,0.00152063055644364,0.00304126111288728,0.0305806028880359,0.00031001199457344,0.218507763515904,0.00110756527340815,0.212323815664275,Intermediate,Linear,1.3729489294698,4.57641589742599,1.3729247692278,NaN,NaN,NaN,NaN,NaN,0.218507763515904,0.02,1,1.3729489294698,NaN,NaN
28/04/26,0,1.00000714285714,1,0.00321724443006232,0.00643448886012464,0.0305806028880359,0.000655901828729875,0.218507763515904,0.00234330961698972,0.449219970242512,Intermediate,Linear,1.3729489294698,4.57641589742599,1.3729247692278,NaN,NaN,NaN,NaN,NaN,0.218507763515904,0.02,1,1.3729489294698,NaN,NaN
28/04/26,0,1.00000714285714,1,0.00502047912946266,0.0100409582589253,0.0305806028880359,0.0010235285237718,0.218507763515904,0.00365671222119052,0.701003462486896,Intermediate,Stokes-2nd,1.3729489294698,4.57641589742599,1.3729247692278,NaN,NaN,NaN,NaN,NaN,0.218507763515904,0.02,1,1.3729489294698,NaN,NaN
28/04/26,0,1.00000714285714,1,0.00593629358519993,0.0118725871703999,0.0305806028880359,0.00121023624503863,0.218507763515904,0.00432375411625281,0.82887753344954,Intermediate,Stokes-2nd,1.3729489294698,4.57641589742599,1.3729247692278,NaN,NaN,NaN,NaN,NaN,0.218507763515904,0.02,1,1.3729489294698,NaN,NaN
28/04/26,0,1.33334285714286,1.4,0.0130456489504106,0.0260912979008212,0.0172015891245202,0.00149603928738461,0.139267164781132,0.00605610180684543,4.484117252678,Intermediate,Stokes-2nd,2.15413303251683,2.91680467841788,0.875041403525364,NaN,NaN,NaN,NaN,NaN,0.139267164781132,0.04,0.714285714285714,2.15413303251683,NaN,NaN
28/04/26,0,1.00000714285714,1,0.00685754718000002,0.01371509436,0.0305806028880359,0.00139805284731701,0.218507763515904,0.00499475765835532,0.957511064857623,Intermediate,Stokes-2nd,1.3729489294698,4.57641589742599,1.3729247692278,NaN,NaN,NaN,NaN,NaN,0.218507763515904,0.04,1,1.3729489294698,NaN,NaN
28/04/26,0,0.800005714285712,0.8,0.00372713609770078,0.00745427219540156,0.0477821920125564,0.00118727155118179,0.312324375650456,0.00388025151559558,0.254725387425215,Intermediate,Stokes-2nd,0.96053982138029,6.54130642720328,1.96239192816099,NaN,NaN,NaN,NaN,NaN,0.312324375650456,0.02,1.25,0.96053982138029,NaN,NaN
28/04/26,0,0.666671428571427,0.6,0.00832244381898044,0.0166448876379609,0.0688063564980812,0.00381758024229347,0.535025059937172,0.0148423866769125,0.193825701470472,Deep,Stokes-2nd,0.560721398798084,11.2055386519004,3.36166159557012,NaN,NaN,NaN,NaN,NaN,0.535025059937172,0.1,1.66666666666667,0.560721398798084,NaN,NaN
28/04/26,0,1.00000714285714,1,0.00877168976534294,0.0175433795306859,0.0305806028880359,0.00178829040914001,0.218507763515904,0.00638894104293475,1.22478049182218,Intermediate,Stokes-2nd,1.3729489294698,4.57641589742599,1.3729247692278,NaN,NaN,NaN,NaN,NaN,0.218507763515904,0.04,1,1.3729489294698,NaN,NaN
28/04/26,0,1.00000714285714,1,0.00979068761826535,0.0195813752365307,0.0305806028880359,0.00199603420036655,0.218507763515904,0.00713113751583337,1.36706193643039,Intermediate,Stokes-2nd,1.3729489294698,4.57641589742599,1.3729247692278,NaN,NaN,NaN,NaN,NaN,0.218507763515904,0.04,1,1.3729489294698,NaN,NaN
28/04/26,0,1.00000714285714,1,0.0108221890246025,0.021644378049205,0.0305806028880359,0.0022063270996042,0.218507763515904,0.00788244106704083,1.51108923716331,Intermediate,Stokes-2nd,1.3729489294698,4.57641589742599,1.3729247692278,NaN,NaN,NaN,NaN,NaN,0.218507763515904,0.04,1,1.3729489294698,NaN,NaN
28/04/26,0,1.00000714285714,1,0.0130586924785761,0.0261173849571522,0.0305806028880359,0.00266228459282878,0.218507763515904,0.00951141895978538,1.8233695244966,Intermediate,Stokes-2nd,1.3729489294698,4.57641589742599,1.3729247692278,NaN,NaN,NaN,NaN,NaN,0.218507763515904,0.06,1,1.3729489294698,NaN,NaN
28/04/26,0,1.00000714285714,1,0.0161204693636744,0.0322409387273488,0.0305806028880359,0.0032864911465285,0.218507763515904,0.0117414923582771,2.25088174842372,Intermediate,Stokes-2nd,1.3729489294698,4.57641589742599,1.3729247692278,NaN,NaN,NaN,NaN,NaN,0.218507763515904,0.08,1,1.3729489294698,NaN,NaN
28/04/26,0,1.00000714285714,1,0.00390317085281415,0.0078063417056283,0.0305806028880359,0.000795742119027106,0.218507763515904,0.00284291044556294,0.544995051656255,Intermediate,Linear,1.3729489294698,4.57641589742599,1.3729247692278,NaN,NaN,NaN,NaN,NaN,0.218507763515904,0.02,1,1.3729489294698,NaN,NaN
28/04/26,0,1.00000714285714,1,0.00720670264188284,0.0144134052837657,0.0305806028880359,0.00146923541082386,0.218507763515904,0.00524906825533991,1.00626322205507,Intermediate,Stokes-2nd,1.3729489294698,4.57641589742599,1.3729247692278,NaN,NaN,NaN,NaN,NaN,0.218507763515904,0.04,1,1.3729489294698,NaN,NaN
28/04/26,0,1.00000714285714,1,0.0105103981823937,0.0210207963647874,0.0305806028880359,0.00214276208673944,0.218507763515904,0.00765534533498822,1.46755425687081,Intermediate,Stokes-2nd,1.3729489294698,4.57641589742599,1.3729247692278,NaN,NaN,NaN,NaN,NaN,0.218507763515904,0.04,1,1.3729489294698,NaN,NaN
28/04/26,0,1.00000714285714,1,0.0121428529864301,0.0242857059728602,0.0305806028880359,0.00247557176737213,0.218507763515904,0.00884435882922417,1.69549195773032,Intermediate,Stokes-2nd,1.3729489294698,4.57641589742599,1.3729247692278,NaN,NaN,NaN,NaN,NaN,0.218507763515904,0.06,1,1.3729489294698,NaN,NaN
28/04/26,0,1.33334285714286,1.2,0.00206588131331885,0.0041317626266377,0.0172015891245202,0.000236909610211567,0.169451211837141,0.00116688697351194,0.47965033279338,Intermediate,Linear,1.77042109494224,3.54897788166299,1.0646933644989,NaN,NaN,NaN,NaN,NaN,0.169451211837141,0.02,0.833333333333333,1.77042109494224,NaN,NaN
28/04/26,0,1.00000714285714,1,0.0137761301148068,0.0275522602296136,0.0305806028880359,0.00280854909583213,0.218507763515904,0.0100339712709684,1.92354447874842,Intermediate,Stokes-2nd,1.3729489294698,4.57641589742599,1.3729247692278,NaN,NaN,NaN,NaN,NaN,0.218507763515904,0.06,1,1.3729489294698,NaN,NaN
28/04/26,0,0.800005714285712,0.8,0.0073857829264019,0.0147715658528038,0.0477821920125564,0.00235272598634931,0.312324375650456,0.00768920013726091,0.504769981039018,Intermediate,Stokes-2nd,0.96053982138029,6.54130642720328,1.96239192816099,NaN,NaN,NaN,NaN,NaN,0.312324375650456,0.04,1.25,0.96053982138029,NaN,NaN
28/04/26,0,0.666671428571427,0.6,0.010884127689902,0.021768255379804,0.0688063564980812,0.00499264780001356,0.535025059937172,0.0194109368988455,0.253486082967382,Deep,Stokes-2nd,0.560721398798084,11.2055386519004,3.36166159557012,NaN,NaN,NaN,NaN,NaN,0.535025059937172,0.1,1.66666666666667,0.560721398798084,NaN,NaN
28/04/26,0,1.00000714285714,1,0.0168326853036388,0.0336653706072776,0.0305806028880359,0.00343169109873237,0.218507763515904,0.0122602413988838,2.35032760350625,Intermediate,Stokes-2nd,1.3729489294698,4.57641589742599,1.3729247692278,NaN,NaN,NaN,NaN,NaN,0.218507763515904,0.08,1,1.3729489294698,NaN,NaN
28/04/26,0,1.00000714285714,1,0.0183218088762631,0.0366436177525262,0.0305806028880359,0.00373527974290329,0.218507763515904,0.0133448582703936,2.55825213691472,Intermediate,Stokes-2nd,1.3729489294698,4.57641589742599,1.3729247692278,NaN,NaN,NaN,NaN,NaN,0.218507763515904,0.08,1,1.3729489294698,NaN,NaN
28/04/26,0,1.00000714285714,1,0.0197807410861834,0.0395614821723668,0.0305806028880359,0.00403271325325087,0.218507763515904,0.0144074849847636,2.76196108666136,Intermediate,Stokes-2nd,1.3729489294698,4.57641589742599,1.3729247692278,NaN,NaN,NaN,NaN,NaN,0.218507763515904,0.1,1,1.3729489294698,NaN,NaN
28/04/26,0,1.00000714285714,1,0.0225552261881915,0.045110452376383,0.0305806028880359,0.00459834943407275,0.218507763515904,0.0164283067665902,3.14935910445457,Intermediate,Stokes-2nd,1.3729489294698,4.57641589742599,1.3729247692278,NaN,NaN,NaN,NaN,NaN,0.218507763515904,0.1,1,1.3729489294698,NaN,NaN
28/04/26,0,1.00000714285714,1,0.0253233756766568,0.0506467513533136,0.0305806028880359,0.00516269396901593,0.218507763515904,0.018444513945931,3.53587248814892,Intermediate,Stokes-2nd,1.3729489294698,4.57641589742599,1.3729247692278,NaN,NaN,NaN,NaN,NaN,0.218507763515904,0.1,1,1.3729489294698,NaN,NaN
28/04/26,0,1.00000714285714,1,0.00148231299699813,0.00296462599399626,0.0305806028880359,0.000302200167446494,0.218507763515904,0.00107965632601539,0.20697358092518,Intermediate,Linear,1.3729489294698,4.57641589742599,1.3729247692278,NaN,NaN,NaN,NaN,NaN,0.218507763515904,0.02,1,1.3729489294698,NaN,NaN
28/04/26,0,1.00000714285714,1,0.00308526479154713,0.00617052958309426,0.0305806028880359,0.000628995049298277,0.218507763515904,0.00224718103151775,0.430791812054586,Intermediate,Linear,1.3729489294698,4.57641589742599,1.3729247692278,NaN,NaN,NaN,NaN,NaN,0.218507763515904,0.02,1,1.3729489294698,NaN,NaN
28/04/26,0,1.00000714285714,1,0.00477835383737021,0.00955670767474042,0.0305806028880359,0.000974166274394272,0.218507763515904,0.00348035803430467,0.667195799167195,Intermediate,Stokes-2nd,1.3729489294698,4.57641589742599,1.3729247692278,NaN,NaN,NaN,NaN,NaN,0.218507763515904,0.02,1,1.3729489294698,NaN,NaN
28/04/26,0,1.00000714285714,1,0.00563538590633861,0.0112707718126772,0.0305806028880359,0.0011488899901505,0.218507763515904,0.00410458523647698,0.786862156165568,Intermediate,Stokes-2nd,1.3729489294698,4.57641589742599,1.3729247692278,NaN,NaN,NaN,NaN,NaN,0.218507763515904,0.02,1,1.3729489294698,NaN,NaN
28/04/26,0,1.33334285714286,1.2,0.0120372495721234,0.0240744991442468,0.0172015891245202,0.00138039880885982,0.169451211837141,0.00679908842394138,2.79477370067815,Intermediate,Stokes-2nd,1.77042109494224,3.54897788166299,1.0646933644989,NaN,NaN,NaN,NaN,NaN,0.169451211837141,0.04,0.833333333333333,1.77042109494224,NaN,NaN
28/04/26,0,1.00000714285714,1,0.00650204772404182,0.0130040954480836,0.0305806028880359,0.00132557692938654,0.218507763515904,0.00473582635484683,0.907873103397642,Intermediate,Stokes-2nd,1.3729489294698,4.57641589742599,1.3729247692278,NaN,NaN,NaN,NaN,NaN,0.218507763515904,0.02,1,1.3729489294698,NaN,NaN
28/04/26,0,0.800005714285712,0.8,0.00911120594262962,0.0182224118852592,0.0477821920125564,0.00290235594544449,0.312324375650456,0.00948550569151508,0.622691364846847,Intermediate,Stokes-2nd,0.96053982138029,6.54130642720328,1.96239192816099,NaN,NaN,NaN,NaN,NaN,0.312324375650456,0.06,1.25,0.96053982138029,NaN,NaN
28/04/26,0,0.666671428571427,0.6,0.00965227498009603,0.0193045499601921,0.0688063564980812,0.00442758582198664,0.535025059937172,0.0172140299991865,0.224796827650102,Deep,Stokes-2nd,0.560721398798084,11.2055386519004,3.36166159557012,NaN,NaN,NaN,NaN,NaN,0.535025059937172,0.1,1.66666666666667,0.560721398798084,NaN,NaN
28/04/26,0,1.00000714285714,1,0.00819569222280254,0.0163913844456051,0.0305806028880359,0.00167086139505392,0.218507763515904,0.00596940792689756,1.14435464773587,Intermediate,Stokes-2nd,1.3729489294698,4.57641589742599,1.3729247692278,NaN,NaN,NaN,NaN,NaN,0.218507763515904,0.04,1,1.3729489294698,NaN,NaN
28/04/26,0,1.00000714285714,1,0.00903224520463127,0.0180644904092625,0.0305806028880359,0.00184141002526797,0.218507763515904,0.00657871899730408,1.26116153442806,Intermediate,Stokes-2nd,1.3729489294698,4.57641589742599,1.3729247692278,NaN,NaN,NaN,NaN,NaN,0.218507763515904,0.04,1,1.3729489294698,NaN,NaN
28/04/26,0,1.00000714285714,1,0.00985826944362334,0.0197165388872467,0.0305806028880359,0.00200981215345803,0.218507763515904,0.00718036136087769,1.37649830542137,Intermediate,Stokes-2nd,1.3729489294698,4.57641589742599,1.3729247692278,NaN,NaN,NaN,NaN,NaN,0.218507763515904,0.04,1,1.3729489294698,NaN,NaN
28/04/26,0,1.00000714285714,1,0.0114733014042084,0.0229466028084168,0.0305806028880359,0.00233906982704561,0.218507763515904,0.00835668476659151,1.60200327560503,Intermediate,Stokes-2nd,1.3729489294698,4.57641589742599,1.3729247692278,NaN,NaN,NaN,NaN,NaN,0.218507763515904,0.06,1,1.3729489294698,NaN,NaN
28/04/26,0,1.00000714285714,1,0.0129928062584274,0.0259856125168548,0.0305806028880359,0.00264885232393437,0.218507763515904,0.00946343012441469,1.81416991082161,Intermediate,Stokes-2nd,1.3729489294698,4.57641589742599,1.3729247692278,NaN,NaN,NaN,NaN,NaN,0.218507763515904,0.06,1,1.3729489294698,NaN,NaN
28/04/26,0,1.00000714285714,1,0.00133765565724015,0.0026753113144803,0.0305806028880359,0.000272708776366638,0.218507763515904,0.000974293820059804,0.186775250560775,Intermediate,Linear,1.3729489294698,4.57641589742599,1.3729247692278,NaN,NaN,NaN,NaN,NaN,0.218507763515904,0.02,1,1.3729489294698,NaN,NaN
28/04/26,0,1.00002680555556,1,0.00355388860444941,0.00710777720889882,0.0305794003377498,0.000724505215941503,0.218507763515904,0.00258850750247632,0.496225191414829,Intermediate,Linear,1.3729489294698,4.57641589742599,1.3729247692278,NaN,NaN,NaN,NaN,NaN,0.218507763515904,0.02,1,1.3729489294698,NaN,NaN
28/04/26,0,1.00000714285714,1,0.00286977034491319,0.00573954068982638,0.0305806028880359,0.000585062048651014,0.218507763515904,0.00209022366623748,0.400702581656121,Intermediate,Linear,1.3729489294698,4.57641589742599,1.3729247692278,NaN,NaN,NaN,NaN,NaN,0.218507763515904,0.02,1,1.3729489294698,NaN,NaN
28/04/26,0,0.998497499999997,1,0.00719182437189366,0.0143836487437873,0.0306731433061742,0.0014706390639462,0.218507763515904,0.00523823153033884,1.00418578711126,Intermediate,Stokes-2nd,1.3729489294698,4.57641589742599,1.3729247692278,NaN,NaN,NaN,NaN,NaN,0.218507763515904,0.04,1,1.3729489294698,NaN,NaN
28/04/26,0,1.00000714285714,1,0.00447189172889514,0.00894378345779028,0.0305806028880359,0.000911687634130897,0.218507763515904,0.00325714353455381,0.624404863556822,Intermediate,Stokes-2nd,1.3729489294698,4.57641589742599,1.3729247692278,NaN,NaN,NaN,NaN,NaN,0.218507763515904,0.02,1,1.3729489294698,NaN,NaN
28/04/26,0,0.999053611111107,1,0.0103358582302441,0.0206717164604882,0.030639005141533,0.0021112027563907,0.218507763515904,0.00752821755302694,1.44318345327934,Intermediate,Stokes-2nd,1.3729489294698,4.57641589742599,1.3729247692278,NaN,NaN,NaN,NaN,NaN,0.218507763515904,0.04,1,1.3729489294698,NaN,NaN
28/04/26,0,1.00000714285714,1,0.00529185654256481,0.0105837130851296,0.0305806028880359,0.00107885442312419,0.218507763515904,0.00385437245987613,0.738895564280317,Intermediate,Stokes-2nd,1.3729489294698,4.57641589742599,1.3729247692278,NaN,NaN,NaN,NaN,NaN,0.218507763515904,0.02,1,1.3729489294698,NaN,NaN
28/04/26,0,1.00016583333334,1,0.0120604832676666,0.0241209665353332,0.0305708995662744,0.00245799881797713,0.218507763515904,0.00878436408579602,1.6839907729692,Intermediate,Stokes-2nd,1.3729489294698,4.57641589742599,1.3729247692278,NaN,NaN,NaN,NaN,NaN,0.218507763515904,0.06,1,1.3729489294698,NaN,NaN
28/04/26,0,1.33334285714286,1.2,0.0115523226344342,0.0231046452688684,0.0172015891245202,0.00132478871594288,0.169451211837141,0.00652518356646168,2.68218477045087,Intermediate,Stokes-2nd,1.77042109494224,3.54897788166299,1.0646933644989,NaN,NaN,NaN,NaN,NaN,0.169451211837141,0.04,0.833333333333333,1.77042109494224,NaN,NaN
28/04/26,0,1.33244222222223,1.2,0.00173554586097472,0.00347109172194944,0.0172248510528112,0.000199296793004083,0.169451211837141,0.000980301164470333,0.402954005357333,Intermediate,Linear,1.77042109494224,3.54897788166299,1.0646933644989,NaN,NaN,NaN,NaN,NaN,0.169451211837141,0.02,0.833333333333333,1.77042109494224,NaN,NaN
28/04/26,0,1.00000714285714,1,0.00611297461119011,0.0122259492223802,0.0305806028880359,0.00124625632699634,0.218507763515904,0.00445244136906884,0.853547292606194,Intermediate,Stokes-2nd,1.3729489294698,4.57641589742599,1.3729247692278,NaN,NaN,NaN,NaN,NaN,0.218507763515904,0.02,1,1.3729489294698,NaN,NaN
28/04/26,0,0.999665333333334,1,0.0139385598344184,0.0278771196688368,0.0306015189446074,0.00284360735222332,0.218507763515904,0.0101522784535046,1.94622434513613,Intermediate,Stokes-2nd,1.3729489294698,4.57641589742599,1.3729247692278,NaN,NaN,NaN,NaN,NaN,0.218507763515904,0.06,1,1.3729489294698,NaN,NaN
28/04/26,0,0.800005714285712,0.8,0.00429703667067443,0.00859407334134886,0.0477821920125564,0.00136881220855441,0.312324375650456,0.00447356431771836,0.293674366061685,Intermediate,Stokes-2nd,0.96053982138029,6.54130642720328,1.96239192816099,NaN,NaN,NaN,NaN,NaN,0.312324375650456,0.02,1.25,0.96053982138029,NaN,NaN
28/04/26,0,0.799999333756472,0.8,0.0091319655424215,0.018263931084843,0.0477829542054139,0.00290901527545963,0.312324375650456,0.00950711812166092,0.624110147783977,Intermediate,Stokes-2nd,0.96053982138029,6.54130642720328,1.96239192816099,NaN,NaN,NaN,NaN,NaN,0.312324375650456,0.06,1.25,0.96053982138029,NaN,NaN
28/04/26,0,0.666671428571427,0.6,0.00895340477194306,0.0179068095438861,0.0688063564980812,0.00410700773739957,0.535025059937172,0.015967653082502,0.208520477664641,Deep,Stokes-2nd,0.560721398798084,11.2055386519004,3.36166159557012,NaN,NaN,NaN,NaN,NaN,0.535025059937172,0.1,1.66666666666667,0.560721398798084,NaN,NaN
28/04/26,0,0.666777222222223,0.6,0.00559822035802508,0.0111964407160502,0.0687845240241176,0.00256713948472587,0.535025059937172,0.00998396060864622,0.130379851337155,Deep,Stokes-2nd,0.560721398798084,11.2055386519004,3.36166159557012,NaN,NaN,NaN,NaN,NaN,0.535025059937172,0.06,1.66666666666667,0.560721398798084,NaN,NaN
28/04/26,0,1.00000714285714,1,0.00773138391474456,0.0154627678294891,0.0305806028880359,0.00157620254181168,0.218507763515904,0.00563122469364555,1.07952383712658,Intermediate,Stokes-2nd,1.3729489294698,4.57641589742599,1.3729247692278,NaN,NaN,NaN,NaN,NaN,0.218507763515904,0.04,1,1.3729489294698,NaN,NaN
28/04/26,0,1.00002680555555,1,0.0170278310649027,0.0340556621298054,0.0305794003377502,0.00347133908678159,0.218507763515904,0.0124023776117284,2.37757557144079,Intermediate,Stokes-2nd,1.3729489294698,4.57641589742599,1.3729247692278,NaN,NaN,NaN,NaN,NaN,0.218507763515904,0.08,1,1.3729489294698,NaN,NaN
28/04/26,0,1.00000714285714,1,0.00852343422207974,0.0170468684441595,0.0305806028880359,0.00173767838125144,0.218507763515904,0.00620812183113853,1.19011686890464,Intermediate,Stokes-2nd,1.3729489294698,4.57641589742599,1.3729247692278,NaN,NaN,NaN,NaN,NaN,0.218507763515904,0.04,1,1.3729489294698,NaN,NaN
28/04/26,0,1.00002680555555,1,0.0186640145198368,0.0373280290396736,0.0305794003377502,0.00380489581274448,0.218507763515904,0.013594106903193,2.60603389934053,Intermediate,Stokes-2nd,1.3729489294698,4.57641589742599,1.3729247692278,NaN,NaN,NaN,NaN,NaN,0.218507763515904,0.08,1,1.3729489294698,NaN,NaN
28/04/26,0,1.00000714285714,1,0.00932549998675047,0.0186509999735009,0.0305806028880359,0.001901196078848,0.218507763515904,0.00679231381924144,1.30210834694442,Intermediate,Stokes-2nd,1.3729489294698,4.57641589742599,1.3729247692278,NaN,NaN,NaN,NaN,NaN,0.218507763515904,0.04,1,1.3729489294698,NaN,NaN
28/04/26,0,0.999331666666668,1,0.0201938976929681,0.0403877953859362,0.0306219574272199,0.00412251116962469,0.218507763515904,0.0147084114051981,2.81964964674435,Intermediate,Stokes-2nd,1.3729489294698,4.57641589742599,1.3729247692278,NaN,NaN,NaN,NaN,NaN,0.218507763515904,0.1,1,1.3729489294698,NaN,NaN
28/04/26,0,1.00000714285714,1,0.0108434989190043,0.0216869978380086,0.0305806028880359,0.00221067156239278,0.218507763515904,0.00789796232492916,1.51406471208825,Intermediate,Stokes-2nd,1.3729489294698,4.57641589742599,1.3729247692278,NaN,NaN,NaN,NaN,NaN,0.218507763515904,0.04,1,1.3729489294698,NaN,NaN
28/04/26,0,0.999331666666668,1,0.0231106422545095,0.046221284509019,0.0306219574272199,0.00471795402155533,0.218507763515904,0.01683284917483,3.22691118177023,Intermediate,Stokes-2nd,1.3729489294698,4.57641589742599,1.3729247692278,NaN,NaN,NaN,NaN,NaN,0.218507763515904,0.1,1,1.3729489294698,NaN,NaN
28/04/26,0,1.00000714285714,1,0.012279982436423,0.024559964872846,0.0305806028880359,0.00250352844240205,0.218507763515904,0.00894423832732455,1.71463917790096,Intermediate,Stokes-2nd,1.3729489294698,4.57641589742599,1.3729247692278,NaN,NaN,NaN,NaN,NaN,0.218507763515904,0.06,1,1.3729489294698,NaN,NaN
28/04/26,0,1.00016583333334,1,0.0258591329587899,0.0517182659175798,0.0305708995662744,0.00527024637702735,0.218507763515904,0.0188347376976186,3.61067963307337,Intermediate,Stokes-2nd,1.3729489294698,4.57641589742599,1.3729247692278,NaN,NaN,NaN,NaN,NaN,0.218507763515904,0.1,1,1.3729489294698,NaN,NaN
28/04/26,0,1.00000714285714,1,0.0039607975403689,0.0079215950807378,0.0305806028880359,0.000807490511346204,0.218507763515904,0.00288488337428433,0.553041396729271,Intermediate,Linear,1.3729489294698,4.57641589742599,1.3729247692278,NaN,NaN,NaN,NaN,NaN,0.218507763515904,0.02,1,1.3729489294698,NaN,NaN
28/04/26,0,1.00000714285714,1,0.0073622890933423,0.0147245781866846,0.0305806028880359,0.00150095492740279,0.218507763515904,0.00536239108047918,1.02798757114141,Intermediate,Stokes-2nd,1.3729489294698,4.57641589742599,1.3729247692278,NaN,NaN,NaN,NaN,NaN,0.218507763515904,0.04,1,1.3729489294698,NaN,NaN
28/04/26,0,1.00000714285714,1,0.0106787056642828,0.0213574113285656,0.0305806028880359,0.00217707504851768,0.218507763515904,0.00777793363982349,1.49105482813587,Intermediate,Stokes-2nd,1.3729489294698,4.57641589742599,1.3729247692278,NaN,NaN,NaN,NaN,NaN,0.218507763515904,0.04,1,1.3729489294698,NaN,NaN
28/04/26,0,1.00000714285714,1,0.0123047714411783,0.0246095428823566,0.0305806028880359,0.00250858219380479,0.218507763515904,0.00896229362728744,1.71810043682007,Intermediate,Stokes-2nd,1.3729489294698,4.57641589742599,1.3729247692278,NaN,NaN,NaN,NaN,NaN,0.218507763515904,0.06,1,1.3729489294698,NaN,NaN
28/04/26,0,1.33334285714286,1.2,0.00963948031971598,0.019278960639432,0.0172015891245202,0.00110542919889102,0.169451211837141,0.0054447387388538,2.23806658857822,Intermediate,Stokes-2nd,1.77042109494224,3.54897788166299,1.0646933644989,NaN,NaN,NaN,NaN,NaN,0.169451211837141,0.04,0.833333333333333,1.77042109494224,NaN,NaN
28/04/26,0,1.00000714285714,1,0.0139526140674445,0.027905228134889,0.0305806028880359,0.00284452900031029,0.218507763515904,0.0101625149835928,1.9481867207899,Intermediate,Stokes-2nd,1.3729489294698,4.57641589742599,1.3729247692278,NaN,NaN,NaN,NaN,NaN,0.218507763515904,0.06,1,1.3729489294698,NaN,NaN
28/04/26,0,0.800005714285712,0.8,0.00862634858021045,0.0172526971604209,0.0477821920125564,0.00274790562817906,0.312324375650456,0.00898072978152477,0.58955453371144,Intermediate,Stokes-2nd,0.96053982138029,6.54130642720328,1.96239192816099,NaN,NaN,NaN,NaN,NaN,0.312324375650456,0.06,1.25,0.96053982138029,NaN,NaN
28/04/26,0,0.666671428571427,0.6,0.0118472541208275,0.023694508241655,0.0688063564980812,0.00543444260374012,0.535025059937172,0.0211285928202888,0.27591683289364,Deep,Stokes-2nd,0.560721398798084,11.2055386519004,3.36166159557012,NaN,NaN,NaN,NaN,NaN,0.535025059937172,0.1,1.66666666666667,0.560721398798084,NaN,NaN
28/04/26,0,1.00000714285714,1,0.0169823484172582,0.0339646968345164,0.0305806028880359,0.00346220302036292,0.218507763515904,0.0123692499063431,2.37122488405425,Intermediate,Stokes-2nd,1.3729489294698,4.57641589742599,1.3729247692278,NaN,NaN,NaN,NaN,NaN,0.218507763515904,0.08,1,1.3729489294698,NaN,NaN
28/04/26,0,1.00000714285714,1,0.018462811097265,0.03692562219453,0.0305806028880359,0.00376402596241522,0.218507763515904,0.0134475585369333,2.57794010744339,Intermediate,Stokes-2nd,1.3729489294698,4.57641589742599,1.3729247692278,NaN,NaN,NaN,NaN,NaN,0.218507763515904,0.08,1,1.3729489294698,NaN,NaN
28/04/26,0,1.00000714285714,1,0.0199097931159243,0.0398195862318486,0.0305806028880359,0.00405902317907355,0.218507763515904,0.0145014812194165,2.7799804663573,Intermediate,Stokes-2nd,1.3729489294698,4.57641589742599,1.3729247692278,NaN,NaN,NaN,NaN,NaN,0.218507763515904,0.1,1,1.3729489294698,NaN,NaN
28/04/26,0,1.00000714285714,1,0.0226133915221207,0.0452267830442414,0.0305806028880359,0.00461020764059767,0.218507763515904,0.0164706720233603,3.15748066007299,Intermediate,Stokes-2nd,1.3729489294698,4.57641589742599,1.3729247692278,NaN,NaN,NaN,NaN,NaN,0.218507763515904,0.1,1,1.3729489294698,NaN,NaN
28/04/26,0,1.00000714285714,1,0.0252636139720464,0.0505272279440928,0.0305806028880359,0.00515051030930524,0.218507763515904,0.01840098595787,3.52752803321231,Intermediate,Stokes-2nd,1.3729489294698,4.57641589742599,1.3729247692278,NaN,NaN,NaN,NaN,NaN,0.218507763515904,0.1,1,1.3729489294698,NaN,NaN
28/04/26,0,1.00000714285714,1,0.00416856930235191,0.00833713860470382,0.0305806028880359,0.000849849082976537,0.218507763515904,0.00303621585105989,0.582052317958353,Intermediate,Linear,1.3729489294698,4.57641589742599,1.3729247692278,NaN,NaN,NaN,NaN,NaN,0.218507763515904,0.02,1,1.3729489294698,NaN,NaN
28/04/26,0,1.00000714285714,1,0.00745829784578842,0.0149165956915768,0.0305806028880359,0.00152052829761833,0.218507763515904,0.00543231993972903,1.04139315777134,Intermediate,Stokes-2nd,1.3729489294698,4.57641589742599,1.3729247692278,NaN,NaN,NaN,NaN,NaN,0.218507763515904,0.04,1,1.3729489294698,NaN,NaN
28/04/26,0,1.00000714285714,1,0.0106055842027343,0.0212111684054686,0.0305806028880359,0.0021621677259963,0.218507763515904,0.00772467494973023,1.48084496640638,Intermediate,Stokes-2nd,1.3729489294698,4.57641589742599,1.3729247692278,NaN,NaN,NaN,NaN,NaN,0.218507763515904,0.04,1,1.3729489294698,NaN,NaN
28/04/26,0,1.00000714285714,1,0.0121496040721798,0.0242992081443596,0.0305806028880359,0.00247694811585463,0.218507763515904,0.00884927604471908,1.69643460371371,Intermediate,Stokes-2nd,1.3729489294698,4.57641589742599,1.3729247692278,NaN,NaN,NaN,NaN,NaN,0.218507763515904,0.06,1,1.3729489294698,NaN,NaN
28/04/26,0,1.33334285714286,1.4,0.00827452821319327,0.0165490564263865,0.0172015891245202,0.000948900230150673,0.139267164781132,0.00384123361384303,2.84416320411435,Intermediate,Stokes-2nd,2.15413303251683,2.91680467841788,0.875041403525364,NaN,NaN,NaN,NaN,NaN,0.139267164781132,0.02,0.714285714285714,2.15413303251683,NaN,NaN
28/04/26,0,1.00000714285714,1,0.0137044654001974,0.0274089308003948,0.0305806028880359,0.00279393876130843,0.218507763515904,0.00998177361592739,1.91353802084194,Intermediate,Stokes-2nd,1.3729489294698,4.57641589742599,1.3729247692278,NaN,NaN,NaN,NaN,NaN,0.218507763515904,0.06,1,1.3729489294698,NaN,NaN
28/04/26,0,0.800005714285712,0.8,0.0107344082418589,0.0214688164837178,0.0477821920125564,0.00341942370502446,0.312324375650456,0.011175391173719,0.733626630880127,Intermediate,Stokes-2nd,0.96053982138029,6.54130642720328,1.96239192816099,NaN,NaN,NaN,NaN,NaN,0.312324375650456,0.08,1.25,0.96053982138029,NaN,NaN
28/04/26,0,0.666671428571427,0.6,0.00590190605578882,0.0118038121115776,0.0688063564980812,0.0027072576806186,0.535025059937172,0.0105255588041399,0.137452544728171,Deep,Stokes-2nd,0.560721398798084,11.2055386519004,3.36166159557012,NaN,NaN,NaN,NaN,NaN,0.535025059937172,0.06,1.66666666666667,0.560721398798084,NaN,NaN
28/04/26,0,1.00000714285714,1,0.0165770144706339,0.0331540289412678,0.0305806028880359,0.00337956731063787,0.218507763515904,0.0120740211924966,2.31462859260078,Intermediate,Stokes-2nd,1.3729489294698,4.57641589742599,1.3729247692278,NaN,NaN,NaN,NaN,NaN,0.218507763515904,0.08,1,1.3729489294698,NaN,NaN
28/04/26,0,1.00000714285714,1,0.0180037664717121,0.0360075329434242,0.0305806028880359,0.00367044021973575,0.218507763515904,0.0131132091553214,2.51384425849141,Intermediate,Stokes-2nd,1.3729489294698,4.57641589742599,1.3729247692278,NaN,NaN,NaN,NaN,NaN,0.218507763515904,0.08,1,1.3729489294698,NaN,NaN
28/04/26,0,1.00000714285714,1,0.0193729817597935,0.038745963519587,0.0305806028880359,0.00394958307968938,0.218507763515904,0.0141104897232229,2.70502614234834,Intermediate,Stokes-2nd,1.3729489294698,4.57641589742599,1.3729247692278,NaN,NaN,NaN,NaN,NaN,0.218507763515904,0.08,1,1.3729489294698,NaN,NaN
28/04/26,0,1.00000714285714,1,0.0219800458874783,0.0439600917749566,0.0305806028880359,0.00448108703163854,0.218507763515904,0.0160093688961661,3.06904737086165,Intermediate,Stokes-2nd,1.3729489294698,4.57641589742599,1.3729247692278,NaN,NaN,NaN,NaN,NaN,0.218507763515904,0.1,1,1.3729489294698,NaN,NaN
28/04/26,0,1.00000714285714,1,0.0245626526328345,0.049125305265669,0.0305806028880359,0.00500760484027654,0.218507763515904,0.0178904343093956,3.42965364449643,Intermediate,Stokes-2nd,1.3729489294698,4.57641589742599,1.3729247692278,NaN,NaN,NaN,NaN,NaN,0.218507763515904,0.1,1,1.3729489294698,NaN,NaN
28/04/26,0,1.00000714285714,1,0.00152063055644364,0.00304126111288728,0.0305806028880359,0.00031001199457344,0.218507763515904,0.00110756527340815,0.212323815664275,Intermediate,Linear,1.3729489294698,4.57641589742599,1.3729247692278,NaN,NaN,NaN,NaN,NaN,0.218507763515904,0.02,1,1.3729489294698,NaN,NaN
28/04/26,0,1.00000714285714,1,0.00321724443006232,0.00643448886012464,0.0305806028880359,0.000655901828729875,0.218507763515904,0.00234330961698972,0.449219970242512,Intermediate,Linear,1.3729489294698,4.57641589742599,1.3729247692278,NaN,NaN,NaN,NaN,NaN,0.218507763515904,0.02,1,1.3729489294698,NaN,NaN
28/04/26,0,1.00000714285714,1,0.00502047912946266,0.0100409582589253,0.0305806028880359,0.0010235285237718,0.218507763515904,0.00365671222119052,0.701003462486896,Intermediate,Stokes-2nd,1.3729489294698,4.57641589742599,1.3729247692278,NaN,NaN,NaN,NaN,NaN,0.218507763515904,0.02,1,1.3729489294698,NaN,NaN
28/04/26,0,1.00000714285714,1,0.00593629358519993,0.0118725871703999,0.0305806028880359,0.00121023624503863,0.218507763515904,0.00432375411625281,0.82887753344954,Intermediate,Stokes-2nd,1.3729489294698,4.57641589742599,1.3729247692278,NaN,NaN,NaN,NaN,NaN,0.218507763515904,0.02,1,1.3729489294698,NaN,NaN
28/04/26,0,1.33334285714286,1.4,0.0130456489504106,0.0260912979008212,0.0172015891245202,0.00149603928738461,0.139267164781132,0.00605610180684543,4.484117252678,Intermediate,Stokes-2nd,2.15413303251683,2.91680467841788,0.875041403525364,NaN,NaN,NaN,NaN,NaN,0.139267164781132,0.04,0.714285714285714,2.15413303251683,NaN,NaN
28/04/26,0,1.00000714285714,1,0.00685754718000002,0.01371509436,0.0305806028880359,0.00139805284731701,0.218507763515904,0.00499475765835532,0.957511064857623,Intermediate,Stokes-2nd,1.3729489294698,4.57641589742599,1.3729247692278,NaN,NaN,NaN,NaN,NaN,0.218507763515904,0.04,1,1.3729489294698,NaN,NaN
28/04/26,0,0.800005714285712,0.8,0.00372713609770078,0.00745427219540156,0.0477821920125564,0.00118727155118179,0.312324375650456,0.00388025151559558,0.254725387425215,Intermediate,Stokes-2nd,0.96053982138029,6.54130642720328,1.96239192816099,NaN,NaN,NaN,NaN,NaN,0.312324375650456,0.02,1.25,0.96053982138029,NaN,NaN
28/04/26,0,0.666671428571427,0.6,0.00832244381898044,0.0166448876379609,0.0688063564980812,0.00381758024229347,0.535025059937172,0.0148423866769125,0.193825701470472,Deep,Stokes-2nd,0.560721398798084,11.2055386519004,3.36166159557012,NaN,NaN,NaN,NaN,NaN,0.535025059937172,0.1,1.66666666666667,0.560721398798084,NaN,NaN
28/04/26,0,1.00000714285714,1,0.00877168976534294,0.0175433795306859,0.0305806028880359,0.00178829040914001,0.218507763515904,0.00638894104293475,1.22478049182218,Intermediate,Stokes-2nd,1.3729489294698,4.57641589742599,1.3729247692278,NaN,NaN,NaN,NaN,NaN,0.218507763515904,0.04,1,1.3729489294698,NaN,NaN
28/04/26,0,1.00000714285714,1,0.00979068761826535,0.0195813752365307,0.0305806028880359,0.00199603420036655,0.218507763515904,0.00713113751583337,1.36706193643039,Intermediate,Stokes-2nd,1.3729489294698,4.57641589742599,1.3729247692278,NaN,NaN,NaN,NaN,NaN,0.218507763515904,0.04,1,1.3729489294698,NaN,NaN
28/04/26,0,1.00000714285714,1,0.0108221890246025,0.021644378049205,0.0305806028880359,0.0022063270996042,0.218507763515904,0.00788244106704083,1.51108923716331,Intermediate,Stokes-2nd,1.3729489294698,4.57641589742599,1.3729247692278,NaN,NaN,NaN,NaN,NaN,0.218507763515904,0.04,1,1.3729489294698,NaN,NaN
28/04/26,0,1.00000714285714,1,0.0130586924785761,0.0261173849571522,0.0305806028880359,0.00266228459282878,0.218507763515904,0.00951141895978538,1.8233695244966,Intermediate,Stokes-2nd,1.3729489294698,4.57641589742599,1.3729247692278,NaN,NaN,NaN,NaN,NaN,0.218507763515904,0.06,1,1.3729489294698,NaN,NaN
28/04/26,0,1.00000714285714,1,0.0161204693636744,0.0322409387273488,0.0305806028880359,0.0032864911465285,0.218507763515904,0.0117414923582771,2.25088174842372,Intermediate,Stokes-2nd,1.3729489294698,4.57641589742599,1.3729247692278,NaN,NaN,NaN,NaN,NaN,0.218507763515904,0.08,1,1.3729489294698,NaN,NaN
28/04/26,0,1.00000714285714,1,0.00390317085281415,0.0078063417056283,0.0305806028880359,0.000795742119027106,0.218507763515904,0.00284291044556294,0.544995051656255,Intermediate,Linear,1.3729489294698,4.57641589742599,1.3729247692278,NaN,NaN,NaN,NaN,NaN,0.218507763515904,0.02,1,1.3729489294698,NaN,NaN
28/04/26,0,1.00016583333333,1,0.00721505352539706,0.0144301070507941,0.0305708995662745,0.00147047117793472,0.218507763515904,0.00525515069827349,1.00742924587617,Intermediate,Stokes-2nd,1.3729489294698,4.57641589742599,1.3729247692278,NaN,NaN,NaN,NaN,NaN,0.218507763515904,0.04,1,1.3729489294698,NaN,NaN
28/04/26,0,1.00000714285714,1,0.00720670264188284,0.0144134052837657,0.0305806028880359,0.00146923541082386,0.218507763515904,0.00524906825533991,1.00626322205507,Intermediate,Stokes-2nd,1.3729489294698,4.57641589742599,1.3729247692278,NaN,NaN,NaN,NaN,NaN,0.218507763515904,0.04,1,1.3729489294698,NaN,NaN
28/04/26,0,0.998831166666666,1,0.0107249324717288,0.0214498649434576,0.0306526535650582,0.00219165093043031,0.218507763515904,0.00781160336085517,1.49750942166046,Intermediate,Stokes-2nd,1.3729489294698,4.57641589742599,1.3729247692278,NaN,NaN,NaN,NaN,NaN,0.218507763515904,0.04,1,1.3729489294698,NaN,NaN
28/04/26,0,1.00000714285714,1,0.0105103981823937,0.0210207963647874,0.0305806028880359,0.00214276208673944,0.218507763515904,0.00765534533498822,1.46755425687081,Intermediate,Stokes-2nd,1.3729489294698,4.57641589742599,1.3729247692278,NaN,NaN,NaN,NaN,NaN,0.218507763515904,0.04,1,1.3729489294698,NaN,NaN
28/04/26,0,0.999748750000007,1,0.0117131228868621,0.0234262457737242,0.0305964125211968,0.00238919693171936,0.218507763515904,0.0085313609526506,1.63548926078369,Intermediate,Stokes-2nd,1.3729489294698,4.57641589742599,1.3729247692278,NaN,NaN,NaN,NaN,NaN,0.218507763515904,0.06,1,1.3729489294698,NaN,NaN
28/04/26,0,1.00000714285714,1,0.0121428529864301,0.0242857059728602,0.0305806028880359,0.00247557176737213,0.218507763515904,0.00884435882922417,1.69549195773032,Intermediate,Stokes-2nd,1.3729489294698,4.57641589742599,1.3729247692278,NaN,NaN,NaN,NaN,NaN,0.218507763515904,0.06,1,1.3729489294698,NaN,NaN
28/04/26,0,1.00016583333333,1,0.0101480475947032,0.0202960951894064,0.0305708995662745,0.00206823295874297,0.218507763515904,0.0073914239465718,1.41695968012721,Intermediate,Stokes-2nd,1.3729489294698,4.57641589742599,1.3729247692278,NaN,NaN,NaN,NaN,NaN,0.218507763515904,0.04,1,1.3729489294698,NaN,NaN
28/04/26,0,1.33334285714286,1.2,0.00206588131331885,0.0041317626266377,0.0172015891245202,0.000236909610211567,0.169451211837141,0.00116688697351194,0.47965033279338,Intermediate,Linear,1.77042109494224,3.54897788166299,1.0646933644989,NaN,NaN,NaN,NaN,NaN,0.169451211837141,0.02,0.833333333333333,1.77042109494224,NaN,NaN
28/04/26,0,1.33868854166666,1.2,0.00184157694377281,0.00368315388754562,0.0170644837876625,0.000209503732671628,0.169451211837141,0.00104019148271213,0.427571994698087,Intermediate,Linear,1.77042109494224,3.54897788166299,1.0646933644989,NaN,NaN,NaN,NaN,NaN,0.169451211837141,0.02,0.833333333333333,1.77042109494224,NaN,NaN
28/04/26,0,1.00000714285714,1,0.0137761301148068,0.0275522602296136,0.0305806028880359,0.00280854909583213,0.218507763515904,0.0100339712709684,1.92354447874842,Intermediate,Stokes-2nd,1.3729489294698,4.57641589742599,1.3729247692278,NaN,NaN,NaN,NaN,NaN,0.218507763515904,0.06,1,1.3729489294698,NaN,NaN
28/04/26,0,1.00016583333333,1,0.0133304274549548,0.0266608549099096,0.0305708995662745,0.00271682105933955,0.218507763515904,0.00970933963297724,1.86131155242027,Intermediate,Stokes-2nd,1.3729489294698,4.57641589742599,1.3729247692278,NaN,NaN,NaN,NaN,NaN,0.218507763515904,0.06,1,1.3729489294698,NaN,NaN
28/04/26,0,0.800005714285712,0.8,0.0073857829264019,0.0147715658528038,0.0477821920125564,0.00235272598634931,0.312324375650456,0.00768920013726091,0.504769981039018,Intermediate,Stokes-2nd,0.96053982138029,6.54130642720328,1.96239192816099,NaN,NaN,NaN,NaN,NaN,0.312324375650456,0.04,1.25,0.96053982138029,NaN,NaN
28/04/26,0,0.856750978237909,0.8,0.00174195234251818,0.00348390468503636,0.0416622796184333,0.000483824703839849,0.312324375650456,0.00181351392596614,0.119051055205075,Intermediate,Linear,0.96053982138029,6.54130642720328,1.96239192816099,NaN,NaN,NaN,NaN,NaN,0.312324375650456,0.02,1.25,0.96053982138029,NaN,NaN
28/04/26,0,0.666671428571427,0.6,0.010884127689902,0.021768255379804,0.0688063564980812,0.00499264780001356,0.535025059937172,0.0194109368988455,0.253486082967382,Deep,Stokes-2nd,0.560721398798084,11.2055386519004,3.36166159557012,NaN,NaN,NaN,NaN,NaN,0.535025059937172,0.1,1.66666666666667,0.560721398798084,NaN,NaN
28/04/26,0,0.666666,0.6,0.00860913250868847,0.0172182650173769,0.0688074770644266,0.00394915125090794,0.535025059937172,0.0153536721215604,0.200502542743895,Deep,Stokes-2nd,0.560721398798084,11.2055386519004,3.36166159557012,NaN,NaN,NaN,NaN,NaN,0.535025059937172,0.1,1.66666666666667,0.560721398798084,NaN,NaN
28/04/26,0,1.00000714285714,1,0.0168326853036388,0.0336653706072776,0.0305806028880359,0.00343169109873237,0.218507763515904,0.0122602413988838,2.35032760350625,Intermediate,Stokes-2nd,1.3729489294698,4.57641589742599,1.3729247692278,NaN,NaN,NaN,NaN,NaN,0.218507763515904,0.08,1,1.3729489294698,NaN,NaN
28/04/26,0,1.00016597261646,1,0.0160508752545898,0.0321017505091796,0.0305708910516672,0.00327126372461311,0.218507763515904,0.0116908028478439,2.24116440667625,Intermediate,Stokes-2nd,1.3729489294698,4.57641589742599,1.3729247692278,NaN,NaN,NaN,NaN,NaN,0.218507763515904,0.08,1,1.3729489294698,NaN,NaN
28/04/26,0,1.00000714285714,1,0.0183218088762631,0.0366436177525262,0.0305806028880359,0.00373527974290329,0.218507763515904,0.0133448582703936,2.55825213691472,Intermediate,Stokes-2nd,1.3729489294698,4.57641589742599,1.3729247692278,NaN,NaN,NaN,NaN,NaN,0.218507763515904,0.08,1,1.3729489294698,NaN,NaN
28/04/26,0,0.998998000000001,1,0.0181298185869793,0.0362596371739586,0.0306424163926939,0.00370360966844148,0.218507763515904,0.013205020374633,2.53144476373753,Intermediate,Stokes-2nd,1.3729489294698,4.57641589742599,1.3729247692278,NaN,NaN,NaN,NaN,NaN,0.218507763515904,0.08,1,1.3729489294698,NaN,NaN
28/04/26,0,1.00000714285714,1,0.0197807410861834,0.0395614821723668,0.0305806028880359,0.00403271325325087,0.218507763515904,0.0144074849847636,2.76196108666136,Intermediate,Stokes-2nd,1.3729489294698,4.57641589742599,1.3729247692278,NaN,NaN,NaN,NaN,NaN,0.218507763515904,0.1,1,1.3729489294698,NaN,NaN
28/04/26,0,0.999588333333338,1,0.0186112421066969,0.0372224842133938,0.0306062337009437,0.00379746683588273,0.218507763515904,0.0135556696299578,2.5986653507656,Intermediate,Stokes-2nd,1.3729489294698,4.57641589742599,1.3729247692278,NaN,NaN,NaN,NaN,NaN,0.218507763515904,0.08,1,1.3729489294698,NaN,NaN
28/04/26,0,1.00000714285714,1,0.0225552261881915,0.045110452376383,0.0305806028880359,0.00459834943407275,0.218507763515904,0.0164283067665902,3.14935910445457,Intermediate,Stokes-2nd,1.3729489294698,4.57641589742599,1.3729247692278,NaN,NaN,NaN,NaN,NaN,0.218507763515904,0.1,1,1.3729489294698,NaN,NaN
28/04/26,0,0.999808333333334,1,0.0215273835202401,0.0430547670404802,0.0305927658584048,0.00439054802385859,0.218507763515904,0.0156796680911893,3.00584266896192,Intermediate,Stokes-2nd,1.3729489294698,4.57641589742599,1.3729247692278,NaN,NaN,NaN,NaN,NaN,0.218507763515904,0.1,1,1.3729489294698,NaN,NaN
28/04/26,0,1.00000714285714,1,0.0253233756766568,0.0506467513533136,0.0305806028880359,0.00516269396901593,0.218507763515904,0.018444513945931,3.53587248814892,Intermediate,Stokes-2nd,1.3729489294698,4.57641589742599,1.3729247692278,NaN,NaN,NaN,NaN,NaN,0.218507763515904,0.1,1,1.3729489294698,NaN,NaN
28/04/26,0,1.00016583333334,1,0.0249708962551229,0.0499417925102458,0.0305708995662744,0.00508921840996814,0.218507763515904,0.0181877823123152,3.48665621046327,Intermediate,Stokes-2nd,1.3729489294698,4.57641589742599,1.3729247692278,NaN,NaN,NaN,NaN,NaN,0.218507763515904,0.1,1,1.3729489294698,NaN,NaN
28/04/26,0,1.00000714285714,1,0.00148231299699813,0.00296462599399626,0.0305806028880359,0.000302200167446494,0.218507763515904,0.00107965632601539,0.20697358092518,Intermediate,Linear,1.3729489294698,4.57641589742599,1.3729247692278,NaN,NaN,NaN,NaN,NaN,0.218507763515904,0.02,1,1.3729489294698,NaN,NaN
28/04/26,0,1.00000714285714,1,0.00308526479154713,0.00617052958309426,0.0305806028880359,0.000628995049298277,0.218507763515904,0.00224718103151775,0.430791812054586,Intermediate,Linear,1.3729489294698,4.57641589742599,1.3729247692278,NaN,NaN,NaN,NaN,NaN,0.218507763515904,0.02,1,1.3729489294698,NaN,NaN
28/04/26,0,1.00000714285714,1,0.00477835383737021,0.00955670767474042,0.0305806028880359,0.000974166274394272,0.218507763515904,0.00348035803430467,0.667195799167195,Intermediate,Stokes-2nd,1.3729489294698,4.57641589742599,1.3729247692278,NaN,NaN,NaN,NaN,NaN,0.218507763515904,0.02,1,1.3729489294698,NaN,NaN
28/04/26,0,1.00000714285714,1,0.00563538590633861,0.0112707718126772,0.0305806028880359,0.0011488899901505,0.218507763515904,0.00410458523647698,0.786862156165568,Intermediate,Stokes-2nd,1.3729489294698,4.57641589742599,1.3729247692278,NaN,NaN,NaN,NaN,NaN,0.218507763515904,0.02,1,1.3729489294698,NaN,NaN
28/04/26,0,1.33334285714286,1.2,0.0120372495721234,0.0240744991442468,0.0172015891245202,0.00138039880885982,0.169451211837141,0.00679908842394138,2.79477370067815,Intermediate,Stokes-2nd,1.77042109494224,3.54897788166299,1.0646933644989,NaN,NaN,NaN,NaN,NaN,0.169451211837141,0.04,0.833333333333333,1.77042109494224,NaN,NaN
28/04/26,0,1.00000714285714,1,0.00650204772404182,0.0130040954480836,0.0305806028880359,0.00132557692938654,0.218507763515904,0.00473582635484683,0.907873103397642,Intermediate,Stokes-2nd,1.3729489294698,4.57641589742599,1.3729247692278,NaN,NaN,NaN,NaN,NaN,0.218507763515904,0.02,1,1.3729489294698,NaN,NaN
28/04/26,0,0.800005714285712,0.8,0.00911120594262962,0.0182224118852592,0.0477821920125564,0.00290235594544449,0.312324375650456,0.00948550569151508,0.622691364846847,Intermediate,Stokes-2nd,0.96053982138029,6.54130642720328,1.96239192816099,NaN,NaN,NaN,NaN,NaN,0.312324375650456,0.06,1.25,0.96053982138029,NaN,NaN
28/04/26,0,0.666671428571427,0.6,0.00965227498009603,0.0193045499601921,0.0688063564980812,0.00442758582198664,0.535025059937172,0.0172140299991865,0.224796827650102,Deep,Stokes-2nd,0.560721398798084,11.2055386519004,3.36166159557012,NaN,NaN,NaN,NaN,NaN,0.535025059937172,0.1,1.66666666666667,0.560721398798084,NaN,NaN
28/04/26,0,1.00000714285714,1,0.00819569222280254,0.0163913844456051,0.0305806028880359,0.00167086139505392,0.218507763515904,0.00596940792689756,1.14435464773587,Intermediate,Stokes-2nd,1.3729489294698,4.57641589742599,1.3729247692278,NaN,NaN,NaN,NaN,NaN,0.218507763515904,0.04,1,1.3729489294698,NaN,NaN
28/04/26,0,1.00000714285714,1,0.00903224520463127,0.0180644904092625,0.0305806028880359,0.00184141002526797,0.218507763515904,0.00657871899730408,1.26116153442806,Intermediate,Stokes-2nd,1.3729489294698,4.57641589742599,1.3729247692278,NaN,NaN,NaN,NaN,NaN,0.218507763515904,0.04,1,1.3729489294698,NaN,NaN
28/04/26,0,1.00000714285714,1,0.00985826944362334,0.0197165388872467,0.0305806028880359,0.00200981215345803,0.218507763515904,0.00718036136087769,1.37649830542137,Intermediate,Stokes-2nd,1.3729489294698,4.57641589742599,1.3729247692278,NaN,NaN,NaN,NaN,NaN,0.218507763515904,0.04,1,1.3729489294698,NaN,NaN
28/04/26,0,1.00000714285714,1,0.0114733014042084,0.0229466028084168,0.0305806028880359,0.00233906982704561,0.218507763515904,0.00835668476659151,1.60200327560503,Intermediate,Stokes-2nd,1.3729489294698,4.57641589742599,1.3729247692278,NaN,NaN,NaN,NaN,NaN,0.218507763515904,0.06,1,1.3729489294698,NaN,NaN
28/04/26,0,1.00000714285714,1,0.0129928062584274,0.0259856125168548,0.0305806028880359,0.00264885232393437,0.218507763515904,0.00946343012441469,1.81416991082161,Intermediate,Stokes-2nd,1.3729489294698,4.57641589742599,1.3729247692278,NaN,NaN,NaN,NaN,NaN,0.218507763515904,0.06,1,1.3729489294698,NaN,NaN
28/04/26,0,1.00000714285714,1,0.00133765565724015,0.0026753113144803,0.0305806028880359,0.000272708776366638,0.218507763515904,0.000974293820059804,0.186775250560775,Intermediate,Linear,1.3729489294698,4.57641589742599,1.3729247692278,NaN,NaN,NaN,NaN,NaN,0.218507763515904,0.02,1,1.3729489294698,NaN,NaN
28/04/26,0,1.00002680555556,1,0.00355371060223386,0.00710742120446772,0.0305794003377498,0.000724468927934768,0.218507763515904,0.00258837785292292,0.496200337179563,Intermediate,Linear,1.3729489294698,4.57641589742599,1.3729247692278,NaN,NaN,NaN,NaN,NaN,0.218507763515904,0.02,1,1.3729489294698,NaN,NaN
28/04/26,0,1.00000714285714,1,0.00286977034491319,0.00573954068982638,0.0305806028880359,0.000585062048651014,0.218507763515904,0.00209022366623748,0.400702581656121,Intermediate,Linear,1.3729489294698,4.57641589742599,1.3729247692278,NaN,NaN,NaN,NaN,NaN,0.218507763515904,0.02,1,1.3729489294698,NaN,NaN
28/04/26,0,1.00016591687531,1,0.00719298424798012,0.0143859684959602,0.0305708944592152,0.00146597308194532,0.218507763515904,0.00523907633677086,1.00434773921417,Intermediate,Stokes-2nd,1.3729489294698,4.57641589742599,1.3729247692278,NaN,NaN,NaN,NaN,NaN,0.218507763515904,0.04,1,1.3729489294698,NaN,NaN
28/04/26,0,1.00000714285714,1,0.00447189172889514,0.00894378345779028,0.0305806028880359,0.000911687634130897,0.218507763515904,0.00325714353455381,0.624404863556822,Intermediate,Stokes-2nd,1.3729489294698,4.57641589742599,1.3729247692278,NaN,NaN,NaN,NaN,NaN,0.218507763515904,0.02,1,1.3729489294698,NaN,NaN
28/04/26,0,0.999331666666668,1,0.0103365975607055,0.020673195121411,0.0306219574272199,0.00211017900297486,0.218507763515904,0.00752875605117901,1.44328668510244,Intermediate,Stokes-2nd,1.3729489294698,4.57641589742599,1.3729247692278,NaN,NaN,NaN,NaN,NaN,0.218507763515904,0.04,1,1.3729489294698,NaN,NaN
28/04/26,0,1.00000714285714,1,0.00529185654256481,0.0105837130851296,0.0305806028880359,0.00107885442312419,0.218507763515904,0.00385437245987613,0.738895564280317,Intermediate,Stokes-2nd,1.3729489294698,4.57641589742599,1.3729247692278,NaN,NaN,NaN,NaN,NaN,0.218507763515904,0.02,1,1.3729489294698,NaN,NaN
28/04/26,0,1.00016583333334,1,0.0120604832676666,0.0241209665353332,0.0305708995662744,0.00245799881797713,0.218507763515904,0.00878436408579602,1.6839907729692,Intermediate,Stokes-2nd,1.3729489294698,4.57641589742599,1.3729247692278,NaN,NaN,NaN,NaN,NaN,0.218507763515904,0.06,1,1.3729489294698,NaN,NaN
28/04/26,0,1.33334285714286,1.2,0.0115523226344342,0.0231046452688684,0.0172015891245202,0.00132478871594288,0.169451211837141,0.00652518356646168,2.68218477045087,Intermediate,Stokes-2nd,1.77042109494224,3.54897788166299,1.0646933644989,NaN,NaN,NaN,NaN,NaN,0.169451211837141,0.04,0.833333333333333,1.77042109494224,NaN,NaN
28/04/26,0,1.33244222222223,1.2,0.00173544925239666,0.00347089850479332,0.0172248510528112,0.000199285699214966,0.169451211837141,0.000980246596334913,0.402931575057819,Intermediate,Linear,1.77042109494224,3.54897788166299,1.0646933644989,NaN,NaN,NaN,NaN,NaN,0.169451211837141,0.02,0.833333333333333,1.77042109494224,NaN,NaN
28/04/26,0,1.00000714285714,1,0.00611297461119011,0.0122259492223802,0.0305806028880359,0.00124625632699634,0.218507763515904,0.00445244136906884,0.853547292606194,Intermediate,Stokes-2nd,1.3729489294698,4.57641589742599,1.3729247692278,NaN,NaN,NaN,NaN,NaN,0.218507763515904,0.02,1,1.3729489294698,NaN,NaN
28/04/26,0,0.999999,1,0.0139343757290768,0.0278687514581536,0.0305811009175229,0.00284085700262387,0.218507763515904,0.0101492309218362,1.9456401235397,Intermediate,Stokes-2nd,1.3729489294698,4.57641589742599,1.3729247692278,NaN,NaN,NaN,NaN,NaN,0.218507763515904,0.06,1,1.3729489294698,NaN,NaN
28/04/26,0,0.800005714285712,0.8,0.00429703667067443,0.00859407334134886,0.0477821920125564,0.00136881220855441,0.312324375650456,0.00447356431771836,0.293674366061685,Intermediate,Stokes-2nd,0.96053982138029,6.54130642720328,1.96239192816099,NaN,NaN,NaN,NaN,NaN,0.312324375650456,0.02,1.25,0.96053982138029,NaN,NaN
28/04/26,0,0.799999244555721,0.8,0.00916172676319653,0.0183234535263931,0.0477829648611129,0.00291849645328625,0.312324375650456,0.00953810197065144,0.626144132670347,Intermediate,Stokes-2nd,0.96053982138029,6.54130642720328,1.96239192816099,NaN,NaN,NaN,NaN,NaN,0.312324375650456,0.06,1.25,0.96053982138029,NaN,NaN
28/04/26,0,0.666671428571427,0.6,0.00895340477194306,0.0179068095438861,0.0688063564980812,0.00410700773739957,0.535025059937172,0.015967653082502,0.208520477664641,Deep,Stokes-2nd,0.560721398798084,11.2055386519004,3.36166159557012,NaN,NaN,NaN,NaN,NaN,0.535025059937172,0.1,1.66666666666667,0.560721398798084,NaN,NaN
28/04/26,0,0.666777222222223,0.6,0.00559822035802508,0.0111964407160502,0.0687845240241176,0.00256713948472587,0.535025059937172,0.00998396060864622,0.130379851337155,Deep,Stokes-2nd,0.560721398798084,11.2055386519004,3.36166159557012,NaN,NaN,NaN,NaN,NaN,0.535025059937172,0.06,1.66666666666667,0.560721398798084,NaN,NaN
28/04/26,0,1.00000714285714,1,0.00773138391474456,0.0154627678294891,0.0305806028880359,0.00157620254181168,0.218507763515904,0.00563122469364555,1.07952383712658,Intermediate,Stokes-2nd,1.3729489294698,4.57641589742599,1.3729247692278,NaN,NaN,NaN,NaN,NaN,0.218507763515904,0.04,1,1.3729489294698,NaN,NaN
28/04/26,0,1.00002680555555,1,0.0170278310649027,0.0340556621298054,0.0305794003377502,0.00347133908678159,0.218507763515904,0.0124023776117284,2.37757557144079,Intermediate,Stokes-2nd,1.3729489294698,4.57641589742599,1.3729247692278,NaN,NaN,NaN,NaN,NaN,0.218507763515904,0.08,1,1.3729489294698,NaN,NaN
28/04/26,0,1.00000714285714,1,0.00852343422207974,0.0170468684441595,0.0305806028880359,0.00173767838125144,0.218507763515904,0.00620812183113853,1.19011686890464,Intermediate,Stokes-2nd,1.3729489294698,4.57641589742599,1.3729247692278,NaN,NaN,NaN,NaN,NaN,0.218507763515904,0.04,1,1.3729489294698,NaN,NaN
28/04/26,0,1.00002680555555,1,0.0186640145198368,0.0373280290396736,0.0305794003377502,0.00380489581274448,0.218507763515904,0.013594106903193,2.60603389934053,Intermediate,Stokes-2nd,1.3729489294698,4.57641589742599,1.3729247692278,NaN,NaN,NaN,NaN,NaN,0.218507763515904,0.08,1,1.3729489294698,NaN,NaN
28/04/26,0,1.00000714285714,1,0.00932549998675047,0.0186509999735009,0.0305806028880359,0.001901196078848,0.218507763515904,0.00679231381924144,1.30210834694442,Intermediate,Stokes-2nd,1.3729489294698,4.57641589742599,1.3729247692278,NaN,NaN,NaN,NaN,NaN,0.218507763515904,0.04,1,1.3729489294698,NaN,NaN
28/04/26,0,1.00016591068917,1,0.0201955518748125,0.040391103749625,0.0305708948373841,0.00411597395031886,0.218507763515904,0.0147096162437823,2.81988061816573,Intermediate,Stokes-2nd,1.3729489294698,4.57641589742599,1.3729247692278,NaN,NaN,NaN,NaN,NaN,0.218507763515904,0.1,1,1.3729489294698,NaN,NaN
28/04/26,0,1.00000714285714,1,0.0108434989190043,0.0216869978380086,0.0305806028880359,0.00221067156239278,0.218507763515904,0.00789796232492916,1.51406471208825,Intermediate,Stokes-2nd,1.3729489294698,4.57641589742599,1.3729247692278,NaN,NaN,NaN,NaN,NaN,0.218507763515904,0.04,1,1.3729489294698,NaN,NaN
28/04/26,0,0.999609722222223,1,0.0231120012493976,0.0462240024987952,0.0306049239371158,0.00471560693514892,0.218507763515904,0.0168338390112755,3.22710093659193,Intermediate,Stokes-2nd,1.3729489294698,4.57641589742599,1.3729247692278,NaN,NaN,NaN,NaN,NaN,0.218507763515904,0.1,1,1.3729489294698,NaN,NaN
28/04/26,0,1.00000714285714,1,0.012279982436423,0.024559964872846,0.0305806028880359,0.00250352844240205,0.218507763515904,0.00894423832732455,1.71463917790096,Intermediate,Stokes-2nd,1.3729489294698,4.57641589742599,1.3729247692278,NaN,NaN,NaN,NaN,NaN,0.218507763515904,0.06,1,1.3729489294698,NaN,NaN
28/04/26,0,1.00016583333334,1,0.0258591329587899,0.0517182659175798,0.0305708995662744,0.00527024637702735,0.218507763515904,0.0188347376976186,3.61067963307337,Intermediate,Stokes-2nd,1.3729489294698,4.57641589742599,1.3729247692278,NaN,NaN,NaN,NaN,NaN,0.218507763515904,0.1,1,1.3729489294698,NaN,NaN
28/04/26,0,1.00000714285714,1,0.0039607975403689,0.0079215950807378,0.0305806028880359,0.000807490511346204,0.218507763515904,0.00288488337428433,0.553041396729271,Intermediate,Linear,1.3729489294698,4.57641589742599,1.3729247692278,NaN,NaN,NaN,NaN,NaN,0.218507763515904,0.02,1,1.3729489294698,NaN,NaN
28/04/26,0,1.00000714285714,1,0.0073622890933423,0.0147245781866846,0.0305806028880359,0.00150095492740279,0.218507763515904,0.00536239108047918,1.02798757114141,Intermediate,Stokes-2nd,1.3729489294698,4.57641589742599,1.3729247692278,NaN,NaN,NaN,NaN,NaN,0.218507763515904,0.04,1,1.3729489294698,NaN,NaN
28/04/26,0,1.00000714285714,1,0.0106787056642828,0.0213574113285656,0.0305806028880359,0.00217707504851768,0.218507763515904,0.00777793363982349,1.49105482813587,Intermediate,Stokes-2nd,1.3729489294698,4.57641589742599,1.3729247692278,NaN,NaN,NaN,NaN,NaN,0.218507763515904,0.04,1,1.3729489294698,NaN,NaN
28/04/26,0,1.00000714285714,1,0.0123047714411783,0.0246095428823566,0.0305806028880359,0.00250858219380479,0.218507763515904,0.00896229362728744,1.71810043682007,Intermediate,Stokes-2nd,1.3729489294698,4.57641589742599,1.3729247692278,NaN,NaN,NaN,NaN,NaN,0.218507763515904,0.06,1,1.3729489294698,NaN,NaN
28/04/26,0,1.33334285714286,1.2,0.00963948031971598,0.019278960639432,0.0172015891245202,0.00110542919889102,0.169451211837141,0.0054447387388538,2.23806658857822,Intermediate,Stokes-2nd,1.77042109494224,3.54897788166299,1.0646933644989,NaN,NaN,NaN,NaN,NaN,0.169451211837141,0.04,0.833333333333333,1.77042109494224,NaN,NaN
28/04/26,0,1.00000714285714,1,0.0139526140674445,0.027905228134889,0.0305806028880359,0.00284452900031029,0.218507763515904,0.0101625149835928,1.9481867207899,Intermediate,Stokes-2nd,1.3729489294698,4.57641589742599,1.3729247692278,NaN,NaN,NaN,NaN,NaN,0.218507763515904,0.06,1,1.3729489294698,NaN,NaN
28/04/26,0,0.800005714285712,0.8,0.00862634858021045,0.0172526971604209,0.0477821920125564,0.00274790562817906,0.312324375650456,0.00898072978152477,0.58955453371144,Intermediate,Stokes-2nd,0.96053982138029,6.54130642720328,1.96239192816099,NaN,NaN,NaN,NaN,NaN,0.312324375650456,0.06,1.25,0.96053982138029,NaN,NaN
28/04/26,0,0.666671428571427,0.6,0.0118472541208275,0.023694508241655,0.0688063564980812,0.00543444260374012,0.535025059937172,0.0211285928202888,0.27591683289364,Deep,Stokes-2nd,0.560721398798084,11.2055386519004,3.36166159557012,NaN,NaN,NaN,NaN,NaN,0.535025059937172,0.1,1.66666666666667,0.560721398798084,NaN,NaN
28/04/26,0,1.00000714285714,1,0.0169823484172582,0.0339646968345164,0.0305806028880359,0.00346220302036292,0.218507763515904,0.0123692499063431,2.37122488405425,Intermediate,Stokes-2nd,1.3729489294698,4.57641589742599,1.3729247692278,NaN,NaN,NaN,NaN,NaN,0.218507763515904,0.08,1,1.3729489294698,NaN,NaN
28/04/26,0,1.00000714285714,1,0.018462811097265,0.03692562219453,0.0305806028880359,0.00376402596241522,0.218507763515904,0.0134475585369333,2.57794010744339,Intermediate,Stokes-2nd,1.3729489294698,4.57641589742599,1.3729247692278,NaN,NaN,NaN,NaN,NaN,0.218507763515904,0.08,1,1.3729489294698,NaN,NaN
28/04/26,0,1.00000714285714,1,0.0199097931159243,0.0398195862318486,0.0305806028880359,0.00405902317907355,0.218507763515904,0.0145014812194165,2.7799804663573,Intermediate,Stokes-2nd,1.3729489294698,4.57641589742599,1.3729247692278,NaN,NaN,NaN,NaN,NaN,0.218507763515904,0.1,1,1.3729489294698,NaN,NaN
28/04/26,0,1.00000714285714,1,0.0226133915221207,0.0452267830442414,0.0305806028880359,0.00461020764059767,0.218507763515904,0.0164706720233603,3.15748066007299,Intermediate,Stokes-2nd,1.3729489294698,4.57641589742599,1.3729247692278,NaN,NaN,NaN,NaN,NaN,0.218507763515904,0.1,1,1.3729489294698,NaN,NaN
28/04/26,0,1.00000714285714,1,0.0252636139720464,0.0505272279440928,0.0305806028880359,0.00515051030930524,0.218507763515904,0.01840098595787,3.52752803321231,Intermediate,Stokes-2nd,1.3729489294698,4.57641589742599,1.3729247692278,NaN,NaN,NaN,NaN,NaN,0.218507763515904,0.1,1,1.3729489294698,NaN,NaN
28/04/26,0,1.00000714285714,1,0.00416856930235191,0.00833713860470382,0.0305806028880359,0.000849849082976537,0.218507763515904,0.00303621585105989,0.582052317958353,Intermediate,Linear,1.3729489294698,4.57641589742599,1.3729247692278,NaN,NaN,NaN,NaN,NaN,0.218507763515904,0.02,1,1.3729489294698,NaN,NaN
28/04/26,0,1.00000714285714,1,0.00745829784578842,0.0149165956915768,0.0305806028880359,0.00152052829761833,0.218507763515904,0.00543231993972903,1.04139315777134,Intermediate,Stokes-2nd,1.3729489294698,4.57641589742599,1.3729247692278,NaN,NaN,NaN,NaN,NaN,0.218507763515904,0.04,1,1.3729489294698,NaN,NaN
28/04/26,0,1.00000714285714,1,0.0106055842027343,0.0212111684054686,0.0305806028880359,0.0021621677259963,0.218507763515904,0.00772467494973023,1.48084496640638,Intermediate,Stokes-2nd,1.3729489294698,4.57641589742599,1.3729247692278,NaN,NaN,NaN,NaN,NaN,0.218507763515904,0.04,1,1.3729489294698,NaN,NaN
28/04/26,0,1.00000714285714,1,0.0121496040721798,0.0242992081443596,0.0305806028880359,0.00247694811585463,0.218507763515904,0.00884927604471908,1.69643460371371,Intermediate,Stokes-2nd,1.3729489294698,4.57641589742599,1.3729247692278,NaN,NaN,NaN,NaN,NaN,0.218507763515904,0.06,1,1.3729489294698,NaN,NaN
28/04/26,0,1.33334285714286,1.4,0.00827452821319327,0.0165490564263865,0.0172015891245202,0.000948900230150673,0.139267164781132,0.00384123361384303,2.84416320411435,Intermediate,Stokes-2nd,2.15413303251683,2.91680467841788,0.875041403525364,NaN,NaN,NaN,NaN,NaN,0.139267164781132,0.02,0.714285714285714,2.15413303251683,NaN,NaN
28/04/26,0,1.00000714285714,1,0.0137044654001974,0.0274089308003948,0.0305806028880359,0.00279393876130843,0.218507763515904,0.00998177361592739,1.91353802084194,Intermediate,Stokes-2nd,1.3729489294698,4.57641589742599,1.3729247692278,NaN,NaN,NaN,NaN,NaN,0.218507763515904,0.06,1,1.3729489294698,NaN,NaN
28/04/26,0,0.800005714285712,0.8,0.0107344082418589,0.0214688164837178,0.0477821920125564,0.00341942370502446,0.312324375650456,0.011175391173719,0.733626630880127,Intermediate,Stokes-2nd,0.96053982138029,6.54130642720328,1.96239192816099,NaN,NaN,NaN,NaN,NaN,0.312324375650456,0.08,1.25,0.96053982138029,NaN,NaN
28/04/26,0,0.666671428571427,0.6,0.00590190605578882,0.0118038121115776,0.0688063564980812,0.0027072576806186,0.535025059937172,0.0105255588041399,0.137452544728171,Deep,Stokes-2nd,0.560721398798084,11.2055386519004,3.36166159557012,NaN,NaN,NaN,NaN,NaN,0.535025059937172,0.06,1.66666666666667,0.560721398798084,NaN,NaN
28/04/26,0,1.00000714285714,1,0.0165770144706339,0.0331540289412678,0.0305806028880359,0.00337956731063787,0.218507763515904,0.0120740211924966,2.31462859260078,Intermediate,Stokes-2nd,1.3729489294698,4.57641589742599,1.3729247692278,NaN,NaN,NaN,NaN,NaN,0.218507763515904,0.08,1,1.3729489294698,NaN,NaN
28/04/26,0,1.00000714285714,1,0.0180037664717121,0.0360075329434242,0.0305806028880359,0.00367044021973575,0.218507763515904,0.0131132091553214,2.51384425849141,Intermediate,Stokes-2nd,1.3729489294698,4.57641589742599,1.3729247692278,NaN,NaN,NaN,NaN,NaN,0.218507763515904,0.08,1,1.3729489294698,NaN,NaN
28/04/26,0,1.00000714285714,1,0.0193729817597935,0.038745963519587,0.0305806028880359,0.00394958307968938,0.218507763515904,0.0141104897232229,2.70502614234834,Intermediate,Stokes-2nd,1.3729489294698,4.57641589742599,1.3729247692278,NaN,NaN,NaN,NaN,NaN,0.218507763515904,0.08,1,1.3729489294698,NaN,NaN
28/04/26,0,1.00000714285714,1,0.0219800458874783,0.0439600917749566,0.0305806028880359,0.00448108703163854,0.218507763515904,0.0160093688961661,3.06904737086165,Intermediate,Stokes-2nd,1.3729489294698,4.57641589742599,1.3729247692278,NaN,NaN,NaN,NaN,NaN,0.218507763515904,0.1,1,1.3729489294698,NaN,NaN
28/04/26,0,1.00000714285714,1,0.0245626526328345,0.049125305265669,0.0305806028880359,0.00500760484027654,0.218507763515904,0.0178904343093956,3.42965364449643,Intermediate,Stokes-2nd,1.3729489294698,4.57641589742599,1.3729247692278,NaN,NaN,NaN,NaN,NaN,0.218507763515904,0.1,1,1.3729489294698,NaN,NaN
28/04/26,0,1.00000714285714,1,0.00152063055644364,0.00304126111288728,0.0305806028880359,0.00031001199457344,0.218507763515904,0.00110756527340815,0.212323815664275,Intermediate,Linear,1.3729489294698,4.57641589742599,1.3729247692278,NaN,NaN,NaN,NaN,NaN,0.218507763515904,0.02,1,1.3729489294698,NaN,NaN
28/04/26,0,1.00000714285714,1,0.00321724443006232,0.00643448886012464,0.0305806028880359,0.000655901828729875,0.218507763515904,0.00234330961698972,0.449219970242512,Intermediate,Linear,1.3729489294698,4.57641589742599,1.3729247692278,NaN,NaN,NaN,NaN,NaN,0.218507763515904,0.02,1,1.3729489294698,NaN,NaN
28/04/26,0,1.00000714285714,1,0.00502047912946266,0.0100409582589253,0.0305806028880359,0.0010235285237718,0.218507763515904,0.00365671222119052,0.701003462486896,Intermediate,Stokes-2nd,1.3729489294698,4.57641589742599,1.3729247692278,NaN,NaN,NaN,NaN,NaN,0.218507763515904,0.02,1,1.3729489294698,NaN,NaN
28/04/26,0,1.00000714285714,1,0.00593629358519993,0.0118725871703999,0.0305806028880359,0.00121023624503863,0.218507763515904,0.00432375411625281,0.82887753344954,Intermediate,Stokes-2nd,1.3729489294698,4.57641589742599,1.3729247692278,NaN,NaN,NaN,NaN,NaN,0.218507763515904,0.02,1,1.3729489294698,NaN,NaN
28/04/26,0,1.33334285714286,1.4,0.0130456489504106,0.0260912979008212,0.0172015891245202,0.00149603928738461,0.139267164781132,0.00605610180684543,4.484117252678,Intermediate,Stokes-2nd,2.15413303251683,2.91680467841788,0.875041403525364,NaN,NaN,NaN,NaN,NaN,0.139267164781132,0.04,0.714285714285714,2.15413303251683,NaN,NaN
28/04/26,0,1.00000714285714,1,0.00685754718000002,0.01371509436,0.0305806028880359,0.00139805284731701,0.218507763515904,0.00499475765835532,0.957511064857623,Intermediate,Stokes-2nd,1.3729489294698,4.57641589742599,1.3729247692278,NaN,NaN,NaN,NaN,NaN,0.218507763515904,0.04,1,1.3729489294698,NaN,NaN
28/04/26,0,0.800005714285712,0.8,0.00372713609770078,0.00745427219540156,0.0477821920125564,0.00118727155118179,0.312324375650456,0.00388025151559558,0.254725387425215,Intermediate,Stokes-2nd,0.96053982138029,6.54130642720328,1.96239192816099,NaN,NaN,NaN,NaN,NaN,0.312324375650456,0.02,1.25,0.96053982138029,NaN,NaN
28/04/26,0,0.666671428571427,0.6,0.00832244381898044,0.0166448876379609,0.0688063564980812,0.00381758024229347,0.535025059937172,0.0148423866769125,0.193825701470472,Deep,Stokes-2nd,0.560721398798084,11.2055386519004,3.36166159557012,NaN,NaN,NaN,NaN,NaN,0.535025059937172,0.1,1.66666666666667,0.560721398798084,NaN,NaN
28/04/26,0,1.00000714285714,1,0.00877168976534294,0.0175433795306859,0.0305806028880359,0.00178829040914001,0.218507763515904,0.00638894104293475,1.22478049182218,Intermediate,Stokes-2nd,1.3729489294698,4.57641589742599,1.3729247692278,NaN,NaN,NaN,NaN,NaN,0.218507763515904,0.04,1,1.3729489294698,NaN,NaN
28/04/26,0,1.00000714285714,1,0.00979068761826535,0.0195813752365307,0.0305806028880359,0.00199603420036655,0.218507763515904,0.00713113751583337,1.36706193643039,Intermediate,Stokes-2nd,1.3729489294698,4.57641589742599,1.3729247692278,NaN,NaN,NaN,NaN,NaN,0.218507763515904,0.04,1,1.3729489294698,NaN,NaN
28/04/26,0,1.00000714285714,1,0.0108221890246025,0.021644378049205,0.0305806028880359,0.0022063270996042,0.218507763515904,0.00788244106704083,1.51108923716331,Intermediate,Stokes-2nd,1.3729489294698,4.57641589742599,1.3729247692278,NaN,NaN,NaN,NaN,NaN,0.218507763515904,0.04,1,1.3729489294698,NaN,NaN
28/04/26,0,1.00000714285714,1,0.0130586924785761,0.0261173849571522,0.0305806028880359,0.00266228459282878,0.218507763515904,0.00951141895978538,1.8233695244966,Intermediate,Stokes-2nd,1.3729489294698,4.57641589742599,1.3729247692278,NaN,NaN,NaN,NaN,NaN,0.218507763515904,0.06,1,1.3729489294698,NaN,NaN
28/04/26,0,1.00000714285714,1,0.0161204693636744,0.0322409387273488,0.0305806028880359,0.0032864911465285,0.218507763515904,0.0117414923582771,2.25088174842372,Intermediate,Stokes-2nd,1.3729489294698,4.57641589742599,1.3729247692278,NaN,NaN,NaN,NaN,NaN,0.218507763515904,0.08,1,1.3729489294698,NaN,NaN
28/04/26,0,1.00000714285714,1,0.00390317085281415,0.0078063417056283,0.0305806028880359,0.000795742119027106,0.218507763515904,0.00284291044556294,0.544995051656255,Intermediate,Linear,1.3729489294698,4.57641589742599,1.3729247692278,NaN,NaN,NaN,NaN,NaN,0.218507763515904,0.02,1,1.3729489294698,NaN,NaN
28/04/26,0,1.00016583333333,1,0.00721505352539706,0.0144301070507941,0.0305708995662745,0.00147047117793472,0.218507763515904,0.00525515069827349,1.00742924587617,Intermediate,Stokes-2nd,1.3729489294698,4.57641589742599,1.3729247692278,NaN,NaN,NaN,NaN,NaN,0.218507763515904,0.04,1,1.3729489294698,NaN,NaN
28/04/26,0,1.00000714285714,1,0.00720670264188284,0.0144134052837657,0.0305806028880359,0.00146923541082386,0.218507763515904,0.00524906825533991,1.00626322205507,Intermediate,Stokes-2nd,1.3729489294698,4.57641589742599,1.3729247692278,NaN,NaN,NaN,NaN,NaN,0.218507763515904,0.04,1,1.3729489294698,NaN,NaN
28/04/26,0,0.999331666666668,1,0.0107264688130531,0.0214529376261062,0.0306219574272199,0.0021897698089181,0.218507763515904,0.00781272236921107,1.49772393915174,Intermediate,Stokes-2nd,1.3729489294698,4.57641589742599,1.3729247692278,NaN,NaN,NaN,NaN,NaN,0.218507763515904,0.04,1,1.3729489294698,NaN,NaN
28/04/26,0,1.00000714285714,1,0.0105103981823937,0.0210207963647874,0.0305806028880359,0.00214276208673944,0.218507763515904,0.00765534533498822,1.46755425687081,Intermediate,Stokes-2nd,1.3729489294698,4.57641589742599,1.3729247692278,NaN,NaN,NaN,NaN,NaN,0.218507763515904,0.04,1,1.3729489294698,NaN,NaN
28/04/26,0,0.999887777777781,1,0.0117135822830427,0.0234271645660854,0.0305879046553998,0.00238862625364594,0.218507763515904,0.00853169555809057,1.63555340571985,Intermediate,Stokes-2nd,1.3729489294698,4.57641589742599,1.3729247692278,NaN,NaN,NaN,NaN,NaN,0.218507763515904,0.06,1,1.3729489294698,NaN,NaN
28/04/26,0,1.00000714285714,1,0.0121428529864301,0.0242857059728602,0.0305806028880359,0.00247557176737213,0.218507763515904,0.00884435882922417,1.69549195773032,Intermediate,Stokes-2nd,1.3729489294698,4.57641589742599,1.3729247692278,NaN,NaN,NaN,NaN,NaN,0.218507763515904,0.06,1,1.3729489294698,NaN,NaN
28/04/26,0,1.00016583333333,1,0.0101475865452698,0.0202951730905396,0.0305708995662745,0.00206813899410348,0.218507763515904,0.00739108813696993,1.41689530434935,Intermediate,Stokes-2nd,1.3729489294698,4.57641589742599,1.3729247692278,NaN,NaN,NaN,NaN,NaN,0.218507763515904,0.04,1,1.3729489294698,NaN,NaN
28/04/26,0,1.33334285714286,1.2,0.00206588131331885,0.0041317626266377,0.0172015891245202,0.000236909610211567,0.169451211837141,0.00116688697351194,0.47965033279338,Intermediate,Linear,1.77042109494224,3.54897788166299,1.0646933644989,NaN,NaN,NaN,NaN,NaN,0.169451211837141,0.02,0.833333333333333,1.77042109494224,NaN,NaN
28/04/26,0,1.32713702064897,1.2,0.00184258093004325,0.0036851618600865,0.0173628382431014,0.000213282897587762,0.169451211837141,0.00104075857167945,0.427805097319052,Intermediate,Linear,1.77042109494224,3.54897788166299,1.0646933644989,NaN,NaN,NaN,NaN,NaN,0.169451211837141,0.02,0.833333333333333,1.77042109494224,NaN,NaN
28/04/26,0,1.00000714285714,1,0.0137761301148068,0.0275522602296136,0.0305806028880359,0.00280854909583213,0.218507763515904,0.0100339712709684,1.92354447874842,Intermediate,Stokes-2nd,1.3729489294698,4.57641589742599,1.3729247692278,NaN,NaN,NaN,NaN,NaN,0.218507763515904,0.06,1,1.3729489294698,NaN,NaN
28/04/26,0,1.00016583333333,1,0.0133304274549548,0.0266608549099096,0.0305708995662745,0.00271682105933955,0.218507763515904,0.00970933963297724,1.86131155242027,Intermediate,Stokes-2nd,1.3729489294698,4.57641589742599,1.3729247692278,NaN,NaN,NaN,NaN,NaN,0.218507763515904,0.06,1,1.3729489294698,NaN,NaN
28/04/26,0,0.800005714285712,0.8,0.0073857829264019,0.0147715658528038,0.0477821920125564,0.00235272598634931,0.312324375650456,0.00768920013726091,0.504769981039018,Intermediate,Stokes-2nd,0.96053982138029,6.54130642720328,1.96239192816099,NaN,NaN,NaN,NaN,NaN,0.312324375650456,0.04,1.25,0.96053982138029,NaN,NaN
28/04/26,0,0.774126944839829,0.8,0.00583895408284884,0.0116779081656977,0.0510302715233273,0.00198642274840011,0.312324375650456,0.00607882562792482,0.399054341436371,Intermediate,Stokes-2nd,0.96053982138029,6.54130642720328,1.96239192816099,NaN,NaN,NaN,NaN,NaN,0.312324375650456,0.04,1.25,0.96053982138029,NaN,NaN
28/04/26,0,0.666671428571427,0.6,0.010884127689902,0.021768255379804,0.0688063564980812,0.00499264780001356,0.535025059937172,0.0194109368988455,0.253486082967382,Deep,Stokes-2nd,0.560721398798084,11.2055386519004,3.36166159557012,NaN,NaN,NaN,NaN,NaN,0.535025059937172,0.1,1.66666666666667,0.560721398798084,NaN,NaN
28/04/26,0,0.666666,0.6,0.00860913250868847,0.0172182650173769,0.0688074770644266,0.00394915125090794,0.535025059937172,0.0153536721215604,0.200502542743895,Deep,Stokes-2nd,0.560721398798084,11.2055386519004,3.36166159557012,NaN,NaN,NaN,NaN,NaN,0.535025059937172,0.1,1.66666666666667,0.560721398798084,NaN,NaN
28/04/26,0,1.00000714285714,1,0.0168326853036388,0.0336653706072776,0.0305806028880359,0.00343169109873237,0.218507763515904,0.0122602413988838,2.35032760350625,Intermediate,Stokes-2nd,1.3729489294698,4.57641589742599,1.3729247692278,NaN,NaN,NaN,NaN,NaN,0.218507763515904,0.08,1,1.3729489294698,NaN,NaN
28/04/26,0,1.00016586117137,1,0.0160528982934789,0.0321057965869578,0.0305708978644894,0.00327167676105987,0.218507763515904,0.0116922763468545,2.24144688116314,Intermediate,Stokes-2nd,1.3729489294698,4.57641589742599,1.3729247692278,NaN,NaN,NaN,NaN,NaN,0.218507763515904,0.08,1,1.3729489294698,NaN,NaN
28/04/26,0,1.00000714285714,1,0.0183218088762631,0.0366436177525262,0.0305806028880359,0.00373527974290329,0.218507763515904,0.0133448582703936,2.55825213691472,Intermediate,Stokes-2nd,1.3729489294698,4.57641589742599,1.3729247692278,NaN,NaN,NaN,NaN,NaN,0.218507763515904,0.08,1,1.3729489294698,NaN,NaN
28/04/26,0,1.00016591687531,1,0.0181266431622735,0.036253286324547,0.0305708944592152,0.00369431796675812,0.218507763515904,0.0132027075247974,2.53100138300508,Intermediate,Stokes-2nd,1.3729489294698,4.57641589742599,1.3729247692278,NaN,NaN,NaN,NaN,NaN,0.218507763515904,0.08,1,1.3729489294698,NaN,NaN
28/04/26,0,1.00000714285714,1,0.0197807410861834,0.0395614821723668,0.0305806028880359,0.00403271325325087,0.218507763515904,0.0144074849847636,2.76196108666136,Intermediate,Stokes-2nd,1.3729489294698,4.57641589742599,1.3729247692278,NaN,NaN,NaN,NaN,NaN,0.218507763515904,0.1,1,1.3729489294698,NaN,NaN
28/04/26,0,1.00010166666667,1,0.0186082016876758,0.0372164033753516,0.03057482255874,0.00379294976491956,0.218507763515904,0.0135534551127563,2.59824082071453,Intermediate,Stokes-2nd,1.3729489294698,4.57641589742599,1.3729247692278,NaN,NaN,NaN,NaN,NaN,0.218507763515904,0.08,1,1.3729489294698,NaN,NaN
28/04/26,0,1.00000714285714,1,0.0225552261881915,0.045110452376383,0.0305806028880359,0.00459834943407275,0.218507763515904,0.0164283067665902,3.14935910445457,Intermediate,Stokes-2nd,1.3729489294698,4.57641589742599,1.3729247692278,NaN,NaN,NaN,NaN,NaN,0.218507763515904,0.1,1,1.3729489294698,NaN,NaN
28/04/26,0,0.999808333333334,1,0.0215273835202401,0.0430547670404802,0.0305927658584048,0.00439054802385859,0.218507763515904,0.0156796680911893,3.00584266896192,Intermediate,Stokes-2nd,1.3729489294698,4.57641589742599,1.3729247692278,NaN,NaN,NaN,NaN,NaN,0.218507763515904,0.1,1,1.3729489294698,NaN,NaN
28/04/26,0,1.00000714285714,1,0.0253233756766568,0.0506467513533136,0.0305806028880359,0.00516269396901593,0.218507763515904,0.018444513945931,3.53587248814892,Intermediate,Stokes-2nd,1.3729489294698,4.57641589742599,1.3729247692278,NaN,NaN,NaN,NaN,NaN,0.218507763515904,0.1,1,1.3729489294698,NaN,NaN
28/04/26,0,1.00016583333334,1,0.0249702876575555,0.049940575315111,0.0305708995662744,0.00508909437413407,0.218507763515904,0.0181873390346707,3.48657123271692,Intermediate,Stokes-2nd,1.3729489294698,4.57641589742599,1.3729247692278,NaN,NaN,NaN,NaN,NaN,0.218507763515904,0.1,1,1.3729489294698,NaN,NaN
28/04/26,0,1.00000714285714,1,0.00148231299699813,0.00296462599399626,0.0305806028880359,0.000302200167446494,0.218507763515904,0.00107965632601539,0.20697358092518,Intermediate,Linear,1.3729489294698,4.57641589742599,1.3729247692278,NaN,NaN,NaN,NaN,NaN,0.218507763515904,0.02,1,1.3729489294698,NaN,NaN
28/04/26,0,1.00000714285714,1,0.00308526479154713,0.00617052958309426,0.0305806028880359,0.000628995049298277,0.218507763515904,0.00224718103151775,0.430791812054586,Intermediate,Linear,1.3729489294698,4.57641589742599,1.3729247692278,NaN,NaN,NaN,NaN,NaN,0.218507763515904,0.02,1,1.3729489294698,NaN,NaN
28/04/26,0,1.00000714285714,1,0.00477835383737021,0.00955670767474042,0.0305806028880359,0.000974166274394272,0.218507763515904,0.00348035803430467,0.667195799167195,Intermediate,Stokes-2nd,1.3729489294698,4.57641589742599,1.3729247692278,NaN,NaN,NaN,NaN,NaN,0.218507763515904,0.02,1,1.3729489294698,NaN,NaN
28/04/26,0,1.00000714285714,1,0.00563538590633861,0.0112707718126772,0.0305806028880359,0.0011488899901505,0.218507763515904,0.00410458523647698,0.786862156165568,Intermediate,Stokes-2nd,1.3729489294698,4.57641589742599,1.3729247692278,NaN,NaN,NaN,NaN,NaN,0.218507763515904,0.02,1,1.3729489294698,NaN,NaN
28/04/26,0,1.33334285714286,1.2,0.0120372495721234,0.0240744991442468,0.0172015891245202,0.00138039880885982,0.169451211837141,0.00679908842394138,2.79477370067815,Intermediate,Stokes-2nd,1.77042109494224,3.54897788166299,1.0646933644989,NaN,NaN,NaN,NaN,NaN,0.169451211837141,0.04,0.833333333333333,1.77042109494224,NaN,NaN
28/04/26,0,1.00000714285714,1,0.00650204772404182,0.0130040954480836,0.0305806028880359,0.00132557692938654,0.218507763515904,0.00473582635484683,0.907873103397642,Intermediate,Stokes-2nd,1.3729489294698,4.57641589742599,1.3729247692278,NaN,NaN,NaN,NaN,NaN,0.218507763515904,0.02,1,1.3729489294698,NaN,NaN
28/04/26,0,0.800005714285712,0.8,0.00911120594262962,0.0182224118852592,0.0477821920125564,0.00290235594544449,0.312324375650456,0.00948550569151508,0.622691364846847,Intermediate,Stokes-2nd,0.96053982138029,6.54130642720328,1.96239192816099,NaN,NaN,NaN,NaN,NaN,0.312324375650456,0.06,1.25,0.96053982138029,NaN,NaN
28/04/26,0,0.666671428571427,0.6,0.00965227498009603,0.0193045499601921,0.0688063564980812,0.00442758582198664,0.535025059937172,0.0172140299991865,0.224796827650102,Deep,Stokes-2nd,0.560721398798084,11.2055386519004,3.36166159557012,NaN,NaN,NaN,NaN,NaN,0.535025059937172,0.1,1.66666666666667,0.560721398798084,NaN,NaN
28/04/26,0,1.00000714285714,1,0.00819569222280254,0.0163913844456051,0.0305806028880359,0.00167086139505392,0.218507763515904,0.00596940792689756,1.14435464773587,Intermediate,Stokes-2nd,1.3729489294698,4.57641589742599,1.3729247692278,NaN,NaN,NaN,NaN,NaN,0.218507763515904,0.04,1,1.3729489294698,NaN,NaN
28/04/26,0,1.00000714285714,1,0.00903224520463127,0.0180644904092625,0.0305806028880359,0.00184141002526797,0.218507763515904,0.00657871899730408,1.26116153442806,Intermediate,Stokes-2nd,1.3729489294698,4.57641589742599,1.3729247692278,NaN,NaN,NaN,NaN,NaN,0.218507763515904,0.04,1,1.3729489294698,NaN,NaN
28/04/26,0,1.00000714285714,1,0.00985826944362334,0.0197165388872467,0.0305806028880359,0.00200981215345803,0.218507763515904,0.00718036136087769,1.37649830542137,Intermediate,Stokes-2nd,1.3729489294698,4.57641589742599,1.3729247692278,NaN,NaN,NaN,NaN,NaN,0.218507763515904,0.04,1,1.3729489294698,NaN,NaN
28/04/26,0,1.00000714285714,1,0.0114733014042084,0.0229466028084168,0.0305806028880359,0.00233906982704561,0.218507763515904,0.00835668476659151,1.60200327560503,Intermediate,Stokes-2nd,1.3729489294698,4.57641589742599,1.3729247692278,NaN,NaN,NaN,NaN,NaN,0.218507763515904,0.06,1,1.3729489294698,NaN,NaN
28/04/26,0,1.00000714285714,1,0.0129928062584274,0.0259856125168548,0.0305806028880359,0.00264885232393437,0.218507763515904,0.00946343012441469,1.81416991082161,Intermediate,Stokes-2nd,1.3729489294698,4.57641589742599,1.3729247692278,NaN,NaN,NaN,NaN,NaN,0.218507763515904,0.06,1,1.3729489294698,NaN,NaN
28/04/26,0,1.00000714285714,1,0.00133765565724015,0.0026753113144803,0.0305806028880359,0.000272708776366638,0.218507763515904,0.000974293820059804,0.186775250560775,Intermediate,Linear,1.3729489294698,4.57641589742599,1.3729247692278,NaN,NaN,NaN,NaN,NaN,0.218507763515904,0.02,1,1.3729489294698,NaN,NaN
28/04/26,0,1.00002680555556,1,0.00357500031858523,0.00715000063717046,0.0305794003377498,0.000728809106330673,0.218507763515904,0.00260388441394234,0.499172994667588,Intermediate,Linear,1.3729489294698,4.57641589742599,1.3729247692278,NaN,NaN,NaN,NaN,NaN,0.218507763515904,0.02,1,1.3729489294698,NaN,NaN
28/04/26,0,1.00000714285714,1,0.00286977034491319,0.00573954068982638,0.0305806028880359,0.000585062048651014,0.218507763515904,0.00209022366623748,0.400702581656121,Intermediate,Linear,1.3729489294698,4.57641589742599,1.3729247692278,NaN,NaN,NaN,NaN,NaN,0.218507763515904,0.02,1,1.3729489294698,NaN,NaN
28/04/26,0,1.00016591687531,1,0.00722692898899151,0.014453857977983,0.0305708944592152,0.00147289122257802,0.218507763515904,0.00526380030157595,1.0090874025747,Intermediate,Stokes-2nd,1.3729489294698,4.57641589742599,1.3729247692278,NaN,NaN,NaN,NaN,NaN,0.218507763515904,0.04,1,1.3729489294698,NaN,NaN
28/04/26,0,1.00000714285714,1,0.00447189172889514,0.00894378345779028,0.0305806028880359,0.000911687634130897,0.218507763515904,0.00325714353455381,0.624404863556822,Intermediate,Stokes-2nd,1.3729489294698,4.57641589742599,1.3729247692278,NaN,NaN,NaN,NaN,NaN,0.218507763515904,0.02,1,1.3729489294698,NaN,NaN
28/04/26,0,0.999331666666668,1,0.0103852769875401,0.0207705539750802,0.0306219574272199,0.00212011673188227,0.218507763515904,0.00756421216013522,1.45008373492238,Intermediate,Stokes-2nd,1.3729489294698,4.57641589742599,1.3729247692278,NaN,NaN,NaN,NaN,NaN,0.218507763515904,0.04,1,1.3729489294698,NaN,NaN
28/04/26,0,1.00000714285714,1,0.00529185654256481,0.0105837130851296,0.0305806028880359,0.00107885442312419,0.218507763515904,0.00385437245987613,0.738895564280317,Intermediate,Stokes-2nd,1.3729489294698,4.57641589742599,1.3729247692278,NaN,NaN,NaN,NaN,NaN,0.218507763515904,0.02,1,1.3729489294698,NaN,NaN
28/04/26,0,1.00016583333334,1,0.012117197746009,0.024234395492018,0.0305708995662744,0.00246955756878619,0.218507763515904,0.00882567259853458,1.69190974736705,Intermediate,Stokes-2nd,1.3729489294698,4.57641589742599,1.3729247692278,NaN,NaN,NaN,NaN,NaN,0.218507763515904,0.06,1,1.3729489294698,NaN,NaN
28/04/26,0,1.33334285714286,1.2,0.0115523226344342,0.0231046452688684,0.0172015891245202,0.00132478871594288,0.169451211837141,0.00652518356646168,2.68218477045087,Intermediate,Stokes-2nd,1.77042109494224,3.54897788166299,1.0646933644989,NaN,NaN,NaN,NaN,NaN,0.169451211837141,0.04,0.833333333333333,1.77042109494224,NaN,NaN
28/04/26,0,1.33244222222223,1.2,0.00178018992760962,0.00356037985521924,0.0172248510528112,0.000204423375658603,0.169451211837141,0.00100551780177907,0.413319335292129,Intermediate,Linear,1.77042109494224,3.54897788166299,1.0646933644989,NaN,NaN,NaN,NaN,NaN,0.169451211837141,0.02,0.833333333333333,1.77042109494224,NaN,NaN
28/04/26,0,1.00000714285714,1,0.00611297461119011,0.0122259492223802,0.0305806028880359,0.00124625632699634,0.218507763515904,0.00445244136906884,0.853547292606194,Intermediate,Stokes-2nd,1.3729489294698,4.57641589742599,1.3729247692278,NaN,NaN,NaN,NaN,NaN,0.218507763515904,0.02,1,1.3729489294698,NaN,NaN
28/04/26,0,0.999999,1,0.01399883811279,0.02799767622558,0.0305811009175229,0.00285399920703532,0.218507763515904,0.0101961826928231,1.95464092864571,Intermediate,Stokes-2nd,1.3729489294698,4.57641589742599,1.3729247692278,NaN,NaN,NaN,NaN,NaN,0.218507763515904,0.06,1,1.3729489294698,NaN,NaN
28/04/26,0,0.800005714285712,0.8,0.00429703667067443,0.00859407334134886,0.0477821920125564,0.00136881220855441,0.312324375650456,0.00447356431771836,0.293674366061685,Intermediate,Stokes-2nd,0.96053982138029,6.54130642720328,1.96239192816099,NaN,NaN,NaN,NaN,NaN,0.312324375650456,0.02,1.25,0.96053982138029,NaN,NaN
28/04/26,0,0.799999244555721,0.8,0.00921392495495506,0.0184278499099101,0.0477829648611129,0.002935124349037,0.312324375650456,0.00959244452948833,0.629711537849565,Intermediate,Stokes-2nd,0.96053982138029,6.54130642720328,1.96239192816099,NaN,NaN,NaN,NaN,NaN,0.312324375650456,0.06,1.25,0.96053982138029,NaN,NaN
28/04/26,0,0.666671428571427,0.6,0.00895340477194306,0.0179068095438861,0.0688063564980812,0.00410700773739957,0.535025059937172,0.015967653082502,0.208520477664641,Deep,Stokes-2nd,0.560721398798084,11.2055386519004,3.36166159557012,NaN,NaN,NaN,NaN,NaN,0.535025059937172,0.1,1.66666666666667,0.560721398798084,NaN,NaN
28/04/26,0,0.666777222222223,0.6,0.00562323704986354,0.0112464740997271,0.0687845240241176,0.00257861122633098,0.535025059937172,0.0100285757988139,0.130962478021038,Deep,Stokes-2nd,0.560721398798084,11.2055386519004,3.36166159557012,NaN,NaN,NaN,NaN,NaN,0.535025059937172,0.06,1.66666666666667,0.560721398798084,NaN,NaN
28/04/26,0,1.00000714285714,1,0.00773138391474456,0.0154627678294891,0.0305806028880359,0.00157620254181168,0.218507763515904,0.00563122469364555,1.07952383712658,Intermediate,Stokes-2nd,1.3729489294698,4.57641589742599,1.3729247692278,NaN,NaN,NaN,NaN,NaN,0.218507763515904,0.04,1,1.3729489294698,NaN,NaN
28/04/26,0,1.00002680555555,1,0.0171067134856431,0.0342134269712862,0.0305794003377502,0.00348742026760447,0.218507763515904,0.0124598323495174,2.38858982897327,Intermediate,Stokes-2nd,1.3729489294698,4.57641589742599,1.3729247692278,NaN,NaN,NaN,NaN,NaN,0.218507763515904,0.08,1,1.3729489294698,NaN,NaN
28/04/26,0,1.00000714285714,1,0.00852343422207974,0.0170468684441595,0.0305806028880359,0.00173767838125144,0.218507763515904,0.00620812183113853,1.19011686890464,Intermediate,Stokes-2nd,1.3729489294698,4.57641589742599,1.3729247692278,NaN,NaN,NaN,NaN,NaN,0.218507763515904,0.04,1,1.3729489294698,NaN,NaN
28/04/26,0,1.00002680555555,1,0.0187509790478609,0.0375019580957218,0.0305794003377502,0.00382262463352869,0.218507763515904,0.0136574483182722,2.61817665179231,Intermediate,Stokes-2nd,1.3729489294698,4.57641589742599,1.3729247692278,NaN,NaN,NaN,NaN,NaN,0.218507763515904,0.08,1,1.3729489294698,NaN,NaN
28/04/26,0,1.00000714285714,1,0.00932549998675047,0.0186509999735009,0.0305806028880359,0.001901196078848,0.218507763515904,0.00679231381924144,1.30210834694442,Intermediate,Stokes-2nd,1.3729489294698,4.57641589742599,1.3729247692278,NaN,NaN,NaN,NaN,NaN,0.218507763515904,0.04,1,1.3729489294698,NaN,NaN
28/04/26,0,1.00016591068917,1,0.0202884768434292,0.0405769536868584,0.0305708948373841,0.00413491261327452,0.218507763515904,0.014777299000673,2.83285561976856,Intermediate,Stokes-2nd,1.3729489294698,4.57641589742599,1.3729247692278,NaN,NaN,NaN,NaN,NaN,0.218507763515904,0.1,1,1.3729489294698,NaN,NaN
28/04/26,0,1.00000714285714,1,0.0108434989190043,0.0216869978380086,0.0305806028880359,0.00221067156239278,0.218507763515904,0.00789796232492916,1.51406471208825,Intermediate,Stokes-2nd,1.3729489294698,4.57641589742599,1.3729247692278,NaN,NaN,NaN,NaN,NaN,0.218507763515904,0.04,1,1.3729489294698,NaN,NaN
28/04/26,0,0.999609722222223,1,0.0232207074789634,0.0464414149579268,0.0306049239371158,0.00473778657439793,0.218507763515904,0.016913016194951,3.24227945668025,Intermediate,Stokes-2nd,1.3729489294698,4.57641589742599,1.3729247692278,NaN,NaN,NaN,NaN,NaN,0.218507763515904,0.1,1,1.3729489294698,NaN,NaN
28/04/26,0,1.00000714285714,1,0.012279982436423,0.024559964872846,0.0305806028880359,0.00250352844240205,0.218507763515904,0.00894423832732455,1.71463917790096,Intermediate,Stokes-2nd,1.3729489294698,4.57641589742599,1.3729247692278,NaN,NaN,NaN,NaN,NaN,0.218507763515904,0.06,1,1.3729489294698,NaN,NaN
28/04/26,0,1.00016583333334,1,0.0259680909798557,0.0519361819597114,0.0305708995662744,0.00529245267515364,0.218507763515904,0.0189140982759526,3.62589331050599,Intermediate,Stokes-2nd,1.3729489294698,4.57641589742599,1.3729247692278,NaN,NaN,NaN,NaN,NaN,0.218507763515904,0.1,1,1.3729489294698,NaN,NaN
28/04/26,0,1.00000714285714,1,0.0039607975403689,0.0079215950807378,0.0305806028880359,0.000807490511346204,0.218507763515904,0.00288488337428433,0.553041396729271,Intermediate,Linear,1.3729489294698,4.57641589742599,1.3729247692278,NaN,NaN,NaN,NaN,NaN,0.218507763515904,0.02,1,1.3729489294698,NaN,NaN
28/04/26,0,1.00000714285714,1,0.0073622890933423,0.0147245781866846,0.0305806028880359,0.00150095492740279,0.218507763515904,0.00536239108047918,1.02798757114141,Intermediate,Stokes-2nd,1.3729489294698,4.57641589742599,1.3729247692278,NaN,NaN,NaN,NaN,NaN,0.218507763515904,0.04,1,1.3729489294698,NaN,NaN
28/04/26,0,1.00000714285714,1,0.0106787056642828,0.0213574113285656,0.0305806028880359,0.00217707504851768,0.218507763515904,0.00777793363982349,1.49105482813587,Intermediate,Stokes-2nd,1.3729489294698,4.57641589742599,1.3729247692278,NaN,NaN,NaN,NaN,NaN,0.218507763515904,0.04,1,1.3729489294698,NaN,NaN
28/04/26,0,1.00000714285714,1,0.0123047714411783,0.0246095428823566,0.0305806028880359,0.00250858219380479,0.218507763515904,0.00896229362728744,1.71810043682007,Intermediate,Stokes-2nd,1.3729489294698,4.57641589742599,1.3729247692278,NaN,NaN,NaN,NaN,NaN,0.218507763515904,0.06,1,1.3729489294698,NaN,NaN
28/04/26,0,1.33334285714286,1.2,0.00963948031971598,0.019278960639432,0.0172015891245202,0.00110542919889102,0.169451211837141,0.0054447387388538,2.23806658857822,Intermediate,Stokes-2nd,1.77042109494224,3.54897788166299,1.0646933644989,NaN,NaN,NaN,NaN,NaN,0.169451211837141,0.04,0.833333333333333,1.77042109494224,NaN,NaN
28/04/26,0,1.00000714285714,1,0.0139526140674445,0.027905228134889,0.0305806028880359,0.00284452900031029,0.218507763515904,0.0101625149835928,1.9481867207899,Intermediate,Stokes-2nd,1.3729489294698,4.57641589742599,1.3729247692278,NaN,NaN,NaN,NaN,NaN,0.218507763515904,0.06,1,1.3729489294698,NaN,NaN
28/04/26,0,0.800005714285712,0.8,0.00862634858021045,0.0172526971604209,0.0477821920125564,0.00274790562817906,0.312324375650456,0.00898072978152477,0.58955453371144,Intermediate,Stokes-2nd,0.96053982138029,6.54130642720328,1.96239192816099,NaN,NaN,NaN,NaN,NaN,0.312324375650456,0.06,1.25,0.96053982138029,NaN,NaN
28/04/26,0,0.666671428571427,0.6,0.0118472541208275,0.023694508241655,0.0688063564980812,0.00543444260374012,0.535025059937172,0.0211285928202888,0.27591683289364,Deep,Stokes-2nd,0.560721398798084,11.2055386519004,3.36166159557012,NaN,NaN,NaN,NaN,NaN,0.535025059937172,0.1,1.66666666666667,0.560721398798084,NaN,NaN
28/04/26,0,1.00000714285714,1,0.0169823484172582,0.0339646968345164,0.0305806028880359,0.00346220302036292,0.218507763515904,0.0123692499063431,2.37122488405425,Intermediate,Stokes-2nd,1.3729489294698,4.57641589742599,1.3729247692278,NaN,NaN,NaN,NaN,NaN,0.218507763515904,0.08,1,1.3729489294698,NaN,NaN
28/04/26,0,1.00000714285714,1,0.018462811097265,0.03692562219453,0.0305806028880359,0.00376402596241522,0.218507763515904,0.0134475585369333,2.57794010744339,Intermediate,Stokes-2nd,1.3729489294698,4.57641589742599,1.3729247692278,NaN,NaN,NaN,NaN,NaN,0.218507763515904,0.08,1,1.3729489294698,NaN,NaN
28/04/26,0,1.00000714285714,1,0.0199097931159243,0.0398195862318486,0.0305806028880359,0.00405902317907355,0.218507763515904,0.0145014812194165,2.7799804663573,Intermediate,Stokes-2nd,1.3729489294698,4.57641589742599,1.3729247692278,NaN,NaN,NaN,NaN,NaN,0.218507763515904,0.1,1,1.3729489294698,NaN,NaN
28/04/26,0,1.00000714285714,1,0.0226133915221207,0.0452267830442414,0.0305806028880359,0.00461020764059767,0.218507763515904,0.0164706720233603,3.15748066007299,Intermediate,Stokes-2nd,1.3729489294698,4.57641589742599,1.3729247692278,NaN,NaN,NaN,NaN,NaN,0.218507763515904,0.1,1,1.3729489294698,NaN,NaN
28/04/26,0,1.00000714285714,1,0.0252636139720464,0.0505272279440928,0.0305806028880359,0.00515051030930524,0.218507763515904,0.01840098595787,3.52752803321231,Intermediate,Stokes-2nd,1.3729489294698,4.57641589742599,1.3729247692278,NaN,NaN,NaN,NaN,NaN,0.218507763515904,0.1,1,1.3729489294698,NaN,NaN
28/04/26,0,1.00000714285714,1,0.00416856930235191,0.00833713860470382,0.0305806028880359,0.000849849082976537,0.218507763515904,0.00303621585105989,0.582052317958353,Intermediate,Linear,1.3729489294698,4.57641589742599,1.3729247692278,NaN,NaN,NaN,NaN,NaN,0.218507763515904,0.02,1,1.3729489294698,NaN,NaN
28/04/26,0,1.00000714285714,1,0.00745829784578842,0.0149165956915768,0.0305806028880359,0.00152052829761833,0.218507763515904,0.00543231993972903,1.04139315777134,Intermediate,Stokes-2nd,1.3729489294698,4.57641589742599,1.3729247692278,NaN,NaN,NaN,NaN,NaN,0.218507763515904,0.04,1,1.3729489294698,NaN,NaN
28/04/26,0,1.00000714285714,1,0.0106055842027343,0.0212111684054686,0.0305806028880359,0.0021621677259963,0.218507763515904,0.00772467494973023,1.48084496640638,Intermediate,Stokes-2nd,1.3729489294698,4.57641589742599,1.3729247692278,NaN,NaN,NaN,NaN,NaN,0.218507763515904,0.04,1,1.3729489294698,NaN,NaN
28/04/26,0,1.00000714285714,1,0.0121496040721798,0.0242992081443596,0.0305806028880359,0.00247694811585463,0.218507763515904,0.00884927604471908,1.69643460371371,Intermediate,Stokes-2nd,1.3729489294698,4.57641589742599,1.3729247692278,NaN,NaN,NaN,NaN,NaN,0.218507763515904,0.06,1,1.3729489294698,NaN,NaN
28/04/26,0,1.33334285714286,1.4,0.00827452821319327,0.0165490564263865,0.0172015891245202,0.000948900230150673,0.139267164781132,0.00384123361384303,2.84416320411435,Intermediate,Stokes-2nd,2.15413303251683,2.91680467841788,0.875041403525364,NaN,NaN,NaN,NaN,NaN,0.139267164781132,0.02,0.714285714285714,2.15413303251683,NaN,NaN
28/04/26,0,1.00000714285714,1,0.0137044654001974,0.0274089308003948,0.0305806028880359,0.00279393876130843,0.218507763515904,0.00998177361592739,1.91353802084194,Intermediate,Stokes-2nd,1.3729489294698,4.57641589742599,1.3729247692278,NaN,NaN,NaN,NaN,NaN,0.218507763515904,0.06,1,1.3729489294698,NaN,NaN
28/04/26,0,0.800005714285712,0.8,0.0107344082418589,0.0214688164837178,0.0477821920125564,0.00341942370502446,0.312324375650456,0.011175391173719,0.733626630880127,Intermediate,Stokes-2nd,0.96053982138029,6.54130642720328,1.96239192816099,NaN,NaN,NaN,NaN,NaN,0.312324375650456,0.08,1.25,0.96053982138029,NaN,NaN
28/04/26,0,0.666671428571427,0.6,0.00590190605578882,0.0118038121115776,0.0688063564980812,0.0027072576806186,0.535025059937172,0.0105255588041399,0.137452544728171,Deep,Stokes-2nd,0.560721398798084,11.2055386519004,3.36166159557012,NaN,NaN,NaN,NaN,NaN,0.535025059937172,0.06,1.66666666666667,0.560721398798084,NaN,NaN
28/04/26,0,1.00000714285714,1,0.0165770144706339,0.0331540289412678,0.0305806028880359,0.00337956731063787,0.218507763515904,0.0120740211924966,2.31462859260078,Intermediate,Stokes-2nd,1.3729489294698,4.57641589742599,1.3729247692278,NaN,NaN,NaN,NaN,NaN,0.218507763515904,0.08,1,1.3729489294698,NaN,NaN
28/04/26,0,1.00000714285714,1,0.0180037664717121,0.0360075329434242,0.0305806028880359,0.00367044021973575,0.218507763515904,0.0131132091553214,2.51384425849141,Intermediate,Stokes-2nd,1.3729489294698,4.57641589742599,1.3729247692278,NaN,NaN,NaN,NaN,NaN,0.218507763515904,0.08,1,1.3729489294698,NaN,NaN
28/04/26,0,1.00000714285714,1,0.0193729817597935,0.038745963519587,0.0305806028880359,0.00394958307968938,0.218507763515904,0.0141104897232229,2.70502614234834,Intermediate,Stokes-2nd,1.3729489294698,4.57641589742599,1.3729247692278,NaN,NaN,NaN,NaN,NaN,0.218507763515904,0.08,1,1.3729489294698,NaN,NaN
28/04/26,0,1.00000714285714,1,0.0219800458874783,0.0439600917749566,0.0305806028880359,0.00448108703163854,0.218507763515904,0.0160093688961661,3.06904737086165,Intermediate,Stokes-2nd,1.3729489294698,4.57641589742599,1.3729247692278,NaN,NaN,NaN,NaN,NaN,0.218507763515904,0.1,1,1.3729489294698,NaN,NaN
28/04/26,0,1.00000714285714,1,0.0245626526328345,0.049125305265669,0.0305806028880359,0.00500760484027654,0.218507763515904,0.0178904343093956,3.42965364449643,Intermediate,Stokes-2nd,1.3729489294698,4.57641589742599,1.3729247692278,NaN,NaN,NaN,NaN,NaN,0.218507763515904,0.1,1,1.3729489294698,NaN,NaN
28/04/26,0,1.00000714285714,1,0.00152063055644364,0.00304126111288728,0.0305806028880359,0.00031001199457344,0.218507763515904,0.00110756527340815,0.212323815664275,Intermediate,Linear,1.3729489294698,4.57641589742599,1.3729247692278,NaN,NaN,NaN,NaN,NaN,0.218507763515904,0.02,1,1.3729489294698,NaN,NaN
28/04/26,0,1.00000714285714,1,0.00321724443006232,0.00643448886012464,0.0305806028880359,0.000655901828729875,0.218507763515904,0.00234330961698972,0.449219970242512,Intermediate,Linear,1.3729489294698,4.57641589742599,1.3729247692278,NaN,NaN,NaN,NaN,NaN,0.218507763515904,0.02,1,1.3729489294698,NaN,NaN
28/04/26,0,1.00000714285714,1,0.00502047912946266,0.0100409582589253,0.0305806028880359,0.0010235285237718,0.218507763515904,0.00365671222119052,0.701003462486896,Intermediate,Stokes-2nd,1.3729489294698,4.57641589742599,1.3729247692278,NaN,NaN,NaN,NaN,NaN,0.218507763515904,0.02,1,1.3729489294698,NaN,NaN
28/04/26,0,1.00000714285714,1,0.00593629358519993,0.0118725871703999,0.0305806028880359,0.00121023624503863,0.218507763515904,0.00432375411625281,0.82887753344954,Intermediate,Stokes-2nd,1.3729489294698,4.57641589742599,1.3729247692278,NaN,NaN,NaN,NaN,NaN,0.218507763515904,0.02,1,1.3729489294698,NaN,NaN
28/04/26,0,1.33334285714286,1.4,0.0130456489504106,0.0260912979008212,0.0172015891245202,0.00149603928738461,0.139267164781132,0.00605610180684543,4.484117252678,Intermediate,Stokes-2nd,2.15413303251683,2.91680467841788,0.875041403525364,NaN,NaN,NaN,NaN,NaN,0.139267164781132,0.04,0.714285714285714,2.15413303251683,NaN,NaN
28/04/26,0,1.00000714285714,1,0.00685754718000002,0.01371509436,0.0305806028880359,0.00139805284731701,0.218507763515904,0.00499475765835532,0.957511064857623,Intermediate,Stokes-2nd,1.3729489294698,4.57641589742599,1.3729247692278,NaN,NaN,NaN,NaN,NaN,0.218507763515904,0.04,1,1.3729489294698,NaN,NaN
28/04/26,0,0.800005714285712,0.8,0.00372713609770078,0.00745427219540156,0.0477821920125564,0.00118727155118179,0.312324375650456,0.00388025151559558,0.254725387425215,Intermediate,Stokes-2nd,0.96053982138029,6.54130642720328,1.96239192816099,NaN,NaN,NaN,NaN,NaN,0.312324375650456,0.02,1.25,0.96053982138029,NaN,NaN
28/04/26,0,0.666671428571427,0.6,0.00832244381898044,0.0166448876379609,0.0688063564980812,0.00381758024229347,0.535025059937172,0.0148423866769125,0.193825701470472,Deep,Stokes-2nd,0.560721398798084,11.2055386519004,3.36166159557012,NaN,NaN,NaN,NaN,NaN,0.535025059937172,0.1,1.66666666666667,0.560721398798084,NaN,NaN
28/04/26,0,1.00000714285714,1,0.00877168976534294,0.0175433795306859,0.0305806028880359,0.00178829040914001,0.218507763515904,0.00638894104293475,1.22478049182218,Intermediate,Stokes-2nd,1.3729489294698,4.57641589742599,1.3729247692278,NaN,NaN,NaN,NaN,NaN,0.218507763515904,0.04,1,1.3729489294698,NaN,NaN
28/04/26,0,1.00000714285714,1,0.00979068761826535,0.0195813752365307,0.0305806028880359,0.00199603420036655,0.218507763515904,0.00713113751583337,1.36706193643039,Intermediate,Stokes-2nd,1.3729489294698,4.57641589742599,1.3729247692278,NaN,NaN,NaN,NaN,NaN,0.218507763515904,0.04,1,1.3729489294698,NaN,NaN
28/04/26,0,1.00000714285714,1,0.0108221890246025,0.021644378049205,0.0305806028880359,0.0022063270996042,0.218507763515904,0.00788244106704083,1.51108923716331,Intermediate,Stokes-2nd,1.3729489294698,4.57641589742599,1.3729247692278,NaN,NaN,NaN,NaN,NaN,0.218507763515904,0.04,1,1.3729489294698,NaN,NaN
28/04/26,0,1.00000714285714,1,0.0130586924785761,0.0261173849571522,0.0305806028880359,0.00266228459282878,0.218507763515904,0.00951141895978538,1.8233695244966,Intermediate,Stokes-2nd,1.3729489294698,4.57641589742599,1.3729247692278,NaN,NaN,NaN,NaN,NaN,0.218507763515904,0.06,1,1.3729489294698,NaN,NaN
28/04/26,0,1.00000714285714,1,0.0161204693636744,0.0322409387273488,0.0305806028880359,0.0032864911465285,0.218507763515904,0.0117414923582771,2.25088174842372,Intermediate,Stokes-2nd,1.3729489294698,4.57641589742599,1.3729247692278,NaN,NaN,NaN,NaN,NaN,0.218507763515904,0.08,1,1.3729489294698,NaN,NaN
28/04/26,0,1.00000714285714,1,0.00390317085281415,0.0078063417056283,0.0305806028880359,0.000795742119027106,0.218507763515904,0.00284291044556294,0.544995051656255,Intermediate,Linear,1.3729489294698,4.57641589742599,1.3729247692278,NaN,NaN,NaN,NaN,NaN,0.218507763515904,0.02,1,1.3729489294698,NaN,NaN
28/04/26,0,1.00016583333333,1,0.00724899420942752,0.014497988418855,0.0305708995662745,0.0014773884928861,0.218507763515904,0.00527987170813914,1.01216834276533,Intermediate,Stokes-2nd,1.3729489294698,4.57641589742599,1.3729247692278,NaN,NaN,NaN,NaN,NaN,0.218507763515904,0.04,1,1.3729489294698,NaN,NaN
28/04/26,0,1.00000714285714,1,0.00720670264188284,0.0144134052837657,0.0305806028880359,0.00146923541082386,0.218507763515904,0.00524906825533991,1.00626322205507,Intermediate,Stokes-2nd,1.3729489294698,4.57641589742599,1.3729247692278,NaN,NaN,NaN,NaN,NaN,0.218507763515904,0.04,1,1.3729489294698,NaN,NaN
28/04/26,0,0.999331666666668,1,0.010777806999819,0.021555613999638,0.0306219574272199,0.00220025031404834,0.218507763515904,0.007850115010455,1.50489222842308,Intermediate,Stokes-2nd,1.3729489294698,4.57641589742599,1.3729247692278,NaN,NaN,NaN,NaN,NaN,0.218507763515904,0.04,1,1.3729489294698,NaN,NaN
28/04/26,0,1.00000714285714,1,0.0105103981823937,0.0210207963647874,0.0305806028880359,0.00214276208673944,0.218507763515904,0.00765534533498822,1.46755425687081,Intermediate,Stokes-2nd,1.3729489294698,4.57641589742599,1.3729247692278,NaN,NaN,NaN,NaN,NaN,0.218507763515904,0.04,1,1.3729489294698,NaN,NaN
28/04/26,0,0.999887777777781,1,0.0117674887384978,0.0235349774769956,0.0305879046553998,0.00239961882377775,0.218507763515904,0.00857095882149245,1.64308029925929,Intermediate,Stokes-2nd,1.3729489294698,4.57641589742599,1.3729247692278,NaN,NaN,NaN,NaN,NaN,0.218507763515904,0.06,1,1.3729489294698,NaN,NaN
28/04/26,0,1.00000714285714,1,0.0121428529864301,0.0242857059728602,0.0305806028880359,0.00247557176737213,0.218507763515904,0.00884435882922417,1.69549195773032,Intermediate,Stokes-2nd,1.3729489294698,4.57641589742599,1.3729247692278,NaN,NaN,NaN,NaN,NaN,0.218507763515904,0.06,1,1.3729489294698,NaN,NaN
28/04/26,0,1.00016583333333,1,0.0101960218903486,0.0203920437806972,0.0305708995662745,0.00207801040790256,0.218507763515904,0.00742636646673089,1.4236582733273,Intermediate,Stokes-2nd,1.3729489294698,4.57641589742599,1.3729247692278,NaN,NaN,NaN,NaN,NaN,0.218507763515904,0.04,1,1.3729489294698,NaN,NaN
28/04/26,0,1.33334285714286,1.2,0.00206588131331885,0.0041317626266377,0.0172015891245202,0.000236909610211567,0.169451211837141,0.00116688697351194,0.47965033279338,Intermediate,Linear,1.77042109494224,3.54897788166299,1.0646933644989,NaN,NaN,NaN,NaN,NaN,0.169451211837141,0.02,0.833333333333333,1.77042109494224,NaN,NaN
28/04/26,0,1.32713702064897,1.2,0.0018567809113785,0.003713561822757,0.0173628382431014,0.000214926577447622,0.169451211837141,0.00104877925183052,0.431102007809118,Intermediate,Linear,1.77042109494224,3.54897788166299,1.0646933644989,NaN,NaN,NaN,NaN,NaN,0.169451211837141,0.02,0.833333333333333,1.77042109494224,NaN,NaN
28/04/26,0,1.00000714285714,1,0.0137761301148068,0.0275522602296136,0.0305806028880359,0.00280854909583213,0.218507763515904,0.0100339712709684,1.92354447874842,Intermediate,Stokes-2nd,1.3729489294698,4.57641589742599,1.3729247692278,NaN,NaN,NaN,NaN,NaN,0.218507763515904,0.06,1,1.3729489294698,NaN,NaN
28/04/26,0,1.00016583333333,1,0.0133891397570619,0.0267782795141238,0.0305708995662745,0.00272878697861302,0.218507763515904,0.00975210327905821,1.86950948054751,Intermediate,Stokes-2nd,1.3729489294698,4.57641589742599,1.3729247692278,NaN,NaN,NaN,NaN,NaN,0.218507763515904,0.06,1,1.3729489294698,NaN,NaN
28/04/26,0,0.800005714285712,0.8,0.0073857829264019,0.0147715658528038,0.0477821920125564,0.00235272598634931,0.312324375650456,0.00768920013726091,0.504769981039018,Intermediate,Stokes-2nd,0.96053982138029,6.54130642720328,1.96239192816099,NaN,NaN,NaN,NaN,NaN,0.312324375650456,0.04,1.25,0.96053982138029,NaN,NaN
28/04/26,0,0.774126944839829,0.8,0.00590386078203072,0.0118077215640614,0.0510302715233273,0.00200850412495301,0.312324375650456,0.0061463987755832,0.403490290020539,Intermediate,Stokes-2nd,0.96053982138029,6.54130642720328,1.96239192816099,NaN,NaN,NaN,NaN,NaN,0.312324375650456,0.04,1.25,0.96053982138029,NaN,NaN
28/04/26,0,0.666671428571427,0.6,0.010884127689902,0.021768255379804,0.0688063564980812,0.00499264780001356,0.535025059937172,0.0194109368988455,0.253486082967382,Deep,Stokes-2nd,0.560721398798084,11.2055386519004,3.36166159557012,NaN,NaN,NaN,NaN,NaN,0.535025059937172,0.1,1.66666666666667,0.560721398798084,NaN,NaN
28/04/26,0,0.666666,0.6,0.00865061653970177,0.0173012330794035,0.0688074770644266,0.00396818066099119,0.535025059937172,0.0154276554421581,0.20146868581267,Deep,Stokes-2nd,0.560721398798084,11.2055386519004,3.36166159557012,NaN,NaN,NaN,NaN,NaN,0.535025059937172,0.1,1.66666666666667,0.560721398798084,NaN,NaN
28/04/26,0,1.00000714285714,1,0.0168326853036388,0.0336653706072776,0.0305806028880359,0.00343169109873237,0.218507763515904,0.0122602413988838,2.35032760350625,Intermediate,Stokes-2nd,1.3729489294698,4.57641589742599,1.3729247692278,NaN,NaN,NaN,NaN,NaN,0.218507763515904,0.08,1,1.3729489294698,NaN,NaN
28/04/26,0,1.00016586117137,1,0.0161250150917873,0.0322500301835746,0.0305708978644894,0.0032863745962292,0.218507763515904,0.0117448032812221,2.25151646297277,Intermediate,Stokes-2nd,1.3729489294698,4.57641589742599,1.3729247692278,NaN,NaN,NaN,NaN,NaN,0.218507763515904,0.08,1,1.3729489294698,NaN,NaN
28/04/26,0,1.00000714285714,1,0.0183218088762631,0.0366436177525262,0.0305806028880359,0.00373527974290329,0.218507763515904,0.0133448582703936,2.55825213691472,Intermediate,Stokes-2nd,1.3729489294698,4.57641589742599,1.3729247692278,NaN,NaN,NaN,NaN,NaN,0.218507763515904,0.08,1,1.3729489294698,NaN,NaN
28/04/26,0,1.00016591687531,1,0.0182027847672288,0.0364055695344576,0.0305708944592152,0.00370983607988508,0.218507763515904,0.0132581659641617,2.541632943726,Intermediate,Stokes-2nd,1.3729489294698,4.57641589742599,1.3729247692278,NaN,NaN,NaN,NaN,NaN,0.218507763515904,0.08,1,1.3729489294698,NaN,NaN
28/04/26,0,1.00000714285714,1,0.0197807410861834,0.0395614821723668,0.0305806028880359,0.00403271325325087,0.218507763515904,0.0144074849847636,2.76196108666136,Intermediate,Stokes-2nd,1.3729489294698,4.57641589742599,1.3729247692278,NaN,NaN,NaN,NaN,NaN,0.218507763515904,0.1,1,1.3729489294698,NaN,NaN
28/04/26,0,1.00010166666667,1,0.0186886299481806,0.0373772598963612,0.03057482255874,0.00380934363021051,0.218507763515904,0.0136120357771776,2.60947092199407,Intermediate,Stokes-2nd,1.3729489294698,4.57641589742599,1.3729247692278,NaN,NaN,NaN,NaN,NaN,0.218507763515904,0.08,1,1.3729489294698,NaN,NaN
28/04/26,0,1.00000714285714,1,0.0225552261881915,0.045110452376383,0.0305806028880359,0.00459834943407275,0.218507763515904,0.0164283067665902,3.14935910445457,Intermediate,Stokes-2nd,1.3729489294698,4.57641589742599,1.3729247692278,NaN,NaN,NaN,NaN,NaN,0.218507763515904,0.1,1,1.3729489294698,NaN,NaN
28/04/26,0,0.999808333333334,1,0.0216484096908745,0.043296819381749,0.0305927658584048,0.00441523152586497,0.218507763515904,0.01576781861743,3.02274140760389,Intermediate,Stokes-2nd,1.3729489294698,4.57641589742599,1.3729247692278,NaN,NaN,NaN,NaN,NaN,0.218507763515904,0.1,1,1.3729489294698,NaN,NaN
28/04/26,0,1.00000714285714,1,0.0253233756766568,0.0506467513533136,0.0305806028880359,0.00516269396901593,0.218507763515904,0.018444513945931,3.53587248814892,Intermediate,Stokes-2nd,1.3729489294698,4.57641589742599,1.3729247692278,NaN,NaN,NaN,NaN,NaN,0.218507763515904,0.1,1,1.3729489294698,NaN,NaN
28/04/26,0,1.00016583333334,1,0.0250929042882296,0.0501858085764592,0.0305708995662744,0.00511408437881069,0.218507763515904,0.0182766479871323,3.50369204538132,Intermediate,Stokes-2nd,1.3729489294698,4.57641589742599,1.3729247692278,NaN,NaN,NaN,NaN,NaN,0.218507763515904,0.1,1,1.3729489294698,NaN,NaN
28/04/26,0,1.00000714285714,1,0.00148231299699813,0.00296462599399626,0.0305806028880359,0.000302200167446494,0.218507763515904,0.00107965632601539,0.20697358092518,Intermediate,Linear,1.3729489294698,4.57641589742599,1.3729247692278,NaN,NaN,NaN,NaN,NaN,0.218507763515904,0.02,1,1.3729489294698,NaN,NaN
28/04/26,0,1.00000714285714,1,0.00308526479154713,0.00617052958309426,0.0305806028880359,0.000628995049298277,0.218507763515904,0.00224718103151775,0.430791812054586,Intermediate,Linear,1.3729489294698,4.57641589742599,1.3729247692278,NaN,NaN,NaN,NaN,NaN,0.218507763515904,0.02,1,1.3729489294698,NaN,NaN
28/04/26,0,1.00000714285714,1,0.00477835383737021,0.00955670767474042,0.0305806028880359,0.000974166274394272,0.218507763515904,0.00348035803430467,0.667195799167195,Intermediate,Stokes-2nd,1.3729489294698,4.57641589742599,1.3729247692278,NaN,NaN,NaN,NaN,NaN,0.218507763515904,0.02,1,1.3729489294698,NaN,NaN
28/04/26,0,1.00000714285714,1,0.00563538590633861,0.0112707718126772,0.0305806028880359,0.0011488899901505,0.218507763515904,0.00410458523647698,0.786862156165568,Intermediate,Stokes-2nd,1.3729489294698,4.57641589742599,1.3729247692278,NaN,NaN,NaN,NaN,NaN,0.218507763515904,0.02,1,1.3729489294698,NaN,NaN
28/04/26,0,1.33334285714286,1.2,0.0120372495721234,0.0240744991442468,0.0172015891245202,0.00138039880885982,0.169451211837141,0.00679908842394138,2.79477370067815,Intermediate,Stokes-2nd,1.77042109494224,3.54897788166299,1.0646933644989,NaN,NaN,NaN,NaN,NaN,0.169451211837141,0.04,0.833333333333333,1.77042109494224,NaN,NaN
28/04/26,0,1.00000714285714,1,0.00650204772404182,0.0130040954480836,0.0305806028880359,0.00132557692938654,0.218507763515904,0.00473582635484683,0.907873103397642,Intermediate,Stokes-2nd,1.3729489294698,4.57641589742599,1.3729247692278,NaN,NaN,NaN,NaN,NaN,0.218507763515904,0.02,1,1.3729489294698,NaN,NaN
28/04/26,0,0.800005714285712,0.8,0.00911120594262962,0.0182224118852592,0.0477821920125564,0.00290235594544449,0.312324375650456,0.00948550569151508,0.622691364846847,Intermediate,Stokes-2nd,0.96053982138029,6.54130642720328,1.96239192816099,NaN,NaN,NaN,NaN,NaN,0.312324375650456,0.06,1.25,0.96053982138029,NaN,NaN
28/04/26,0,0.666671428571427,0.6,0.00965227498009603,0.0193045499601921,0.0688063564980812,0.00442758582198664,0.535025059937172,0.0172140299991865,0.224796827650102,Deep,Stokes-2nd,0.560721398798084,11.2055386519004,3.36166159557012,NaN,NaN,NaN,NaN,NaN,0.535025059937172,0.1,1.66666666666667,0.560721398798084,NaN,NaN
28/04/26,0,1.00000714285714,1,0.00819569222280254,0.0163913844456051,0.0305806028880359,0.00167086139505392,0.218507763515904,0.00596940792689756,1.14435464773587,Intermediate,Stokes-2nd,1.3729489294698,4.57641589742599,1.3729247692278,NaN,NaN,NaN,NaN,NaN,0.218507763515904,0.04,1,1.3729489294698,NaN,NaN
28/04/26,0,1.00000714285714,1,0.00903224520463127,0.0180644904092625,0.0305806028880359,0.00184141002526797,0.218507763515904,0.00657871899730408,1.26116153442806,Intermediate,Stokes-2nd,1.3729489294698,4.57641589742599,1.3729247692278,NaN,NaN,NaN,NaN,NaN,0.218507763515904,0.04,1,1.3729489294698,NaN,NaN
28/04/26,0,1.00000714285714,1,0.00985826944362334,0.0197165388872467,0.0305806028880359,0.00200981215345803,0.218507763515904,0.00718036136087769,1.37649830542137,Intermediate,Stokes-2nd,1.3729489294698,4.57641589742599,1.3729247692278,NaN,NaN,NaN,NaN,NaN,0.218507763515904,0.04,1,1.3729489294698,NaN,NaN
28/04/26,0,1.00000714285714,1,0.0114733014042084,0.0229466028084168,0.0305806028880359,0.00233906982704561,0.218507763515904,0.00835668476659151,1.60200327560503,Intermediate,Stokes-2nd,1.3729489294698,4.57641589742599,1.3729247692278,NaN,NaN,NaN,NaN,NaN,0.218507763515904,0.06,1,1.3729489294698,NaN,NaN
28/04/26,0,1.00000714285714,1,0.0129928062584274,0.0259856125168548,0.0305806028880359,0.00264885232393437,0.218507763515904,0.00946343012441469,1.81416991082161,Intermediate,Stokes-2nd,1.3729489294698,4.57641589742599,1.3729247692278,NaN,NaN,NaN,NaN,NaN,0.218507763515904,0.06,1,1.3729489294698,NaN,NaN
28/04/26,0,1.00000714285714,1,0.00133765565724015,0.0026753113144803,0.0305806028880359,0.000272708776366638,0.218507763515904,0.000974293820059804,0.186775250560775,Intermediate,Linear,1.3729489294698,4.57641589742599,1.3729247692278,NaN,NaN,NaN,NaN,NaN,0.218507763515904,0.02,1,1.3729489294698,NaN,NaN
28/04/26,0,1.00002680555556,1,0.00352009299673319,0.00704018599346638,0.0305794003377498,0.000717615553154758,0.218507763515904,0.00256389216028055,0.491506351356937,Intermediate,Linear,1.3729489294698,4.57641589742599,1.3729247692278,NaN,NaN,NaN,NaN,NaN,0.218507763515904,0.02,1,1.3729489294698,NaN,NaN
28/04/26,0,1.00000714285714,1,0.00286977034491319,0.00573954068982638,0.0305806028880359,0.000585062048651014,0.218507763515904,0.00209022366623748,0.400702581656121,Intermediate,Linear,1.3729489294698,4.57641589742599,1.3729247692278,NaN,NaN,NaN,NaN,NaN,0.218507763515904,0.02,1,1.3729489294698,NaN,NaN
28/04/26,0,1.00016591687531,1,0.00713030046809677,0.0142606009361935,0.0305708944592152,0.00145319775381786,0.218507763515904,0.00519342002826742,0.995595278421712,Intermediate,Stokes-2nd,1.3729489294698,4.57641589742599,1.3729247692278,NaN,NaN,NaN,NaN,NaN,0.218507763515904,0.04,1,1.3729489294698,NaN,NaN
28/04/26,0,1.00000714285714,1,0.00447189172889514,0.00894378345779028,0.0305806028880359,0.000911687634130897,0.218507763515904,0.00325714353455381,0.624404863556822,Intermediate,Stokes-2nd,1.3729489294698,4.57641589742599,1.3729247692278,NaN,NaN,NaN,NaN,NaN,0.218507763515904,0.02,1,1.3729489294698,NaN,NaN
28/04/26,0,0.999331666666668,1,0.0102431679067899,0.0204863358135798,0.0306219574272199,0.00209110567707724,0.218507763515904,0.0074607057021018,1.43024121489833,Intermediate,Stokes-2nd,1.3729489294698,4.57641589742599,1.3729247692278,NaN,NaN,NaN,NaN,NaN,0.218507763515904,0.04,1,1.3729489294698,NaN,NaN
28/04/26,0,1.00000714285714,1,0.00529185654256481,0.0105837130851296,0.0305806028880359,0.00107885442312419,0.218507763515904,0.00385437245987613,0.738895564280317,Intermediate,Stokes-2nd,1.3729489294698,4.57641589742599,1.3729247692278,NaN,NaN,NaN,NaN,NaN,0.218507763515904,0.02,1,1.3729489294698,NaN,NaN
28/04/26,0,1.00016583333334,1,0.011949338475695,0.02389867695139,0.0305708995662744,0.00243534684282594,0.218507763515904,0.00870341075272883,1.66847175934513,Intermediate,Stokes-2nd,1.3729489294698,4.57641589742599,1.3729247692278,NaN,NaN,NaN,NaN,NaN,0.218507763515904,0.06,1,1.3729489294698,NaN,NaN
28/04/26,0,1.33334285714286,1.2,0.0115523226344342,0.0231046452688684,0.0172015891245202,0.00132478871594288,0.169451211837141,0.00652518356646168,2.68218477045087,Intermediate,Stokes-2nd,1.77042109494224,3.54897788166299,1.0646933644989,NaN,NaN,NaN,NaN,NaN,0.169451211837141,0.04,0.833333333333333,1.77042109494224,NaN,NaN
28/04/26,0,1.33244222222223,1.2,0.00170557209334769,0.00341114418669538,0.0172248510528112,0.000195854835118302,0.169451211837141,0.000963370860311249,0.39599478290603,Intermediate,Linear,1.77042109494224,3.54897788166299,1.0646933644989,NaN,NaN,NaN,NaN,NaN,0.169451211837141,0.02,0.833333333333333,1.77042109494224,NaN,NaN
28/04/26,0,1.00000714285714,1,0.00611297461119011,0.0122259492223802,0.0305806028880359,0.00124625632699634,0.218507763515904,0.00445244136906884,0.853547292606194,Intermediate,Stokes-2nd,1.3729489294698,4.57641589742599,1.3729247692278,NaN,NaN,NaN,NaN,NaN,0.218507763515904,0.02,1,1.3729489294698,NaN,NaN
28/04/26,0,0.999999,1,0.0138095038652162,0.0276190077304324,0.0305811009175229,0.00281539887548733,0.218507763515904,0.0100582793495087,1.92820441537795,Intermediate,Stokes-2nd,1.3729489294698,4.57641589742599,1.3729247692278,NaN,NaN,NaN,NaN,NaN,0.218507763515904,0.06,1,1.3729489294698,NaN,NaN
28/04/26,0,0.800005714285712,0.8,0.00429703667067443,0.00859407334134886,0.0477821920125564,0.00136881220855441,0.312324375650456,0.00447356431771836,0.293674366061685,Intermediate,Stokes-2nd,0.96053982138029,6.54130642720328,1.96239192816099,NaN,NaN,NaN,NaN,NaN,0.312324375650456,0.02,1.25,0.96053982138029,NaN,NaN
28/04/26,0,0.799999244555721,0.8,0.00907648819190403,0.0181529763838081,0.0477829648611129,0.00289134344224038,0.312324375650456,0.00944936169211722,0.620318633539943,Intermediate,Stokes-2nd,0.96053982138029,6.54130642720328,1.96239192816099,NaN,NaN,NaN,NaN,NaN,0.312324375650456,0.06,1.25,0.96053982138029,NaN,NaN
28/04/26,0,0.666671428571427,0.6,0.00895340477194306,0.0179068095438861,0.0688063564980812,0.00410700773739957,0.535025059937172,0.015967653082502,0.208520477664641,Deep,Stokes-2nd,0.560721398798084,11.2055386519004,3.36166159557012,NaN,NaN,NaN,NaN,NaN,0.535025059937172,0.1,1.66666666666667,0.560721398798084,NaN,NaN
28/04/26,0,0.666777222222223,0.6,0.00554956203798335,0.0110991240759667,0.0687845240241176,0.00254482655549998,0.535025059937172,0.00989718253999033,0.129246622538066,Deep,Stokes-2nd,0.560721398798084,11.2055386519004,3.36166159557012,NaN,NaN,NaN,NaN,NaN,0.535025059937172,0.06,1.66666666666667,0.560721398798084,NaN,NaN
28/04/26,0,1.00000714285714,1,0.00773138391474456,0.0154627678294891,0.0305806028880359,0.00157620254181168,0.218507763515904,0.00563122469364555,1.07952383712658,Intermediate,Stokes-2nd,1.3729489294698,4.57641589742599,1.3729247692278,NaN,NaN,NaN,NaN,NaN,0.218507763515904,0.04,1,1.3729489294698,NaN,NaN
28/04/26,0,1.00002680555555,1,0.0168722379562485,0.033744475912497,0.0305794003377502,0.00343961946038605,0.218507763515904,0.01228904993776,2.35585029281835,Intermediate,Stokes-2nd,1.3729489294698,4.57641589742599,1.3729247692278,NaN,NaN,NaN,NaN,NaN,0.218507763515904,0.08,1,1.3729489294698,NaN,NaN
28/04/26,0,1.00000714285714,1,0.00852343422207974,0.0170468684441595,0.0305806028880359,0.00173767838125144,0.218507763515904,0.00620812183113853,1.19011686890464,Intermediate,Stokes-2nd,1.3729489294698,4.57641589742599,1.3729247692278,NaN,NaN,NaN,NaN,NaN,0.218507763515904,0.04,1,1.3729489294698,NaN,NaN
28/04/26,0,1.00002680555555,1,0.0184931373232996,0.0369862746465992,0.0305794003377502,0.00377006033140112,0.218507763515904,0.0134696469230223,2.58217452190986,Intermediate,Stokes-2nd,1.3729489294698,4.57641589742599,1.3729247692278,NaN,NaN,NaN,NaN,NaN,0.218507763515904,0.08,1,1.3729489294698,NaN,NaN
28/04/26,0,1.00000714285714,1,0.00932549998675047,0.0186509999735009,0.0305806028880359,0.001901196078848,0.218507763515904,0.00679231381924144,1.30210834694442,Intermediate,Stokes-2nd,1.3729489294698,4.57641589742599,1.3729247692278,NaN,NaN,NaN,NaN,NaN,0.218507763515904,0.04,1,1.3729489294698,NaN,NaN
28/04/26,0,1.00016591068917,1,0.0200159047072711,0.0400318094145422,0.0305708948373841,0.00407936078587391,0.218507763515904,0.0145787685744442,2.79479670023179,Intermediate,Stokes-2nd,1.3729489294698,4.57641589742599,1.3729247692278,NaN,NaN,NaN,NaN,NaN,0.218507763515904,0.1,1,1.3729489294698,NaN,NaN
28/04/26,0,1.00000714285714,1,0.0108434989190043,0.0216869978380086,0.0305806028880359,0.00221067156239278,0.218507763515904,0.00789796232492916,1.51406471208825,Intermediate,Stokes-2nd,1.3729489294698,4.57641589742599,1.3729247692278,NaN,NaN,NaN,NaN,NaN,0.218507763515904,0.04,1,1.3729489294698,NaN,NaN
28/04/26,0,0.999609722222223,1,0.0229034778680133,0.0458069557360266,0.0306049239371158,0.00467306132030641,0.218507763515904,0.0166819590855853,3.19798506764985,Intermediate,Stokes-2nd,1.3729489294698,4.57641589742599,1.3729247692278,NaN,NaN,NaN,NaN,NaN,0.218507763515904,0.1,1,1.3729489294698,NaN,NaN
28/04/26,0,1.00000714285714,1,0.012279982436423,0.024559964872846,0.0305806028880359,0.00250352844240205,0.218507763515904,0.00894423832732455,1.71463917790096,Intermediate,Stokes-2nd,1.3729489294698,4.57641589742599,1.3729247692278,NaN,NaN,NaN,NaN,NaN,0.218507763515904,0.06,1,1.3729489294698,NaN,NaN
28/04/26,0,1.00016583333334,1,0.0256395031802075,0.051279006360415,0.0305708995662744,0.00522548451100865,0.218507763515904,0.0186747683252201,3.58001299124869,Intermediate,Stokes-2nd,1.3729489294698,4.57641589742599,1.3729247692278,NaN,NaN,NaN,NaN,NaN,0.218507763515904,0.1,1,1.3729489294698,NaN,NaN
28/04/26,0,1.00000714285714,1,0.0039607975403689,0.0079215950807378,0.0305806028880359,0.000807490511346204,0.218507763515904,0.00288488337428433,0.553041396729271,Intermediate,Linear,1.3729489294698,4.57641589742599,1.3729247692278,NaN,NaN,NaN,NaN,NaN,0.218507763515904,0.02,1,1.3729489294698,NaN,NaN
28/04/26,0,1.00000714285714,1,0.0073622890933423,0.0147245781866846,0.0305806028880359,0.00150095492740279,0.218507763515904,0.00536239108047918,1.02798757114141,Intermediate,Stokes-2nd,1.3729489294698,4.57641589742599,1.3729247692278,NaN,NaN,NaN,NaN,NaN,0.218507763515904,0.04,1,1.3729489294698,NaN,NaN
28/04/26,0,1.00000714285714,1,0.0106787056642828,0.0213574113285656,0.0305806028880359,0.00217707504851768,0.218507763515904,0.00777793363982349,1.49105482813587,Intermediate,Stokes-2nd,1.3729489294698,4.57641589742599,1.3729247692278,NaN,NaN,NaN,NaN,NaN,0.218507763515904,0.04,1,1.3729489294698,NaN,NaN
28/04/26,0,1.00000714285714,1,0.0123047714411783,0.0246095428823566,0.0305806028880359,0.00250858219380479,0.218507763515904,0.00896229362728744,1.71810043682007,Intermediate,Stokes-2nd,1.3729489294698,4.57641589742599,1.3729247692278,NaN,NaN,NaN,NaN,NaN,0.218507763515904,0.06,1,1.3729489294698,NaN,NaN
28/04/26,0,1.33334285714286,1.2,0.00963948031971598,0.019278960639432,0.0172015891245202,0.00110542919889102,0.169451211837141,0.0054447387388538,2.23806658857822,Intermediate,Stokes-2nd,1.77042109494224,3.54897788166299,1.0646933644989,NaN,NaN,NaN,NaN,NaN,0.169451211837141,0.04,0.833333333333333,1.77042109494224,NaN,NaN
28/04/26,0,1.00000714285714,1,0.0139526140674445,0.027905228134889,0.0305806028880359,0.00284452900031029,0.218507763515904,0.0101625149835928,1.9481867207899,Intermediate,Stokes-2nd,1.3729489294698,4.57641589742599,1.3729247692278,NaN,NaN,NaN,NaN,NaN,0.218507763515904,0.06,1,1.3729489294698,NaN,NaN
28/04/26,0,0.800005714285712,0.8,0.00862634858021045,0.0172526971604209,0.0477821920125564,0.00274790562817906,0.312324375650456,0.00898072978152477,0.58955453371144,Intermediate,Stokes-2nd,0.96053982138029,6.54130642720328,1.96239192816099,NaN,NaN,NaN,NaN,NaN,0.312324375650456,0.06,1.25,0.96053982138029,NaN,NaN
28/04/26,0,0.666671428571427,0.6,0.0118472541208275,0.023694508241655,0.0688063564980812,0.00543444260374012,0.535025059937172,0.0211285928202888,0.27591683289364,Deep,Stokes-2nd,0.560721398798084,11.2055386519004,3.36166159557012,NaN,NaN,NaN,NaN,NaN,0.535025059937172,0.1,1.66666666666667,0.560721398798084,NaN,NaN
28/04/26,0,1.00000714285714,1,0.0169823484172582,0.0339646968345164,0.0305806028880359,0.00346220302036292,0.218507763515904,0.0123692499063431,2.37122488405425,Intermediate,Stokes-2nd,1.3729489294698,4.57641589742599,1.3729247692278,NaN,NaN,NaN,NaN,NaN,0.218507763515904,0.08,1,1.3729489294698,NaN,NaN
28/04/26,0,1.00000714285714,1,0.018462811097265,0.03692562219453,0.0305806028880359,0.00376402596241522,0.218507763515904,0.0134475585369333,2.57794010744339,Intermediate,Stokes-2nd,1.3729489294698,4.57641589742599,1.3729247692278,NaN,NaN,NaN,NaN,NaN,0.218507763515904,0.08,1,1.3729489294698,NaN,NaN
28/04/26,0,1.00000714285714,1,0.0199097931159243,0.0398195862318486,0.0305806028880359,0.00405902317907355,0.218507763515904,0.0145014812194165,2.7799804663573,Intermediate,Stokes-2nd,1.3729489294698,4.57641589742599,1.3729247692278,NaN,NaN,NaN,NaN,NaN,0.218507763515904,0.1,1,1.3729489294698,NaN,NaN
28/04/26,0,1.00000714285714,1,0.0226133915221207,0.0452267830442414,0.0305806028880359,0.00461020764059767,0.218507763515904,0.0164706720233603,3.15748066007299,Intermediate,Stokes-2nd,1.3729489294698,4.57641589742599,1.3729247692278,NaN,NaN,NaN,NaN,NaN,0.218507763515904,0.1,1,1.3729489294698,NaN,NaN
28/04/26,0,1.00000714285714,1,0.0252636139720464,0.0505272279440928,0.0305806028880359,0.00515051030930524,0.218507763515904,0.01840098595787,3.52752803321231,Intermediate,Stokes-2nd,1.3729489294698,4.57641589742599,1.3729247692278,NaN,NaN,NaN,NaN,NaN,0.218507763515904,0.1,1,1.3729489294698,NaN,NaN
28/04/26,0,1.00000714285714,1,0.00416856930235191,0.00833713860470382,0.0305806028880359,0.000849849082976537,0.218507763515904,0.00303621585105989,0.582052317958353,Intermediate,Linear,1.3729489294698,4.57641589742599,1.3729247692278,NaN,NaN,NaN,NaN,NaN,0.218507763515904,0.02,1,1.3729489294698,NaN,NaN
28/04/26,0,1.00000714285714,1,0.00745829784578842,0.0149165956915768,0.0305806028880359,0.00152052829761833,0.218507763515904,0.00543231993972903,1.04139315777134,Intermediate,Stokes-2nd,1.3729489294698,4.57641589742599,1.3729247692278,NaN,NaN,NaN,NaN,NaN,0.218507763515904,0.04,1,1.3729489294698,NaN,NaN
28/04/26,0,1.00000714285714,1,0.0106055842027343,0.0212111684054686,0.0305806028880359,0.0021621677259963,0.218507763515904,0.00772467494973023,1.48084496640638,Intermediate,Stokes-2nd,1.3729489294698,4.57641589742599,1.3729247692278,NaN,NaN,NaN,NaN,NaN,0.218507763515904,0.04,1,1.3729489294698,NaN,NaN
28/04/26,0,1.00000714285714,1,0.0121496040721798,0.0242992081443596,0.0305806028880359,0.00247694811585463,0.218507763515904,0.00884927604471908,1.69643460371371,Intermediate,Stokes-2nd,1.3729489294698,4.57641589742599,1.3729247692278,NaN,NaN,NaN,NaN,NaN,0.218507763515904,0.06,1,1.3729489294698,NaN,NaN
28/04/26,0,1.33334285714286,1.4,0.00827452821319327,0.0165490564263865,0.0172015891245202,0.000948900230150673,0.139267164781132,0.00384123361384303,2.84416320411435,Intermediate,Stokes-2nd,2.15413303251683,2.91680467841788,0.875041403525364,NaN,NaN,NaN,NaN,NaN,0.139267164781132,0.02,0.714285714285714,2.15413303251683,NaN,NaN
28/04/26,0,1.00000714285714,1,0.0137044654001974,0.0274089308003948,0.0305806028880359,0.00279393876130843,0.218507763515904,0.00998177361592739,1.91353802084194,Intermediate,Stokes-2nd,1.3729489294698,4.57641589742599,1.3729247692278,NaN,NaN,NaN,NaN,NaN,0.218507763515904,0.06,1,1.3729489294698,NaN,NaN
28/04/26,0,0.800005714285712,0.8,0.0107344082418589,0.0214688164837178,0.0477821920125564,0.00341942370502446,0.312324375650456,0.011175391173719,0.733626630880127,Intermediate,Stokes-2nd,0.96053982138029,6.54130642720328,1.96239192816099,NaN,NaN,NaN,NaN,NaN,0.312324375650456,0.08,1.25,0.96053982138029,NaN,NaN
28/04/26,0,0.666671428571427,0.6,0.00590190605578882,0.0118038121115776,0.0688063564980812,0.0027072576806186,0.535025059937172,0.0105255588041399,0.137452544728171,Deep,Stokes-2nd,0.560721398798084,11.2055386519004,3.36166159557012,NaN,NaN,NaN,NaN,NaN,0.535025059937172,0.06,1.66666666666667,0.560721398798084,NaN,NaN
28/04/26,0,1.00000714285714,1,0.0165770144706339,0.0331540289412678,0.0305806028880359,0.00337956731063787,0.218507763515904,0.0120740211924966,2.31462859260078,Intermediate,Stokes-2nd,1.3729489294698,4.57641589742599,1.3729247692278,NaN,NaN,NaN,NaN,NaN,0.218507763515904,0.08,1,1.3729489294698,NaN,NaN
28/04/26,0,1.00000714285714,1,0.0180037664717121,0.0360075329434242,0.0305806028880359,0.00367044021973575,0.218507763515904,0.0131132091553214,2.51384425849141,Intermediate,Stokes-2nd,1.3729489294698,4.57641589742599,1.3729247692278,NaN,NaN,NaN,NaN,NaN,0.218507763515904,0.08,1,1.3729489294698,NaN,NaN
28/04/26,0,1.00000714285714,1,0.0193729817597935,0.038745963519587,0.0305806028880359,0.00394958307968938,0.218507763515904,0.0141104897232229,2.70502614234834,Intermediate,Stokes-2nd,1.3729489294698,4.57641589742599,1.3729247692278,NaN,NaN,NaN,NaN,NaN,0.218507763515904,0.08,1,1.3729489294698,NaN,NaN
28/04/26,0,1.00000714285714,1,0.0219800458874783,0.0439600917749566,0.0305806028880359,0.00448108703163854,0.218507763515904,0.0160093688961661,3.06904737086165,Intermediate,Stokes-2nd,1.3729489294698,4.57641589742599,1.3729247692278,NaN,NaN,NaN,NaN,NaN,0.218507763515904,0.1,1,1.3729489294698,NaN,NaN
28/04/26,0,1.00000714285714,1,0.0245626526328345,0.049125305265669,0.0305806028880359,0.00500760484027654,0.218507763515904,0.0178904343093956,3.42965364449643,Intermediate,Stokes-2nd,1.3729489294698,4.57641589742599,1.3729247692278,NaN,NaN,NaN,NaN,NaN,0.218507763515904,0.1,1,1.3729489294698,NaN,NaN
28/04/26,0,1.00000714285714,1,0.00152063055644364,0.00304126111288728,0.0305806028880359,0.00031001199457344,0.218507763515904,0.00110756527340815,0.212323815664275,Intermediate,Linear,1.3729489294698,4.57641589742599,1.3729247692278,NaN,NaN,NaN,NaN,NaN,0.218507763515904,0.02,1,1.3729489294698,NaN,NaN
28/04/26,0,1.00000714285714,1,0.00321724443006232,0.00643448886012464,0.0305806028880359,0.000655901828729875,0.218507763515904,0.00234330961698972,0.449219970242512,Intermediate,Linear,1.3729489294698,4.57641589742599,1.3729247692278,NaN,NaN,NaN,NaN,NaN,0.218507763515904,0.02,1,1.3729489294698,NaN,NaN
28/04/26,0,1.00000714285714,1,0.00502047912946266,0.0100409582589253,0.0305806028880359,0.0010235285237718,0.218507763515904,0.00365671222119052,0.701003462486896,Intermediate,Stokes-2nd,1.3729489294698,4.57641589742599,1.3729247692278,NaN,NaN,NaN,NaN,NaN,0.218507763515904,0.02,1,1.3729489294698,NaN,NaN
28/04/26,0,1.00000714285714,1,0.00593629358519993,0.0118725871703999,0.0305806028880359,0.00121023624503863,0.218507763515904,0.00432375411625281,0.82887753344954,Intermediate,Stokes-2nd,1.3729489294698,4.57641589742599,1.3729247692278,NaN,NaN,NaN,NaN,NaN,0.218507763515904,0.02,1,1.3729489294698,NaN,NaN
28/04/26,0,1.33334285714286,1.4,0.0130456489504106,0.0260912979008212,0.0172015891245202,0.00149603928738461,0.139267164781132,0.00605610180684543,4.484117252678,Intermediate,Stokes-2nd,2.15413303251683,2.91680467841788,0.875041403525364,NaN,NaN,NaN,NaN,NaN,0.139267164781132,0.04,0.714285714285714,2.15413303251683,NaN,NaN
28/04/26,0,1.00000714285714,1,0.00685754718000002,0.01371509436,0.0305806028880359,0.00139805284731701,0.218507763515904,0.00499475765835532,0.957511064857623,Intermediate,Stokes-2nd,1.3729489294698,4.57641589742599,1.3729247692278,NaN,NaN,NaN,NaN,NaN,0.218507763515904,0.04,1,1.3729489294698,NaN,NaN
28/04/26,0,0.800005714285712,0.8,0.00372713609770078,0.00745427219540156,0.0477821920125564,0.00118727155118179,0.312324375650456,0.00388025151559558,0.254725387425215,Intermediate,Stokes-2nd,0.96053982138029,6.54130642720328,1.96239192816099,NaN,NaN,NaN,NaN,NaN,0.312324375650456,0.02,1.25,0.96053982138029,NaN,NaN
28/04/26,0,0.666671428571427,0.6,0.00832244381898044,0.0166448876379609,0.0688063564980812,0.00381758024229347,0.535025059937172,0.0148423866769125,0.193825701470472,Deep,Stokes-2nd,0.560721398798084,11.2055386519004,3.36166159557012,NaN,NaN,NaN,NaN,NaN,0.535025059937172,0.1,1.66666666666667,0.560721398798084,NaN,NaN
28/04/26,0,1.00000714285714,1,0.00877168976534294,0.0175433795306859,0.0305806028880359,0.00178829040914001,0.218507763515904,0.00638894104293475,1.22478049182218,Intermediate,Stokes-2nd,1.3729489294698,4.57641589742599,1.3729247692278,NaN,NaN,NaN,NaN,NaN,0.218507763515904,0.04,1,1.3729489294698,NaN,NaN
28/04/26,0,1.00000714285714,1,0.00979068761826535,0.0195813752365307,0.0305806028880359,0.00199603420036655,0.218507763515904,0.00713113751583337,1.36706193643039,Intermediate,Stokes-2nd,1.3729489294698,4.57641589742599,1.3729247692278,NaN,NaN,NaN,NaN,NaN,0.218507763515904,0.04,1,1.3729489294698,NaN,NaN
28/04/26,0,1.00000714285714,1,0.0108221890246025,0.021644378049205,0.0305806028880359,0.0022063270996042,0.218507763515904,0.00788244106704083,1.51108923716331,Intermediate,Stokes-2nd,1.3729489294698,4.57641589742599,1.3729247692278,NaN,NaN,NaN,NaN,NaN,0.218507763515904,0.04,1,1.3729489294698,NaN,NaN
28/04/26,0,1.00000714285714,1,0.0130586924785761,0.0261173849571522,0.0305806028880359,0.00266228459282878,0.218507763515904,0.00951141895978538,1.8233695244966,Intermediate,Stokes-2nd,1.3729489294698,4.57641589742599,1.3729247692278,NaN,NaN,NaN,NaN,NaN,0.218507763515904,0.06,1,1.3729489294698,NaN,NaN
28/04/26,0,1.00000714285714,1,0.0161204693636744,0.0322409387273488,0.0305806028880359,0.0032864911465285,0.218507763515904,0.0117414923582771,2.25088174842372,Intermediate,Stokes-2nd,1.3729489294698,4.57641589742599,1.3729247692278,NaN,NaN,NaN,NaN,NaN,0.218507763515904,0.08,1,1.3729489294698,NaN,NaN
28/04/26,0,1.00000714285714,1,0.00390317085281415,0.0078063417056283,0.0305806028880359,0.000795742119027106,0.218507763515904,0.00284291044556294,0.544995051656255,Intermediate,Linear,1.3729489294698,4.57641589742599,1.3729247692278,NaN,NaN,NaN,NaN,NaN,0.218507763515904,0.02,1,1.3729489294698,NaN,NaN
28/04/26,0,1.00016583333333,1,0.00715174804569089,0.0143034960913818,0.0305708995662745,0.00145756914152078,0.218507763515904,0.00520904156897717,0.998589977885196,Intermediate,Stokes-2nd,1.3729489294698,4.57641589742599,1.3729247692278,NaN,NaN,NaN,NaN,NaN,0.218507763515904,0.04,1,1.3729489294698,NaN,NaN
28/04/26,0,1.00000714285714,1,0.00720670264188284,0.0144134052837657,0.0305806028880359,0.00146923541082386,0.218507763515904,0.00524906825533991,1.00626322205507,Intermediate,Stokes-2nd,1.3729489294698,4.57641589742599,1.3729247692278,NaN,NaN,NaN,NaN,NaN,0.218507763515904,0.04,1,1.3729489294698,NaN,NaN
28/04/26,0,0.999331666666668,1,0.0106277791162424,0.0212555582324848,0.0306219574272199,0.00216962266428981,0.218507763515904,0.00774084081943717,1.48394401548468,Intermediate,Stokes-2nd,1.3729489294698,4.57641589742599,1.3729247692278,NaN,NaN,NaN,NaN,NaN,0.218507763515904,0.04,1,1.3729489294698,NaN,NaN
28/04/26,0,1.00000714285714,1,0.0105103981823937,0.0210207963647874,0.0305806028880359,0.00214276208673944,0.218507763515904,0.00765534533498822,1.46755425687081,Intermediate,Stokes-2nd,1.3729489294698,4.57641589742599,1.3729247692278,NaN,NaN,NaN,NaN,NaN,0.218507763515904,0.04,1,1.3729489294698,NaN,NaN
28/04/26,0,0.999887777777781,1,0.0116070465518308,0.0232140931036616,0.0305879046553998,0.00236690155505459,0.218507763515904,0.00845409927688509,1.62067794970613,Intermediate,Stokes-2nd,1.3729489294698,4.57641589742599,1.3729247692278,NaN,NaN,NaN,NaN,NaN,0.218507763515904,0.06,1,1.3729489294698,NaN,NaN
28/04/26,0,1.00000714285714,1,0.0121428529864301,0.0242857059728602,0.0305806028880359,0.00247557176737213,0.218507763515904,0.00884435882922417,1.69549195773032,Intermediate,Stokes-2nd,1.3729489294698,4.57641589742599,1.3729247692278,NaN,NaN,NaN,NaN,NaN,0.218507763515904,0.06,1,1.3729489294698,NaN,NaN
28/04/26,0,1.00016583333333,1,0.0100529358416082,0.0201058716832164,0.0305708995662745,0.00204884861306671,0.218507763515904,0.00732214842506225,1.40367934043782,Intermediate,Stokes-2nd,1.3729489294698,4.57641589742599,1.3729247692278,NaN,NaN,NaN,NaN,NaN,0.218507763515904,0.04,1,1.3729489294698,NaN,NaN
28/04/26,0,1.33334285714286,1.2,0.00206588131331885,0.0041317626266377,0.0172015891245202,0.000236909610211567,0.169451211837141,0.00116688697351194,0.47965033279338,Intermediate,Linear,1.77042109494224,3.54897788166299,1.0646933644989,NaN,NaN,NaN,NaN,NaN,0.169451211837141,0.02,0.833333333333333,1.77042109494224,NaN,NaN
28/04/26,0,1.32713702064897,1.2,0.00182374907062898,0.00364749814125796,0.0173628382431014,0.000211103067395583,0.169451211837141,0.00103012163368313,0.423432770807873,Intermediate,Linear,1.77042109494224,3.54897788166299,1.0646933644989,NaN,NaN,NaN,NaN,NaN,0.169451211837141,0.02,0.833333333333333,1.77042109494224,NaN,NaN
28/04/26,0,1.00000714285714,1,0.0137761301148068,0.0275522602296136,0.0305806028880359,0.00280854909583213,0.218507763515904,0.0100339712709684,1.92354447874842,Intermediate,Stokes-2nd,1.3729489294698,4.57641589742599,1.3729247692278,NaN,NaN,NaN,NaN,NaN,0.218507763515904,0.06,1,1.3729489294698,NaN,NaN
28/04/26,0,1.00016583333333,1,0.0132151983526835,0.026430396705367,0.0305708995662745,0.00269333667725523,0.218507763515904,0.00962541145487975,1.84522225146144,Intermediate,Stokes-2nd,1.3729489294698,4.57641589742599,1.3729247692278,NaN,NaN,NaN,NaN,NaN,0.218507763515904,0.06,1,1.3729489294698,NaN,NaN
28/04/26,0,0.800005714285712,0.8,0.0073857829264019,0.0147715658528038,0.0477821920125564,0.00235272598634931,0.312324375650456,0.00768920013726091,0.504769981039018,Intermediate,Stokes-2nd,0.96053982138029,6.54130642720328,1.96239192816099,NaN,NaN,NaN,NaN,NaN,0.312324375650456,0.04,1.25,0.96053982138029,NaN,NaN
28/04/26,0,0.774126944839829,0.8,0.00578380978826025,0.0115676195765205,0.0510302715233273,0.00196766255956133,0.312324375650456,0.0060214159366646,0.395285589387839,Intermediate,Stokes-2nd,0.96053982138029,6.54130642720328,1.96239192816099,NaN,NaN,NaN,NaN,NaN,0.312324375650456,0.04,1.25,0.96053982138029,NaN,NaN
28/04/26,0,0.666671428571427,0.6,0.010884127689902,0.021768255379804,0.0688063564980812,0.00499264780001356,0.535025059937172,0.0194109368988455,0.253486082967382,Deep,Stokes-2nd,0.560721398798084,11.2055386519004,3.36166159557012,NaN,NaN,NaN,NaN,NaN,0.535025059937172,0.1,1.66666666666667,0.560721398798084,NaN,NaN
28/04/26,0,0.666666,0.6,0.00853138270886473,0.0170627654177295,0.0688074770644266,0.00391348613378704,0.535025059937172,0.015215011817191,0.198691787415556,Deep,Stokes-2nd,0.560721398798084,11.2055386519004,3.36166159557012,NaN,NaN,NaN,NaN,NaN,0.535025059937172,0.1,1.66666666666667,0.560721398798084,NaN,NaN
28/04/26,0,1.00000714285714,1,0.0168326853036388,0.0336653706072776,0.0305806028880359,0.00343169109873237,0.218507763515904,0.0122602413988838,2.35032760350625,Intermediate,Stokes-2nd,1.3729489294698,4.57641589742599,1.3729247692278,NaN,NaN,NaN,NaN,NaN,0.218507763515904,0.08,1,1.3729489294698,NaN,NaN
28/04/26,0,1.00016586117137,1,0.0159131547554729,0.0318263095109458,0.0305708978644894,0.00324319619154251,0.218507763515904,0.0115904928536695,2.22193465902731,Intermediate,Stokes-2nd,1.3729489294698,4.57641589742599,1.3729247692278,NaN,NaN,NaN,NaN,NaN,0.218507763515904,0.08,1,1.3729489294698,NaN,NaN
28/04/26,0,1.00000714285714,1,0.0183218088762631,0.0366436177525262,0.0305806028880359,0.00373527974290329,0.218507763515904,0.0133448582703936,2.55825213691472,Intermediate,Stokes-2nd,1.3729489294698,4.57641589742599,1.3729247692278,NaN,NaN,NaN,NaN,NaN,0.218507763515904,0.08,1,1.3729489294698,NaN,NaN
28/04/26,0,1.00016591687531,1,0.0179730566407159,0.0359461132814318,0.0305708944592152,0.00366301611781882,0.218507763515904,0.013090841367025,2.50955628172553,Intermediate,Stokes-2nd,1.3729489294698,4.57641589742599,1.3729247692278,NaN,NaN,NaN,NaN,NaN,0.218507763515904,0.08,1,1.3729489294698,NaN,NaN
28/04/26,0,1.00000714285714,1,0.0197807410861834,0.0395614821723668,0.0305806028880359,0.00403271325325087,0.218507763515904,0.0144074849847636,2.76196108666136,Intermediate,Stokes-2nd,1.3729489294698,4.57641589742599,1.3729247692278,NaN,NaN,NaN,NaN,NaN,0.218507763515904,0.1,1,1.3729489294698,NaN,NaN
28/04/26,0,1.00010166666667,1,0.0184486057596797,0.0368972115193594,0.03057482255874,0.00376041898372237,0.218507763515904,0.0134372119484474,2.57595663324176,Intermediate,Stokes-2nd,1.3729489294698,4.57641589742599,1.3729247692278,NaN,NaN,NaN,NaN,NaN,0.218507763515904,0.08,1,1.3729489294698,NaN,NaN
28/04/26,0,1.00000714285714,1,0.0225552261881915,0.045110452376383,0.0305806028880359,0.00459834943407275,0.218507763515904,0.0164283067665902,3.14935910445457,Intermediate,Stokes-2nd,1.3729489294698,4.57641589742599,1.3729247692278,NaN,NaN,NaN,NaN,NaN,0.218507763515904,0.1,1,1.3729489294698,NaN,NaN
28/04/26,0,0.999808333333334,1,0.021315056257159,0.042630112514318,0.0305927658584048,0.00434724350222661,0.218507763515904,0.0155250175732249,2.97619566859362,Intermediate,Stokes-2nd,1.3729489294698,4.57641589742599,1.3729247692278,NaN,NaN,NaN,NaN,NaN,0.218507763515904,0.1,1,1.3729489294698,NaN,NaN
28/04/26,0,1.00000714285714,1,0.0253233756766568,0.0506467513533136,0.0305806028880359,0.00516269396901593,0.218507763515904,0.018444513945931,3.53587248814892,Intermediate,Stokes-2nd,1.3729489294698,4.57641589742599,1.3729247692278,NaN,NaN,NaN,NaN,NaN,0.218507763515904,0.1,1,1.3729489294698,NaN,NaN
28/04/26,0,1.00016583333334,1,0.0247428689015305,0.049485737803061,0.0305708995662744,0.00504274506780123,0.218507763515904,0.0180216964888021,3.4548170253401,Intermediate,Stokes-2nd,1.3729489294698,4.57641589742599,1.3729247692278,NaN,NaN,NaN,NaN,NaN,0.218507763515904,0.1,1,1.3729489294698,NaN,NaN
28/04/26,0,1.00000714285714,1,0.00148231299699813,0.00296462599399626,0.0305806028880359,0.000302200167446494,0.218507763515904,0.00107965632601539,0.20697358092518,Intermediate,Linear,1.3729489294698,4.57641589742599,1.3729247692278,NaN,NaN,NaN,NaN,NaN,0.218507763515904,0.02,1,1.3729489294698,NaN,NaN
28/04/26,0,1.00000714285714,1,0.00308526479154713,0.00617052958309426,0.0305806028880359,0.000628995049298277,0.218507763515904,0.00224718103151775,0.430791812054586,Intermediate,Linear,1.3729489294698,4.57641589742599,1.3729247692278,NaN,NaN,NaN,NaN,NaN,0.218507763515904,0.02,1,1.3729489294698,NaN,NaN
28/04/26,0,1.00000714285714,1,0.00477835383737021,0.00955670767474042,0.0305806028880359,0.000974166274394272,0.218507763515904,0.00348035803430467,0.667195799167195,Intermediate,Stokes-2nd,1.3729489294698,4.57641589742599,1.3729247692278,NaN,NaN,NaN,NaN,NaN,0.218507763515904,0.02,1,1.3729489294698,NaN,NaN
28/04/26,0,1.00000714285714,1,0.00563538590633861,0.0112707718126772,0.0305806028880359,0.0011488899901505,0.218507763515904,0.00410458523647698,0.786862156165568,Intermediate,Stokes-2nd,1.3729489294698,4.57641589742599,1.3729247692278,NaN,NaN,NaN,NaN,NaN,0.218507763515904,0.02,1,1.3729489294698,NaN,NaN
28/04/26,0,1.33334285714286,1.2,0.0120372495721234,0.0240744991442468,0.0172015891245202,0.00138039880885982,0.169451211837141,0.00679908842394138,2.79477370067815,Intermediate,Stokes-2nd,1.77042109494224,3.54897788166299,1.0646933644989,NaN,NaN,NaN,NaN,NaN,0.169451211837141,0.04,0.833333333333333,1.77042109494224,NaN,NaN
28/04/26,0,1.00000714285714,1,0.00650204772404182,0.0130040954480836,0.0305806028880359,0.00132557692938654,0.218507763515904,0.00473582635484683,0.907873103397642,Intermediate,Stokes-2nd,1.3729489294698,4.57641589742599,1.3729247692278,NaN,NaN,NaN,NaN,NaN,0.218507763515904,0.02,1,1.3729489294698,NaN,NaN
28/04/26,0,0.800005714285712,0.8,0.00911120594262962,0.0182224118852592,0.0477821920125564,0.00290235594544449,0.312324375650456,0.00948550569151508,0.622691364846847,Intermediate,Stokes-2nd,0.96053982138029,6.54130642720328,1.96239192816099,NaN,NaN,NaN,NaN,NaN,0.312324375650456,0.06,1.25,0.96053982138029,NaN,NaN
28/04/26,0,0.666671428571427,0.6,0.00965227498009603,0.0193045499601921,0.0688063564980812,0.00442758582198664,0.535025059937172,0.0172140299991865,0.224796827650102,Deep,Stokes-2nd,0.560721398798084,11.2055386519004,3.36166159557012,NaN,NaN,NaN,NaN,NaN,0.535025059937172,0.1,1.66666666666667,0.560721398798084,NaN,NaN
28/04/26,0,1.00000714285714,1,0.00819569222280254,0.0163913844456051,0.0305806028880359,0.00167086139505392,0.218507763515904,0.00596940792689756,1.14435464773587,Intermediate,Stokes-2nd,1.3729489294698,4.57641589742599,1.3729247692278,NaN,NaN,NaN,NaN,NaN,0.218507763515904,0.04,1,1.3729489294698,NaN,NaN
28/04/26,0,1.00000714285714,1,0.00903224520463127,0.0180644904092625,0.0305806028880359,0.00184141002526797,0.218507763515904,0.00657871899730408,1.26116153442806,Intermediate,Stokes-2nd,1.3729489294698,4.57641589742599,1.3729247692278,NaN,NaN,NaN,NaN,NaN,0.218507763515904,0.04,1,1.3729489294698,NaN,NaN
28/04/26,0,1.00000714285714,1,0.00985826944362334,0.0197165388872467,0.0305806028880359,0.00200981215345803,0.218507763515904,0.00718036136087769,1.37649830542137,Intermediate,Stokes-2nd,1.3729489294698,4.57641589742599,1.3729247692278,NaN,NaN,NaN,NaN,NaN,0.218507763515904,0.04,1,1.3729489294698,NaN,NaN
28/04/26,0,1.00000714285714,1,0.0114733014042084,0.0229466028084168,0.0305806028880359,0.00233906982704561,0.218507763515904,0.00835668476659151,1.60200327560503,Intermediate,Stokes-2nd,1.3729489294698,4.57641589742599,1.3729247692278,NaN,NaN,NaN,NaN,NaN,0.218507763515904,0.06,1,1.3729489294698,NaN,NaN
28/04/26,0,1.00000714285714,1,0.0129928062584274,0.0259856125168548,0.0305806028880359,0.00264885232393437,0.218507763515904,0.00946343012441469,1.81416991082161,Intermediate,Stokes-2nd,1.3729489294698,4.57641589742599,1.3729247692278,NaN,NaN,NaN,NaN,NaN,0.218507763515904,0.06,1,1.3729489294698,NaN,NaN
28/04/26,0,1.00000714285714,1,0.00133765565724015,0.0026753113144803,0.0305806028880359,0.000272708776366638,0.218507763515904,0.000974293820059804,0.186775250560775,Intermediate,Linear,1.3729489294698,4.57641589742599,1.3729247692278,NaN,NaN,NaN,NaN,NaN,0.218507763515904,0.02,1,1.3729489294698,NaN,NaN
28/04/26,0,1.00002680555556,1,0.00354062660308916,0.00708125320617832,0.0305794003377498,0.000721801588949004,0.218507763515904,0.00257884800161974,0.494373434115713,Intermediate,Linear,1.3729489294698,4.57641589742599,1.3729247692278,NaN,NaN,NaN,NaN,NaN,0.218507763515904,0.02,1,1.3729489294698,NaN,NaN
28/04/26,0,1.00000714285714,1,0.00286977034491319,0.00573954068982638,0.0305806028880359,0.000585062048651014,0.218507763515904,0.00209022366623748,0.400702581656121,Intermediate,Linear,1.3729489294698,4.57641589742599,1.3729247692278,NaN,NaN,NaN,NaN,NaN,0.218507763515904,0.02,1,1.3729489294698,NaN,NaN
28/04/26,0,1.00016591687531,1,0.00716900433756733,0.0143380086751347,0.0305708944592152,0.00146108583320951,0.218507763515904,0.0052216103481255,1.00099945316497,Intermediate,Stokes-2nd,1.3729489294698,4.57641589742599,1.3729247692278,NaN,NaN,NaN,NaN,NaN,0.218507763515904,0.04,1,1.3729489294698,NaN,NaN
28/04/26,0,1.00000714285714,1,0.00447189172889514,0.00894378345779028,0.0305806028880359,0.000911687634130897,0.218507763515904,0.00325714353455381,0.624404863556822,Intermediate,Stokes-2nd,1.3729489294698,4.57641589742599,1.3729247692278,NaN,NaN,NaN,NaN,NaN,0.218507763515904,0.02,1,1.3729489294698,NaN,NaN
28/04/26,0,0.999331666666668,1,0.0103002819816355,0.020600563963271,0.0306219574272199,0.00210276530886669,0.218507763515904,0.00750230526463444,1.43821598447531,Intermediate,Stokes-2nd,1.3729489294698,4.57641589742599,1.3729247692278,NaN,NaN,NaN,NaN,NaN,0.218507763515904,0.04,1,1.3729489294698,NaN,NaN
28/04/26,0,1.00000714285714,1,0.00529185654256481,0.0105837130851296,0.0305806028880359,0.00107885442312419,0.218507763515904,0.00385437245987613,0.738895564280317,Intermediate,Stokes-2nd,1.3729489294698,4.57641589742599,1.3729247692278,NaN,NaN,NaN,NaN,NaN,0.218507763515904,0.02,1,1.3729489294698,NaN,NaN
28/04/26,0,1.00016583333334,1,0.0120175567516109,0.0240351135032218,0.0305708995662744,0.00244925013657,0.218507763515904,0.00875309816239981,1.67799699516203,Intermediate,Stokes-2nd,1.3729489294698,4.57641589742599,1.3729247692278,NaN,NaN,NaN,NaN,NaN,0.218507763515904,0.06,1,1.3729489294698,NaN,NaN
28/04/26,0,1.33334285714286,1.2,0.0115523226344342,0.0231046452688684,0.0172015891245202,0.00132478871594288,0.169451211837141,0.00652518356646168,2.68218477045087,Intermediate,Stokes-2nd,1.77042109494224,3.54897788166299,1.0646933644989,NaN,NaN,NaN,NaN,NaN,0.169451211837141,0.04,0.833333333333333,1.77042109494224,NaN,NaN
28/04/26,0,1.33244222222223,1.2,0.00172071439027649,0.00344142878055298,0.0172248510528112,0.000197593660512942,0.169451211837141,0.000971923795526526,0.399510477498129,Intermediate,Linear,1.77042109494224,3.54897788166299,1.0646933644989,NaN,NaN,NaN,NaN,NaN,0.169451211837141,0.02,0.833333333333333,1.77042109494224,NaN,NaN
28/04/26,0,1.00000714285714,1,0.00611297461119011,0.0122259492223802,0.0305806028880359,0.00124625632699634,0.218507763515904,0.00445244136906884,0.853547292606194,Intermediate,Stokes-2nd,1.3729489294698,4.57641589742599,1.3729247692278,NaN,NaN,NaN,NaN,NaN,0.218507763515904,0.02,1,1.3729489294698,NaN,NaN
28/04/26,0,0.999999,1,0.0138877372494986,0.0277754744989972,0.0305811009175229,0.00283134862895306,0.218507763515904,0.0101152613556148,1.93912804873043,Intermediate,Stokes-2nd,1.3729489294698,4.57641589742599,1.3729247692278,NaN,NaN,NaN,NaN,NaN,0.218507763515904,0.06,1,1.3729489294698,NaN,NaN
28/04/26,0,0.800005714285712,0.8,0.00429703667067443,0.00859407334134886,0.0477821920125564,0.00136881220855441,0.312324375650456,0.00447356431771836,0.293674366061685,Intermediate,Stokes-2nd,0.96053982138029,6.54130642720328,1.96239192816099,NaN,NaN,NaN,NaN,NaN,0.312324375650456,0.02,1.25,0.96053982138029,NaN,NaN
28/04/26,0,0.799999244555721,0.8,0.00912872647746854,0.0182574529549371,0.0477829648611129,0.00290798410999727,0.312324375650456,0.00950374599186384,0.6238887788687,Intermediate,Stokes-2nd,0.96053982138029,6.54130642720328,1.96239192816099,NaN,NaN,NaN,NaN,NaN,0.312324375650456,0.06,1.25,0.96053982138029,NaN,NaN
28/04/26,0,0.666671428571427,0.6,0.00895340477194306,0.0179068095438861,0.0688063564980812,0.00410700773739957,0.535025059937172,0.015967653082502,0.208520477664641,Deep,Stokes-2nd,0.560721398798084,11.2055386519004,3.36166159557012,NaN,NaN,NaN,NaN,NaN,0.535025059937172,0.1,1.66666666666667,0.560721398798084,NaN,NaN
28/04/26,0,0.666777222222223,0.6,0.00557953283917007,0.0111590656783401,0.0687845240241176,0.00255857007079498,0.535025059937172,0.00995063297232796,0.129944628038614,Deep,Stokes-2nd,0.560721398798084,11.2055386519004,3.36166159557012,NaN,NaN,NaN,NaN,NaN,0.535025059937172,0.06,1.66666666666667,0.560721398798084,NaN,NaN
28/04/26,0,1.00000714285714,1,0.00773138391474456,0.0154627678294891,0.0305806028880359,0.00157620254181168,0.218507763515904,0.00563122469364555,1.07952383712658,Intermediate,Stokes-2nd,1.3729489294698,4.57641589742599,1.3729247692278,NaN,NaN,NaN,NaN,NaN,0.218507763515904,0.04,1,1.3729489294698,NaN,NaN
28/04/26,0,1.00002680555555,1,0.0169675696268032,0.0339351392536064,0.0305794003377502,0.00345905402917777,0.218507763515904,0.0123584856381771,2.36916133931814,Intermediate,Stokes-2nd,1.3729489294698,4.57641589742599,1.3729247692278,NaN,NaN,NaN,NaN,NaN,0.218507763515904,0.08,1,1.3729489294698,NaN,NaN
28/04/26,0,1.00000714285714,1,0.00852343422207974,0.0170468684441595,0.0305806028880359,0.00173767838125144,0.218507763515904,0.00620812183113853,1.19011686890464,Intermediate,Stokes-2nd,1.3729489294698,4.57641589742599,1.3729247692278,NaN,NaN,NaN,NaN,NaN,0.218507763515904,0.04,1,1.3729489294698,NaN,NaN
28/04/26,0,1.00002680555555,1,0.0185978796520763,0.0371957593041526,0.0305794003377502,0.00379141338209426,0.218507763515904,0.0135459369630437,2.59679956729856,Intermediate,Stokes-2nd,1.3729489294698,4.57641589742599,1.3729247692278,NaN,NaN,NaN,NaN,NaN,0.218507763515904,0.08,1,1.3729489294698,NaN,NaN
28/04/26,0,1.00000714285714,1,0.00932549998675047,0.0186509999735009,0.0305806028880359,0.001901196078848,0.218507763515904,0.00679231381924144,1.30210834694442,Intermediate,Stokes-2nd,1.3729489294698,4.57641589742599,1.3729247692278,NaN,NaN,NaN,NaN,NaN,0.218507763515904,0.04,1,1.3729489294698,NaN,NaN
28/04/26,0,1.00016591068917,1,0.0201260131240398,0.0402520262480796,0.0305708948373841,0.00410180153807223,0.218507763515904,0.0146589670540855,2.81017100603277,Intermediate,Stokes-2nd,1.3729489294698,4.57641589742599,1.3729247692278,NaN,NaN,NaN,NaN,NaN,0.218507763515904,0.1,1,1.3729489294698,NaN,NaN
28/04/26,0,1.00000714285714,1,0.0108434989190043,0.0216869978380086,0.0305806028880359,0.00221067156239278,0.218507763515904,0.00789796232492916,1.51406471208825,Intermediate,Stokes-2nd,1.3729489294698,4.57641589742599,1.3729247692278,NaN,NaN,NaN,NaN,NaN,0.218507763515904,0.04,1,1.3729489294698,NaN,NaN
28/04/26,0,0.999609722222223,1,0.0230309953461294,0.0460619906922588,0.0306049239371158,0.00469907907176238,0.218507763515904,0.0167748376154264,3.2157901797481,Intermediate,Stokes-2nd,1.3729489294698,4.57641589742599,1.3729247692278,NaN,NaN,NaN,NaN,NaN,0.218507763515904,0.1,1,1.3729489294698,NaN,NaN
28/04/26,0,1.00000714285714,1,0.012279982436423,0.024559964872846,0.0305806028880359,0.00250352844240205,0.218507763515904,0.00894423832732455,1.71463917790096,Intermediate,Stokes-2nd,1.3729489294698,4.57641589742599,1.3729247692278,NaN,NaN,NaN,NaN,NaN,0.218507763515904,0.06,1,1.3729489294698,NaN,NaN
28/04/26,0,1.00016583333334,1,0.0257788014585851,0.0515576029171702,0.0305708995662744,0.00525387433552889,0.218507763515904,0.0187762275094531,3.59946304231814,Intermediate,Stokes-2nd,1.3729489294698,4.57641589742599,1.3729247692278,NaN,NaN,NaN,NaN,NaN,0.218507763515904,0.1,1,1.3729489294698,NaN,NaN
28/04/26,0,1.00000714285714,1,0.0039607975403689,0.0079215950807378,0.0305806028880359,0.000807490511346204,0.218507763515904,0.00288488337428433,0.553041396729271,Intermediate,Linear,1.3729489294698,4.57641589742599,1.3729247692278,NaN,NaN,NaN,NaN,NaN,0.218507763515904,0.02,1,1.3729489294698,NaN,NaN
28/04/26,0,1.00000714285714,1,0.0073622890933423,0.0147245781866846,0.0305806028880359,0.00150095492740279,0.218507763515904,0.00536239108047918,1.02798757114141,Intermediate,Stokes-2nd,1.3729489294698,4.57641589742599,1.3729247692278,NaN,NaN,NaN,NaN,NaN,0.218507763515904,0.04,1,1.3729489294698,NaN,NaN
28/04/26,0,1.00000714285714,1,0.0106787056642828,0.0213574113285656,0.0305806028880359,0.00217707504851768,0.218507763515904,0.00777793363982349,1.49105482813587,Intermediate,Stokes-2nd,1.3729489294698,4.57641589742599,1.3729247692278,NaN,NaN,NaN,NaN,NaN,0.218507763515904,0.04,1,1.3729489294698,NaN,NaN
28/04/26,0,1.00000714285714,1,0.0123047714411783,0.0246095428823566,0.0305806028880359,0.00250858219380479,0.218507763515904,0.00896229362728744,1.71810043682007,Intermediate,Stokes-2nd,1.3729489294698,4.57641589742599,1.3729247692278,NaN,NaN,NaN,NaN,NaN,0.218507763515904,0.06,1,1.3729489294698,NaN,NaN
28/04/26,0,1.33334285714286,1.2,0.00963948031971598,0.019278960639432,0.0172015891245202,0.00110542919889102,0.169451211837141,0.0054447387388538,2.23806658857822,Intermediate,Stokes-2nd,1.77042109494224,3.54897788166299,1.0646933644989,NaN,NaN,NaN,NaN,NaN,0.169451211837141,0.04,0.833333333333333,1.77042109494224,NaN,NaN
28/04/26,0,1.00000714285714,1,0.0139526140674445,0.027905228134889,0.0305806028880359,0.00284452900031029,0.218507763515904,0.0101625149835928,1.9481867207899,Intermediate,Stokes-2nd,1.3729489294698,4.57641589742599,1.3729247692278,NaN,NaN,NaN,NaN,NaN,0.218507763515904,0.06,1,1.3729489294698,NaN,NaN
28/04/26,0,0.800005714285712,0.8,0.00862634858021045,0.0172526971604209,0.0477821920125564,0.00274790562817906,0.312324375650456,0.00898072978152477,0.58955453371144,Intermediate,Stokes-2nd,0.96053982138029,6.54130642720328,1.96239192816099,NaN,NaN,NaN,NaN,NaN,0.312324375650456,0.06,1.25,0.96053982138029,NaN,NaN
28/04/26,0,0.666671428571427,0.6,0.0118472541208275,0.023694508241655,0.0688063564980812,0.00543444260374012,0.535025059937172,0.0211285928202888,0.27591683289364,Deep,Stokes-2nd,0.560721398798084,11.2055386519004,3.36166159557012,NaN,NaN,NaN,NaN,NaN,0.535025059937172,0.1,1.66666666666667,0.560721398798084,NaN,NaN
28/04/26,0,1.00000714285714,1,0.0169823484172582,0.0339646968345164,0.0305806028880359,0.00346220302036292,0.218507763515904,0.0123692499063431,2.37122488405425,Intermediate,Stokes-2nd,1.3729489294698,4.57641589742599,1.3729247692278,NaN,NaN,NaN,NaN,NaN,0.218507763515904,0.08,1,1.3729489294698,NaN,NaN
28/04/26,0,1.00000714285714,1,0.018462811097265,0.03692562219453,0.0305806028880359,0.00376402596241522,0.218507763515904,0.0134475585369333,2.57794010744339,Intermediate,Stokes-2nd,1.3729489294698,4.57641589742599,1.3729247692278,NaN,NaN,NaN,NaN,NaN,0.218507763515904,0.08,1,1.3729489294698,NaN,NaN
28/04/26,0,1.00000714285714,1,0.0199097931159243,0.0398195862318486,0.0305806028880359,0.00405902317907355,0.218507763515904,0.0145014812194165,2.7799804663573,Intermediate,Stokes-2nd,1.3729489294698,4.57641589742599,1.3729247692278,NaN,NaN,NaN,NaN,NaN,0.218507763515904,0.1,1,1.3729489294698,NaN,NaN
28/04/26,0,1.00000714285714,1,0.0226133915221207,0.0452267830442414,0.0305806028880359,0.00461020764059767,0.218507763515904,0.0164706720233603,3.15748066007299,Intermediate,Stokes-2nd,1.3729489294698,4.57641589742599,1.3729247692278,NaN,NaN,NaN,NaN,NaN,0.218507763515904,0.1,1,1.3729489294698,NaN,NaN
28/04/26,0,1.00000714285714,1,0.0252636139720464,0.0505272279440928,0.0305806028880359,0.00515051030930524,0.218507763515904,0.01840098595787,3.52752803321231,Intermediate,Stokes-2nd,1.3729489294698,4.57641589742599,1.3729247692278,NaN,NaN,NaN,NaN,NaN,0.218507763515904,0.1,1,1.3729489294698,NaN,NaN
28/04/26,0,1.00000714285714,1,0.00416856930235191,0.00833713860470382,0.0305806028880359,0.000849849082976537,0.218507763515904,0.00303621585105989,0.582052317958353,Intermediate,Linear,1.3729489294698,4.57641589742599,1.3729247692278,NaN,NaN,NaN,NaN,NaN,0.218507763515904,0.02,1,1.3729489294698,NaN,NaN
28/04/26,0,1.00000714285714,1,0.00745829784578842,0.0149165956915768,0.0305806028880359,0.00152052829761833,0.218507763515904,0.00543231993972903,1.04139315777134,Intermediate,Stokes-2nd,1.3729489294698,4.57641589742599,1.3729247692278,NaN,NaN,NaN,NaN,NaN,0.218507763515904,0.04,1,1.3729489294698,NaN,NaN
28/04/26,0,1.00000714285714,1,0.0106055842027343,0.0212111684054686,0.0305806028880359,0.0021621677259963,0.218507763515904,0.00772467494973023,1.48084496640638,Intermediate,Stokes-2nd,1.3729489294698,4.57641589742599,1.3729247692278,NaN,NaN,NaN,NaN,NaN,0.218507763515904,0.04,1,1.3729489294698,NaN,NaN
28/04/26,0,1.00000714285714,1,0.0121496040721798,0.0242992081443596,0.0305806028880359,0.00247694811585463,0.218507763515904,0.00884927604471908,1.69643460371371,Intermediate,Stokes-2nd,1.3729489294698,4.57641589742599,1.3729247692278,NaN,NaN,NaN,NaN,NaN,0.218507763515904,0.06,1,1.3729489294698,NaN,NaN
28/04/26,0,1.33334285714286,1.4,0.00827452821319327,0.0165490564263865,0.0172015891245202,0.000948900230150673,0.139267164781132,0.00384123361384303,2.84416320411435,Intermediate,Stokes-2nd,2.15413303251683,2.91680467841788,0.875041403525364,NaN,NaN,NaN,NaN,NaN,0.139267164781132,0.02,0.714285714285714,2.15413303251683,NaN,NaN
28/04/26,0,1.00000714285714,1,0.0137044654001974,0.0274089308003948,0.0305806028880359,0.00279393876130843,0.218507763515904,0.00998177361592739,1.91353802084194,Intermediate,Stokes-2nd,1.3729489294698,4.57641589742599,1.3729247692278,NaN,NaN,NaN,NaN,NaN,0.218507763515904,0.06,1,1.3729489294698,NaN,NaN
28/04/26,0,0.800005714285712,0.8,0.0107344082418589,0.0214688164837178,0.0477821920125564,0.00341942370502446,0.312324375650456,0.011175391173719,0.733626630880127,Intermediate,Stokes-2nd,0.96053982138029,6.54130642720328,1.96239192816099,NaN,NaN,NaN,NaN,NaN,0.312324375650456,0.08,1.25,0.96053982138029,NaN,NaN
28/04/26,0,0.666671428571427,0.6,0.00590190605578882,0.0118038121115776,0.0688063564980812,0.0027072576806186,0.535025059937172,0.0105255588041399,0.137452544728171,Deep,Stokes-2nd,0.560721398798084,11.2055386519004,3.36166159557012,NaN,NaN,NaN,NaN,NaN,0.535025059937172,0.06,1.66666666666667,0.560721398798084,NaN,NaN
28/04/26,0,1.00000714285714,1,0.0165770144706339,0.0331540289412678,0.0305806028880359,0.00337956731063787,0.218507763515904,0.0120740211924966,2.31462859260078,Intermediate,Stokes-2nd,1.3729489294698,4.57641589742599,1.3729247692278,NaN,NaN,NaN,NaN,NaN,0.218507763515904,0.08,1,1.3729489294698,NaN,NaN
28/04/26,0,1.00000714285714,1,0.0180037664717121,0.0360075329434242,0.0305806028880359,0.00367044021973575,0.218507763515904,0.0131132091553214,2.51384425849141,Intermediate,Stokes-2nd,1.3729489294698,4.57641589742599,1.3729247692278,NaN,NaN,NaN,NaN,NaN,0.218507763515904,0.08,1,1.3729489294698,NaN,NaN
28/04/26,0,1.00000714285714,1,0.0193729817597935,0.038745963519587,0.0305806028880359,0.00394958307968938,0.218507763515904,0.0141104897232229,2.70502614234834,Intermediate,Stokes-2nd,1.3729489294698,4.57641589742599,1.3729247692278,NaN,NaN,NaN,NaN,NaN,0.218507763515904,0.08,1,1.3729489294698,NaN,NaN
28/04/26,0,1.00000714285714,1,0.0219800458874783,0.0439600917749566,0.0305806028880359,0.00448108703163854,0.218507763515904,0.0160093688961661,3.06904737086165,Intermediate,Stokes-2nd,1.3729489294698,4.57641589742599,1.3729247692278,NaN,NaN,NaN,NaN,NaN,0.218507763515904,0.1,1,1.3729489294698,NaN,NaN
28/04/26,0,1.00000714285714,1,0.0245626526328345,0.049125305265669,0.0305806028880359,0.00500760484027654,0.218507763515904,0.0178904343093956,3.42965364449643,Intermediate,Stokes-2nd,1.3729489294698,4.57641589742599,1.3729247692278,NaN,NaN,NaN,NaN,NaN,0.218507763515904,0.1,1,1.3729489294698,NaN,NaN
28/04/26,0,1.00000714285714,1,0.00152063055644364,0.00304126111288728,0.0305806028880359,0.00031001199457344,0.218507763515904,0.00110756527340815,0.212323815664275,Intermediate,Linear,1.3729489294698,4.57641589742599,1.3729247692278,NaN,NaN,NaN,NaN,NaN,0.218507763515904,0.02,1,1.3729489294698,NaN,NaN
28/04/26,0,1.00000714285714,1,0.00321724443006232,0.00643448886012464,0.0305806028880359,0.000655901828729875,0.218507763515904,0.00234330961698972,0.449219970242512,Intermediate,Linear,1.3729489294698,4.57641589742599,1.3729247692278,NaN,NaN,NaN,NaN,NaN,0.218507763515904,0.02,1,1.3729489294698,NaN,NaN
28/04/26,0,1.00000714285714,1,0.00502047912946266,0.0100409582589253,0.0305806028880359,0.0010235285237718,0.218507763515904,0.00365671222119052,0.701003462486896,Intermediate,Stokes-2nd,1.3729489294698,4.57641589742599,1.3729247692278,NaN,NaN,NaN,NaN,NaN,0.218507763515904,0.02,1,1.3729489294698,NaN,NaN
28/04/26,0,1.00000714285714,1,0.00593629358519993,0.0118725871703999,0.0305806028880359,0.00121023624503863,0.218507763515904,0.00432375411625281,0.82887753344954,Intermediate,Stokes-2nd,1.3729489294698,4.57641589742599,1.3729247692278,NaN,NaN,NaN,NaN,NaN,0.218507763515904,0.02,1,1.3729489294698,NaN,NaN
28/04/26,0,1.33334285714286,1.4,0.0130456489504106,0.0260912979008212,0.0172015891245202,0.00149603928738461,0.139267164781132,0.00605610180684543,4.484117252678,Intermediate,Stokes-2nd,2.15413303251683,2.91680467841788,0.875041403525364,NaN,NaN,NaN,NaN,NaN,0.139267164781132,0.04,0.714285714285714,2.15413303251683,NaN,NaN
28/04/26,0,1.00000714285714,1,0.00685754718000002,0.01371509436,0.0305806028880359,0.00139805284731701,0.218507763515904,0.00499475765835532,0.957511064857623,Intermediate,Stokes-2nd,1.3729489294698,4.57641589742599,1.3729247692278,NaN,NaN,NaN,NaN,NaN,0.218507763515904,0.04,1,1.3729489294698,NaN,NaN
28/04/26,0,0.800005714285712,0.8,0.00372713609770078,0.00745427219540156,0.0477821920125564,0.00118727155118179,0.312324375650456,0.00388025151559558,0.254725387425215,Intermediate,Stokes-2nd,0.96053982138029,6.54130642720328,1.96239192816099,NaN,NaN,NaN,NaN,NaN,0.312324375650456,0.02,1.25,0.96053982138029,NaN,NaN
28/04/26,0,0.666671428571427,0.6,0.00832244381898044,0.0166448876379609,0.0688063564980812,0.00381758024229347,0.535025059937172,0.0148423866769125,0.193825701470472,Deep,Stokes-2nd,0.560721398798084,11.2055386519004,3.36166159557012,NaN,NaN,NaN,NaN,NaN,0.535025059937172,0.1,1.66666666666667,0.560721398798084,NaN,NaN
28/04/26,0,1.00000714285714,1,0.00877168976534294,0.0175433795306859,0.0305806028880359,0.00178829040914001,0.218507763515904,0.00638894104293475,1.22478049182218,Intermediate,Stokes-2nd,1.3729489294698,4.57641589742599,1.3729247692278,NaN,NaN,NaN,NaN,NaN,0.218507763515904,0.04,1,1.3729489294698,NaN,NaN
28/04/26,0,1.00000714285714,1,0.00979068761826535,0.0195813752365307,0.0305806028880359,0.00199603420036655,0.218507763515904,0.00713113751583337,1.36706193643039,Intermediate,Stokes-2nd,1.3729489294698,4.57641589742599,1.3729247692278,NaN,NaN,NaN,NaN,NaN,0.218507763515904,0.04,1,1.3729489294698,NaN,NaN
28/04/26,0,1.00000714285714,1,0.0108221890246025,0.021644378049205,0.0305806028880359,0.0022063270996042,0.218507763515904,0.00788244106704083,1.51108923716331,Intermediate,Stokes-2nd,1.3729489294698,4.57641589742599,1.3729247692278,NaN,NaN,NaN,NaN,NaN,0.218507763515904,0.04,1,1.3729489294698,NaN,NaN
28/04/26,0,1.00000714285714,1,0.0130586924785761,0.0261173849571522,0.0305806028880359,0.00266228459282878,0.218507763515904,0.00951141895978538,1.8233695244966,Intermediate,Stokes-2nd,1.3729489294698,4.57641589742599,1.3729247692278,NaN,NaN,NaN,NaN,NaN,0.218507763515904,0.06,1,1.3729489294698,NaN,NaN
28/04/26,0,1.00000714285714,1,0.0161204693636744,0.0322409387273488,0.0305806028880359,0.0032864911465285,0.218507763515904,0.0117414923582771,2.25088174842372,Intermediate,Stokes-2nd,1.3729489294698,4.57641589742599,1.3729247692278,NaN,NaN,NaN,NaN,NaN,0.218507763515904,0.08,1,1.3729489294698,NaN,NaN
28/04/26,0,1.00000714285714,1,0.00390317085281415,0.0078063417056283,0.0305806028880359,0.000795742119027106,0.218507763515904,0.00284291044556294,0.544995051656255,Intermediate,Linear,1.3729489294698,4.57641589742599,1.3729247692278,NaN,NaN,NaN,NaN,NaN,0.218507763515904,0.02,1,1.3729489294698,NaN,NaN
28/04/26,0,1.00016583333333,1,0.00719082079081755,0.0143816415816351,0.0305708995662745,0.00146553240130108,0.218507763515904,0.00523750056281735,1.00404565829265,Intermediate,Stokes-2nd,1.3729489294698,4.57641589742599,1.3729247692278,NaN,NaN,NaN,NaN,NaN,0.218507763515904,0.04,1,1.3729489294698,NaN,NaN
28/04/26,0,1.00000714285714,1,0.00720670264188284,0.0144134052837657,0.0305806028880359,0.00146923541082386,0.218507763515904,0.00524906825533991,1.00626322205507,Intermediate,Stokes-2nd,1.3729489294698,4.57641589742599,1.3729247692278,NaN,NaN,NaN,NaN,NaN,0.218507763515904,0.04,1,1.3729489294698,NaN,NaN
28/04/26,0,0.999331666666668,1,0.0106879457449164,0.0213758914898328,0.0306219574272199,0.00218190546390178,0.218507763515904,0.00778466373767,1.49234500948127,Intermediate,Stokes-2nd,1.3729489294698,4.57641589742599,1.3729247692278,NaN,NaN,NaN,NaN,NaN,0.218507763515904,0.04,1,1.3729489294698,NaN,NaN
28/04/26,0,1.00000714285714,1,0.0105103981823937,0.0210207963647874,0.0305806028880359,0.00214276208673944,0.218507763515904,0.00765534533498822,1.46755425687081,Intermediate,Stokes-2nd,1.3729489294698,4.57641589742599,1.3729247692278,NaN,NaN,NaN,NaN,NaN,0.218507763515904,0.04,1,1.3729489294698,NaN,NaN
28/04/26,0,0.999887777777781,1,0.0116721774591533,0.0233443549183066,0.0305879046553998,0.00238018300827659,0.218507763515904,0.0085015379732011,1.62977209995965,Intermediate,Stokes-2nd,1.3729489294698,4.57641589742599,1.3729247692278,NaN,NaN,NaN,NaN,NaN,0.218507763515904,0.06,1,1.3729489294698,NaN,NaN
28/04/26,0,1.00000714285714,1,0.0121428529864301,0.0242857059728602,0.0305806028880359,0.00247557176737213,0.218507763515904,0.00884435882922417,1.69549195773032,Intermediate,Stokes-2nd,1.3729489294698,4.57641589742599,1.3729247692278,NaN,NaN,NaN,NaN,NaN,0.218507763515904,0.06,1,1.3729489294698,NaN,NaN
28/04/26,0,1.00016583333333,1,0.010110647716241,0.020221295432482,0.0305708995662745,0.00206061063922124,0.218507763515904,0.00736418340057666,1.41173758008008,Intermediate,Stokes-2nd,1.3729489294698,4.57641589742599,1.3729247692278,NaN,NaN,NaN,NaN,NaN,0.218507763515904,0.04,1,1.3729489294698,NaN,NaN
28/04/26,0,1.33334285714286,1.2,0.00206588131331885,0.0041317626266377,0.0172015891245202,0.000236909610211567,0.169451211837141,0.00116688697351194,0.47965033279338,Intermediate,Linear,1.77042109494224,3.54897788166299,1.0646933644989,NaN,NaN,NaN,NaN,NaN,0.169451211837141,0.02,0.833333333333333,1.77042109494224,NaN,NaN
28/04/26,0,1.32713702064897,1.2,0.0018347040610172,0.0036694081220344,0.0173628382431014,0.000212371132236019,0.169451211837141,0.00103630942167296,0.42597626870951,Intermediate,Linear,1.77042109494224,3.54897788166299,1.0646933644989,NaN,NaN,NaN,NaN,NaN,0.169451211837141,0.02,0.833333333333333,1.77042109494224,NaN,NaN
28/04/26,0,1.00000714285714,1,0.0137761301148068,0.0275522602296136,0.0305806028880359,0.00280854909583213,0.218507763515904,0.0100339712709684,1.92354447874842,Intermediate,Stokes-2nd,1.3729489294698,4.57641589742599,1.3729247692278,NaN,NaN,NaN,NaN,NaN,0.218507763515904,0.06,1,1.3729489294698,NaN,NaN
28/04/26,0,1.00016583333333,1,0.01328662925543,0.02657325851086,0.0305708995662745,0.00270789472361384,0.218507763515904,0.00967743881089661,1.85519606249872,Intermediate,Stokes-2nd,1.3729489294698,4.57641589742599,1.3729247692278,NaN,NaN,NaN,NaN,NaN,0.218507763515904,0.06,1,1.3729489294698,NaN,NaN
28/04/26,0,0.800005714285712,0.8,0.0073857829264019,0.0147715658528038,0.0477821920125564,0.00235272598634931,0.312324375650456,0.00768920013726091,0.504769981039018,Intermediate,Stokes-2nd,0.96053982138029,6.54130642720328,1.96239192816099,NaN,NaN,NaN,NaN,NaN,0.312324375650456,0.04,1.25,0.96053982138029,NaN,NaN
28/04/26,0,0.774126944839829,0.8,0.00581601741684008,0.0116320348336802,0.0510302715233273,0.001978619653105,0.312324375650456,0.00605494669495586,0.397486770255129,Intermediate,Stokes-2nd,0.96053982138029,6.54130642720328,1.96239192816099,NaN,NaN,NaN,NaN,NaN,0.312324375650456,0.04,1.25,0.96053982138029,NaN,NaN
28/04/26,0,0.666671428571427,0.6,0.010884127689902,0.021768255379804,0.0688063564980812,0.00499264780001356,0.535025059937172,0.0194109368988455,0.253486082967382,Deep,Stokes-2nd,0.560721398798084,11.2055386519004,3.36166159557012,NaN,NaN,NaN,NaN,NaN,0.535025059937172,0.1,1.66666666666667,0.560721398798084,NaN,NaN
28/04/26,0,0.666666,0.6,0.00857909772279109,0.0171581954455822,0.0688074770644266,0.00393537379862948,0.535025059937172,0.0153001075778105,0.199803047070305,Deep,Stokes-2nd,0.560721398798084,11.2055386519004,3.36166159557012,NaN,NaN,NaN,NaN,NaN,0.535025059937172,0.1,1.66666666666667,0.560721398798084,NaN,NaN
28/04/26,0,1.00000714285714,1,0.0168326853036388,0.0336653706072776,0.0305806028880359,0.00343169109873237,0.218507763515904,0.0122602413988838,2.35032760350625,Intermediate,Stokes-2nd,1.3729489294698,4.57641589742599,1.3729247692278,NaN,NaN,NaN,NaN,NaN,0.218507763515904,0.08,1,1.3729489294698,NaN,NaN
28/04/26,0,1.00016586117137,1,0.0159995207172093,0.0319990414344186,0.0305708978644894,0.00326079809151059,0.218507763515904,0.0116533982974792,2.23399383438827,Intermediate,Stokes-2nd,1.3729489294698,4.57641589742599,1.3729247692278,NaN,NaN,NaN,NaN,NaN,0.218507763515904,0.08,1,1.3729489294698,NaN,NaN
28/04/26,0,1.00000714285714,1,0.0183218088762631,0.0366436177525262,0.0305806028880359,0.00373527974290329,0.218507763515904,0.0133448582703936,2.55825213691472,Intermediate,Stokes-2nd,1.3729489294698,4.57641589742599,1.3729247692278,NaN,NaN,NaN,NaN,NaN,0.218507763515904,0.08,1,1.3729489294698,NaN,NaN
28/04/26,0,1.00016591687531,1,0.0180709366725095,0.036141873345019,0.0305708944592152,0.003682964651963,0.218507763515904,0.0131621331898252,2.52322315284008,Intermediate,Stokes-2nd,1.3729489294698,4.57641589742599,1.3729247692278,NaN,NaN,NaN,NaN,NaN,0.218507763515904,0.08,1,1.3729489294698,NaN,NaN
28/04/26,0,1.00000714285714,1,0.0197807410861834,0.0395614821723668,0.0305806028880359,0.00403271325325087,0.218507763515904,0.0144074849847636,2.76196108666136,Intermediate,Stokes-2nd,1.3729489294698,4.57641589742599,1.3729247692278,NaN,NaN,NaN,NaN,NaN,0.218507763515904,0.1,1,1.3729489294698,NaN,NaN
28/04/26,0,1.00010166666667,1,0.0185498896818495,0.037099779363699,0.03057482255874,0.00378106390337834,0.218507763515904,0.0135109830261589,2.59009878547552,Intermediate,Stokes-2nd,1.3729489294698,4.57641589742599,1.3729247692278,NaN,NaN,NaN,NaN,NaN,0.218507763515904,0.08,1,1.3729489294698,NaN,NaN
28/04/26,0,1.00000714285714,1,0.0225552261881915,0.045110452376383,0.0305806028880359,0.00459834943407275,0.218507763515904,0.0164283067665902,3.14935910445457,Intermediate,Stokes-2nd,1.3729489294698,4.57641589742599,1.3729247692278,NaN,NaN,NaN,NaN,NaN,0.218507763515904,0.1,1,1.3729489294698,NaN,NaN
28/04/26,0,0.999808333333334,1,0.0214427635742592,0.0428855271485184,0.0305927658584048,0.00437328963589629,0.218507763515904,0.0156180343740389,2.99402728768089,Intermediate,Stokes-2nd,1.3729489294698,4.57641589742599,1.3729247692278,NaN,NaN,NaN,NaN,NaN,0.218507763515904,0.1,1,1.3729489294698,NaN,NaN
28/04/26,0,1.00000714285714,1,0.0253233756766568,0.0506467513533136,0.0305806028880359,0.00516269396901593,0.218507763515904,0.018444513945931,3.53587248814892,Intermediate,Stokes-2nd,1.3729489294698,4.57641589742599,1.3729247692278,NaN,NaN,NaN,NaN,NaN,0.218507763515904,0.1,1,1.3729489294698,NaN,NaN
28/04/26,0,1.00016583333334,1,0.0248836204387647,0.0497672408775294,0.0305708995662744,0.0050714310751918,0.218507763515904,0.0181242141675103,3.47446999319579,Intermediate,Stokes-2nd,1.3729489294698,4.57641589742599,1.3729247692278,NaN,NaN,NaN,NaN,NaN,0.218507763515904,0.1,1,1.3729489294698,NaN,NaN
06/05/26,1,0.598294871794871,0.6,0.000902076815223145,0.00180415363044629,0.0854322189661887,0.000513776160016439,0.168065728324771,0.000505360656517893,0.212908959781011,Intermediate,Linear,1.7850159160366,3.51996038283546,1.05598811485064,0.0351996038283546,1.32403182747233,0.00299514683944861,0.00312942520661049,0.00560219094415904,0.168065728324771,0.02,1.66666666666667,0.560721398798084,3.1834274915543,0.492605400462729
06/05/26,1,0.598294871794871,0.6,0.00293913774121383,0.00587827548242766,0.0854322189661887,0.00167398039386113,0.168065728324771,0.00164656108374642,0.693697863169392,Intermediate,Linear,1.7850159160366,3.51996038283546,1.05598811485064,0.0351996038283546,1.32403182747233,0.00975875775515093,0.0102021619993723,0.00560219094415904,0.168065728324771,0.03,1.66666666666667,0.560721398798084,3.1834274915543,0.492605400462729
06/05/26,1,0.800005714285712,0.8,0.00143281230171236,0.00286562460342472,0.0477821920125564,0.000456419416789152,0.147104111727916,0.000702575269720759,0.441416353404756,Intermediate,Linear,2.03937195552277,3.08094131144849,0.924282393434547,0.0308094131144849,1.15889496223425,0.00364464471949579,0.00380785932420578,0.00490347039093054,0.147104111727916,0.02,1.25,0.96053982138029,2.12315190909233,0.308540567592719
06/05/26,1,0.598294871794871,0.6,0.00378779146450492,0.00757558292900984,0.0854322189661887,0.00215732953195897,0.168065728324771,0.00212199310408124,0.89399785801572,Intermediate,Linear,1.7850159160366,3.51996038283546,1.05598811485064,0.0351996038283546,1.32403182747233,0.0125765250164377,0.0131398309715191,0.00560219094415904,0.168065728324771,0.04,1.66666666666667,0.560721398798084,3.1834274915543,0.492605400462729
06/05/26,1,0.800005714285712,0.8,0.0019438684747817,0.0038877369495634,0.0477821920125564,0.000619215311394495,0.147104111727916,0.000953170150995537,0.598860948228276,Intermediate,Linear,2.03937195552277,3.08094131144849,0.924282393434547,0.0308094131144849,1.15889496223425,0.00494461833105459,0.00516608658511161,0.00490347039093054,0.147104111727916,0.02,1.25,0.96053982138029,2.12315190909233,0.308540567592719
06/05/26,1,1.00000714285714,1,0.00401395614689431,0.00802791229378862,0.0305806028880359,0.000818327992921104,0.131530131798973,0.00175985393678769,1.54678821241175,Intermediate,Linear,2.28084619012251,2.75476063856901,0.826428191570703,0.0275476063856901,1.03620221986569,0.00816280474442513,0.00852832167032233,0.00438433772663244,0.131530131798973,0.02,1,1.3729489294698,1.66127533309146,0.224206303205842
06/05/26,1,0.598294871794871,0.6,0.00561784104024393,0.0112356820804879,0.0854322189661887,0.00319963083911574,0.168065728324771,0.00314722182013795,1.32592776126003,Intermediate,Linear,1.7850159160366,3.51996038283546,1.05598811485064,0.0351996038283546,1.32403182747233,0.0186528004625072,0.0194895657284876,0.00560219094415904,0.168065728324771,0.06,1.66666666666667,0.560721398798084,3.1834274915543,0.492605400462729
06/05/26,1,1.20690517241379,1.2,0.00580282520193303,0.0116056504038661,0.0209945200235414,0.000812183532633957,0.11854181946175,0.00229292485818547,2.7529926497974,Intermediate,Linear,2.53075244974454,2.48273406109468,0.744820218328404,0.0248273406109468,0.933879520936829,0.00958515058966582,0.0100148358625206,0.00395139398205834,0.11854181946175,0.02,0.833333333333333,1.77042109494224,1.42946356489675,0.17591460137071
06/05/26,1,1.00000714285714,1,0.00559173685631848,0.011183473712637,0.0305806028880359,0.00113999122838313,0.131530131798973,0.00245160628565582,2.15479002254519,Intermediate,Linear,2.28084619012251,2.75476063856901,0.826428191570703,0.0275476063856901,1.03620221986569,0.0113713888418162,0.0118808477380497,0.00438433772663244,0.131530131798973,0.03,1,1.3729489294698,1.66127533309146,0.224206303205842
06/05/26,1,0.800005714285712,0.8,0.00520406965332829,0.0104081393066566,0.0477821920125564,0.00165774570281367,0.147104111727916,0.00255180014574354,1.60325357793982,Intermediate,Linear,2.03937195552277,3.08094131144849,0.924282393434547,0.0308094131144849,1.15889496223425,0.013237592222808,0.0138304528706191,0.00490347039093054,0.147104111727916,0.03,1.25,0.96053982138029,2.12315190909233,0.308540567592719
06/05/26,1,1.41415151515152,1.4,0.00128940129081254,0.00257880258162508,0.0152918616788592,0.000131448974584319,0.107595984356256,0.000462448003717343,0.742514117523141,Intermediate,Linear,2.78820814545163,2.25348502672918,0.676045508018754,0.0225348502672918,0.847647579407784,0.00175467424289608,0.00183325538227793,0.00358653281187521,0.107595984356256,0.02,0.714285714285714,2.15413303251683,1.29435281078902,0.142493947163144
06/05/26,1,1.20690517241379,1.2,0.00559797527163843,0.0111959505432769,0.0209945200235414,0.00078351202621135,0.11854181946175,0.00221198058000635,2.65580716983073,Intermediate,Linear,2.53075244974454,2.48273406109468,0.744820218328404,0.0248273406109468,0.933879520936829,0.00924677792431271,0.00966325684736742,0.00395139398205834,0.11854181946175,0.02,0.833333333333333,1.77042109494224,1.42946356489675,0.17591460137071
06/05/26,1,0.800005714285712,0.8,0.00845782480450854,0.0169156496090171,0.0477821920125564,0.00269422272545059,0.147104111727916,0.00414726935005855,2.60566033560755,Intermediate,Stokes-2nd,2.03937195552277,3.08094131144849,0.924282393434547,0.0308094131144849,1.15889496223425,0.0215141693544455,0.022477660153837,0.00490347039093054,0.147104111727916,0.06,1.25,0.96053982138029,2.12315190909233,0.308540567592719
06/05/26,1,1.00000714285714,1,0.0084874551538122,0.0169749103076244,0.0305806028880359,0.00173034330392496,0.131530131798973,0.00372118698339598,3.27066243497647,Intermediate,Stokes-2nd,2.28084619012251,2.75476063856901,0.826428191570703,0.0275476063856901,1.03620221986569,0.0172601385421807,0.0180330705255364,0.00438433772663244,0.131530131798973,0.04,1,1.3729489294698,1.66127533309146,0.224206303205842
06/05/26,1,1.41415151515152,1.4,0.0040538421650188,0.0081076843300376,0.0152918616788592,0.00041327195770263,0.107595984356256,0.00145392379390032,2.33444394633745,Intermediate,Linear,2.78820814545163,2.25348502672918,0.676045508018754,0.0225348502672918,0.847647579407784,0.00551664751882021,0.00576382512884109,0.00358653281187521,0.107595984356256,0.02,0.714285714285714,2.15413303251683,1.29435281078902,0.142493947163144
06/05/26,1,1.20690517241379,1.2,0.00756141353683755,0.0151228270736751,0.0209945200235414,0.00105832165270275,0.11854181946175,0.00298781239453144,3.58730707277861,Intermediate,Linear,2.53075244974454,2.48273406109468,0.744820218328404,0.0248273406109468,0.933879520936829,0.0124900001118734,0.0130495250773687,0.00395139398205834,0.11854181946175,0.03,0.833333333333333,1.77042109494224,1.42946356489675,0.17591460137071
06/05/26,1,1.00000714285714,1,0.0114931106936359,0.0229862213872718,0.0305806028880359,0.00234310836046879,0.131530131798973,0.00503896788104706,4.42889944341178,Intermediate,Stokes-2nd,2.28084619012251,2.75476063856901,0.826428191570703,0.0275476063856901,1.03620221986569,0.0233724572628433,0.0244190501191045,0.00438433772663244,0.131530131798973,0.06,1,1.3729489294698,1.66127533309146,0.224206303205842
06/05/26,1,1.41415151515152,1.4,0.00578587523257955,0.0115717504651591,0.0152918616788592,0.00058984535831829,0.107595984356256,0.00207512313670627,3.33185182381083,Intermediate,Linear,2.78820814545163,2.25348502672918,0.676045508018754,0.0225348502672918,0.847647579407784,0.00787367463919633,0.00822632097965774,0.00358653281187521,0.107595984356256,0.02,0.714285714285714,2.15413303251683,1.29435281078902,0.142493947163144
06/05/26,1,1.20690517241379,1.2,0.00625136635883235,0.0125027327176647,0.0209945200235414,0.000874962907966658,0.11854181946175,0.00247016114099321,2.96579080674759,Intermediate,Linear,2.53075244974454,2.48273406109468,0.744820218328404,0.0248273406109468,0.933879520936829,0.0103260542676037,0.0107885569788158,0.00395139398205834,0.11854181946175,0.02,0.833333333333333,1.77042109494224,1.42946356489675,0.17591460137071
06/05/26,1,1.41415151515152,1.4,0.0173840787551999,0.0347681575103998,0.0152918616788592,0.00177223285159274,0.107595984356256,0.00623485688597472,10.0107887186431,Intermediate,Stokes-2nd,2.78820814545163,2.25348502672918,0.676045508018754,0.0225348502672918,0.847647579407784,0.0236570224068908,0.024717065527663,0.00358653281187521,0.107595984356256,0.06,0.714285714285714,2.15413303251683,1.29435281078902,0.142493947163144
06/05/26,1,0.598294871794871,0.6,7.52388544223666e-05,0.000150477708844733,0.0854322189661887,4.28521485718455e-05,0.168065728324771,4.21502428893882e-05,0.0177579402993728,Intermediate,Linear,1.7850159160366,3.51996038283546,1.05598811485064,0.0351996038283546,1.32403182747233,0.000249813999455402,0.000261992356914902,0.00560219094415904,0.168065728324771,0.02,1.66666666666667,0.560721398798084,3.1834274915543,0.492605400462729
06/05/26,1,0.616744493392072,0.6,4.28221803166439e-05,8.56443606332878e-05,0.0803973411335507,2.29519295933309e-05,0.165822601674258,2.36696178315669e-05,0.0103822161750442,Intermediate,Linear,1.80916230339529,3.47298044812663,1.04189413443799,0.0347298044812663,1.30636034198903,0.000138411603356478,0.000145475218854717,0.00552742005580859,0.165822601674258,0.02,1.66666666666667,0.560721398798084,3.22649056603379,0.496603118513219
06/05/26,1,0.800005714285712,0.8,0.000115476993707166,0.000230953987414332,0.0477821920125564,3.67849592423238e-05,0.147104111727916,5.66238019476761e-05,0.0355757927283585,Intermediate,Linear,2.03937195552277,3.08094131144849,0.924282393434547,0.0308094131144849,1.15889496223425,0.000293738834343538,0.0003085908184513,0.00490347039093054,0.147104111727916,0.02,1.25,0.96053982138029,2.12315190909233,0.308540567592719
06/05/26,1,0.598294871794871,0.6,0.000471168622234518,0.000942337244469036,0.0854322189661887,0.000268353206031579,0.168065728324771,0.000263957658865411,0.111205630771686,Intermediate,Linear,1.7850159160366,3.51996038283546,1.05598811485064,0.0351996038283546,1.32403182747233,0.00156441135158094,0.00163561271416234,0.00560219094415904,0.168065728324771,0.02,1.66666666666667,0.560721398798084,3.1834274915543,0.492605400462729
06/05/26,1,0.800005714285712,0.8,0.000137467992231364,0.000274935984462728,0.0477821920125564,4.37901466691976e-05,0.147104111727916,6.74070229607163e-05,0.0423507110932271,Intermediate,Linear,2.03937195552277,3.08094131144849,0.924282393434547,0.0308094131144849,1.15889496223425,0.000349677338327536,0.000366630716261115,0.00490347039093054,0.147104111727916,0.02,1.25,0.96053982138029,2.12315190909233,0.308540567592719
06/05/26,1,1.00000714285714,1,0.000171928707225788,0.000343857414451576,0.0305806028880359,3.50512234715014e-05,0.131530131798973,7.53793517381166e-05,0.066253164703307,Intermediate,Linear,2.28084619012251,2.75476063856901,0.826428191570703,0.0275476063856901,1.03620221986569,0.000349635226615866,0.000366230053324055,0.00438433772663244,0.131530131798973,0.02,1,1.3729489294698,1.66127533309146,0.224206303205842
06/05/26,1,0.600862660944208,0.6,0.000674587373011976,0.00134917474602395,0.0847035892953353,0.000380933145249504,0.167748560115371,0.000377203534982566,0.159819345064272,Intermediate,Linear,1.78839090954742,3.51331762739144,1.05399528821743,0.0351331762739144,1.32153315740977,0.00223137253927595,0.00233173556856445,0.00559161867051238,0.167748560115371,0.02,1.66666666666667,0.560721398798084,3.18944651190568,0.493171122625164
06/05/26,1,1.20690517241379,1.2,0.000596237014080534,0.00119247402816107,0.0209945200235414,8.34513995392686e-05,0.11854181946175,0.000235596734931826,0.282868440833625,Intermediate,Linear,2.53075244974454,2.48273406109468,0.744820218328404,0.0248273406109468,0.933879520936829,0.000984868812727779,0.00102912255068285,0.00395139398205834,0.11854181946175,0.02,0.833333333333333,1.77042109494224,1.42946356489675,0.17591460137071
06/05/26,1,1.00000714285714,1,0.000261091249183856,0.000522182498367712,0.0305806028880359,5.32288520588848e-05,0.131530131798973,0.000114471221389037,0.100612177069727,Intermediate,Linear,2.28084619012251,2.75476063856901,0.826428191570703,0.0275476063856901,1.03620221986569,0.000530956694485776,0.000554984741007348,0.00438433772663244,0.131530131798973,0.02,1,1.3729489294698,1.66127533309146,0.224206303205842
06/05/26,1,0.795460227272727,0.8,0.000667503882703187,0.00133500776540637,0.0483298344418265,0.00021506901426881,0.147506238749661,0.000328203290294474,0.204522813746402,Intermediate,Linear,2.03381228172418,3.08936344009732,0.926809032029196,0.0308936344009732,1.16206294288553,0.00170722534144185,0.00178571478516633,0.00491687462498871,0.147506238749661,0.02,1.25,0.96053982138029,2.11736383693245,0.308171183616391
06/05/26,1,1.41415151515152,1.4,0.000217503096730882,0.000435006193461764,0.0152918616788592,2.21735151328811e-05,0.107595984356256,7.80081993109776e-05,0.125251247286956,Intermediate,Linear,2.78820814545163,2.25348502672918,0.676045508018754,0.0225348502672918,0.847647579407784,0.000295987823420986,0.000309395406938472,0.00358653281187521,0.107595984356256,0.02,0.714285714285714,2.15413303251683,1.29435281078902,0.142493947163144
06/05/26,1,1.20690517241379,1.2,0.00149154616227499,0.00298309232454998,0.0209945200235414,0.000208761971799457,0.11854181946175,0.000589368652957561,0.707623524521937,Intermediate,Linear,2.53075244974454,2.48273406109468,0.744820218328404,0.0248273406109468,0.933879520936829,0.00246374724023764,0.00258830517514389,0.00395139398205834,0.11854181946175,0.02,0.833333333333333,1.77042109494224,1.42946356489675,0.17591460137071
06/05/26,1,0.800005714285712,0.8,0.00120052449860762,0.00240104899721524,0.0477821920125564,0.000382424614054982,0.147104111727916,0.00058867363325092,0.369853850162457,Intermediate,Linear,2.03937195552277,3.08094131144849,0.924282393434547,0.0308094131144849,1.15889496223425,0.00305377422377406,0.003195159517832,0.00490347039093054,0.147104111727916,0.02,1.25,0.96053982138029,2.12315190909233,0.308540567592719
06/05/26,1,0.992914893617022,1,0.00138082123611726,0.00276164247223452,0.0310190288784205,0.000285544891993717,0.132023039044191,0.000607667386563191,0.528137186309529,Intermediate,Linear,2.2723306641925,2.7650840637722,0.829525219131659,0.027650840637722,1.04008537252962,0.00282913181720301,0.00296519274748692,0.00440076796813971,0.132023039044191,0.02,1,1.3729489294698,1.65507297133771,0.224009196222338
06/05/26,1,1.41415151515152,1.4,0.0016710142963936,0.0033420285927872,0.0152918616788592,0.000170352796558981,0.107595984356256,0.000599314760312821,0.962269632034697,Intermediate,Linear,2.78820814545163,2.25348502672918,0.676045508018754,0.0225348502672918,0.847647579407784,0.00227399008073372,0.00237978776762626,0.00358653281187521,0.107595984356256,0.02,0.714285714285714,2.15413303251683,1.29435281078902,0.142493947163144
06/05/26,1,1.20690517241379,1.2,0.00289968024808699,0.00579936049617398,0.0209945200235414,0.000405849300202198,0.11854181946175,0.00114577790821844,1.37567445717423,Intermediate,Linear,2.53075244974454,2.48273406109468,0.744820218328404,0.0248273406109468,0.933879520936829,0.00478971378123447,0.00500489274616492,0.00395139398205834,0.11854181946175,0.02,0.833333333333333,1.77042109494224,1.42946356489675,0.17591460137071
06/05/26,1,1.00000714285714,1,0.00127737672350933,0.00255475344701866,0.0305806028880359,0.000260419668800395,0.131530131798973,0.000560045096000409,0.492240369955742,Intermediate,Linear,2.28084619012251,2.75476063856901,0.826428191570703,0.0275476063856901,1.03620221986569,0.00259768079109379,0.00272877309867513,0.00438433772663244,0.131530131798973,0.02,1,1.3729489294698,1.66127533309146,0.224206303205842
06/05/26,1,1.41415151515152,1.4,0.00319186614826402,0.00638373229652804,0.0152918616788592,0.000325397170911242,0.107595984356256,0.00114477326718627,1.83806677813758,Intermediate,Linear,2.78820814545163,2.25348502672918,0.676045508018754,0.0225348502672918,0.847647579407784,0.00434363247271253,0.00453837776865814,0.00358653281187521,0.107595984356256,0.02,0.714285714285714,2.15413303251683,1.29435281078902,0.142493947163144
06/05/26,1,1.20690517241379,1.2,0.00222385667826923,0.00444771335653846,0.0209945200235414,0.000311258690409397,0.11854181946175,0.000878733389547329,1.05504833877102,Intermediate,Linear,2.53075244974454,2.48273406109468,0.744820218328404,0.0248273406109468,0.933879520936829,0.00367338329335576,0.00383962145641841,0.00395139398205834,0.11854181946175,0.02,0.833333333333333,1.77042109494224,1.42946356489675,0.17591460137071
06/05/26,1,1.41415151515152,1.4,0.0175084639620785,0.035016927924157,0.0152918616788592,0.00178491339411597,0.107595984356256,0.00627946804855292,10.0824171346967,Intermediate,Stokes-2nd,2.78820814545163,2.25348502672918,0.676045508018754,0.0225348502672918,0.847647579407784,0.0238262912918085,0.0248943872367472,0.00358653281187521,0.107595984356256,0.06,0.714285714285714,2.15413303251683,1.29435281078902,0.142493947163144
06/05/26,1,0.608700000000001,0.6,0.000106886721027952,0.000213773442055904,0.082536423100872,5.88136508708528e-05,0.166790559569031,5.94256533691702e-05,0.0256147171127656,Intermediate,Linear,1.79866295056008,3.493253310868,1.0479759932604,0.03493253310868,1.3139859719917,0.000349528795200979,0.000366259206450073,0.00555968531896771,0.166790559569031,0.02,1.66666666666667,0.560721398798084,3.20776584310059,0.494879077307276
06/05/26,1,0.599287827715356,0.6,2.26801247596162e-05,4.53602495192324e-05,0.0851493493792429,1.28746524474759e-05,0.167942885173002,1.26965519607119e-05,0.00536081673170434,Intermediate,Linear,1.78632158004767,3.51738756188117,1.05521626856435,0.0351738756188117,1.32306406179904,7.51943021471851e-05,7.89595061086903e-05,0.00559809617243339,0.167942885173002,0.02,1.66666666666667,0.560721398798084,3.18575603477356,0.492824524356168
06/05/26,1,0.600862660944208,0.6,9.3279183167991e-05,0.000186558366335982,0.0847035892953353,5.26738774724391e-05,0.167748560115371,5.21581622172283e-05,0.0220991654431306,Intermediate,Linear,1.78839090954742,3.51331762739144,1.05399528821743,0.0351331762739144,1.32153315740977,0.000308545069377471,0.000323467236908211,0.00559161867051238,0.167748560115371,0.02,1.66666666666667,0.560721398798084,3.18944651190568,0.493171122625164
06/05/26,1,0.599287827715356,0.6,3.43400077146878e-06,6.86800154293756e-06,0.0851493493792429,1.94935287638923e-06,0.167942885173002,1.92238665748927e-06,0.000811681989737299,Intermediate,Linear,1.78632158004767,3.51738756188117,1.05521626856435,0.0351738756188117,1.32306406179904,1.13851795049764e-05,1.20792994367836e-05,0.00559809617243339,0.167942885173002,0.02,1.66666666666667,0.560721398798084,3.18575603477356,0.492824524356168
06/05/26,1,0.804603448275864,0.8,6.27310528198591e-05,0.000125462105639718,0.0472376700529679,1.97551251678654e-05,0.146699962300316,3.06754769457748e-05,0.0194326179700244,Intermediate,Linear,2.04499030058274,3.07247682563048,0.921743047689143,0.0307247682563048,1.15571104894906,0.00015869339637494,0.000166379732653069,0.00488999874334386,0.146699962300316,0.02,1.25,0.96053982138029,2.12900106280248,0.308909617982246
06/05/26,1,0.800049249999997,0.8,3.06299392310689e-05,6.12598784621378e-05,0.0477769918945384,9.75604238915321e-06,0.147100272652401,1.50189080407223e-05,0.00943686887811614,Intermediate,Linear,2.03942517978129,3.08086090603892,0.924258271811676,0.0308086090603892,1.15886471776846,7.79093112046405e-05,8.18277748377555e-05,0.00490334242174669,0.147100272652401,0.02,1.25,0.96053982138029,2.12320731987004,0.308544083690649
06/05/26,1,0.593224576271188,0.6,0.000251584070319166,0.000503168140638332,0.0868988397169408,0.000145749092013338,0.16869687581215,0.000141471488889826,0.0589356124038133,Intermediate,Linear,1.77833761624643,3.53317910490001,1.05995373147,0.0353317910490001,1.32900404500561,0.000841615049599237,0.000880001732183252,0.00562322919373835,0.16869687581215,0.02,1.66666666666667,0.560721398798084,3.17151729906925,0.491479370661371
06/05/26,1,0.620835356969404,0.6,0.00018978009072263,0.00037956018144526,0.0793413092557097,0.000100382672457339,0.165336179925156,0.000104591717419764,0.0462832228539527,Intermediate,Linear,1.81448488852109,3.46279285483647,1.03883785645094,0.0346279285483647,1.30252828245015,0.000609821486498569,0.000638060302788487,0.00551120599750519,0.165336179925156,0.02,1.66666666666667,0.560721398798084,3.23598295412031,0.497468668878545
06/05/26,1,0.800005714285712,0.8,0.00020260835936091,0.00040521671872182,0.0477821920125564,6.45404768688801e-05,0.147104111727916,9.93484091081237e-05,0.0624189526091655,Intermediate,Linear,2.03937195552277,3.08094131144849,0.924282393434547,0.0308094131144849,1.15889496223425,0.000515374893269648,0.00053975318185886,0.00490347039093054,0.147104111727916,0.02,1.25,0.96053982138029,2.12315190909233,0.308540567592719
06/05/26,1,0.800037344696066,0.8,0.000164114984742344,0.000328229969484688,0.0477784138377647,5.22743577199877e-05,0.14710132246513,8.04717709731446e-05,0.0505619509979689,Intermediate,Linear,2.03941062508881,3.0808828932653,0.924264867979589,0.030808828932653,1.15887298825573,0.000417443463570903,0.000436184070028049,0.00490337741550432,0.14710132246513,0.02,1.25,0.96053982138029,2.12319216725256,0.308543122217309
06/05/26,1,0.985922535211271,1,0.00013256005577616,0.00026512011155232,0.0314605753384873,2.78027708107997e-05,0.132512630164417,5.85529388188026e-05,0.0503276753714596,Intermediate,Linear,2.26393514058072,2.77533803621596,0.832601410864788,0.0277533803621596,1.04394240056317,0.000273617266937784,0.000287505442638037,0.00441708767214724,0.132512630164417,0.02,1,1.3729489294698,1.64895801437785,0.223807863833066
06/05/26,1,0.985982514226977,1,4.00569131870304e-05,8.01138263740608e-05,0.0314567478528653,8.4004014525902e-06,0.132508415071133,1.76929269301846e-05,0.0152089524224232,Intermediate,Linear,2.2640071563678,2.77524975550866,0.832574926652597,0.0277524975550866,1.04390919380698,8.26762314277928e-05,8.68440496772557e-05,0.00441694716903777,0.132508415071133,0.02,1,1.3729489294698,1.64901046773976,0.223809620406863
06/05/26,1,0.600862660944208,0.6,0.000469526832158423,0.000939053664316846,0.0847035892953353,0.000265137386361913,0.167748560115371,0.000262541500100357,0.111237585830604,Intermediate,Linear,1.78839090954742,3.51331762739144,1.05399528821743,0.0351331762739144,1.32153315740977,0.0015530816639121,0.0016244131806002,0.00559161867051238,0.167748560115371,0.02,1.66666666666667,0.560721398798084,3.18944651190568,0.493171122625164
06/05/26,1,0.609880309436625,0.6,0.000259590354894739,0.000519180709789478,0.0822172645713362,0.000142285392590319,0.166647575617031,0.000144200344322576,0.0623159604822347,Intermediate,Linear,1.80020620695631,3.49025866198009,1.04707759859403,0.0349025866198009,1.31285953589344,0.000847428032702717,0.000886493990164776,0.00555491918723437,0.166647575617031,0.02,1.66666666666667,0.560721398798084,3.2105181125869,0.495133867253856
06/05/26,1,1.20690517241379,1.2,0.000307312292041176,0.000614624584082352,0.0209945200235414,4.30124937915924e-05,0.11854181946175,0.000121431194138406,0.145795961749791,Intermediate,Linear,2.53075244974454,2.48273406109468,0.744820218328404,0.0248273406109468,0.933879520936829,0.000507620770015403,0.000531014317779308,0.00395139398205834,0.11854181946175,0.02,0.833333333333333,1.77042109494224,1.42946356489675,0.17591460137071
06/05/26,1,1.19875659139177,1.2,0.000376090712990323,0.000752181425980646,0.021280911763184,5.33570218540002e-05,0.119009291279898,0.000149194297366433,0.177027041903659,Intermediate,Linear,2.52081158347906,2.49252476795903,0.74775743038771,0.0249252476795904,0.937562291789896,0.000626138806791288,0.000654456671039497,0.0039669763759966,0.119009291279898,0.02,0.833333333333333,1.77042109494224,1.42384859211209,0.175921653838825
06/05/26,1,1.00000714285714,1,0.000204119081262196,0.000408238162524392,0.0305806028880359,4.1613897106333e-05,0.131530131798973,8.94926988703399e-05,0.0786578072281553,Intermediate,Linear,2.28084619012251,2.75476063856901,0.826428191570703,0.0275476063856901,1.03620221986569,0.000415097759910486,0.000434136040024734,0.00438433772663244,0.131530131798973,0.02,1,1.3729489294698,1.66127533309146,0.224206303205842
06/05/26,1,1.00013333333333,1,0.000230711516830771,0.000461423033661542,0.0305728864421158,4.7023446699703e-05,0.131521394797424,0.000101145001631375,0.088917082317898,Intermediate,Linear,2.28099770734697,2.75457765123647,0.826373295370942,0.0275457765123647,1.0361333892466,0.000469113963926565,0.000490126474962552,0.00438404649324748,0.131521394797424,0.02,1,1.3729489294698,1.66138569205763,0.224209745574387
06/05/26,1,0.795460227272727,0.8,0.000481109818998182,0.000962219637996364,0.0483298344418265,0.000155013052670128,0.147506238749661,0.000236555666086507,0.14741177759753,Intermediate,Linear,2.03381228172418,3.08936344009732,0.926809032029196,0.0308936344009732,1.16206294288553,0.00123049902224378,0.00128681552053685,0.00491687462498871,0.147506238749661,0.02,1.25,0.96053982138029,2.11736383693245,0.308171183616391
06/05/26,1,0.825883410057236,0.8,0.000449640937860317,0.000899281875720634,0.0448347510600025,0.000134396930102356,0.144862451042311,0.000217120294491364,0.142844304138922,Intermediate,Linear,2.07093002942754,3.03399207983691,0.910197623951074,0.0303399207983691,1.1412350257099,0.00110915892300923,0.00116185106629765,0.00482874836807705,0.144862451042311,0.02,1.25,0.96053982138029,2.15600642818913,0.310558085822307
06/05/26,1,1.40001,1.4,0.000107340309744671,0.000214680619489342,0.0156023484122632,1.11650727421107e-05,0.108290978908002,3.87466240617951e-05,0.0610220826717168,Intermediate,Linear,2.7703138620149,2.26804095858284,0.680412287574851,0.0226804095858284,0.853122787920567,0.000147966594172418,0.000154749732137087,0.00360969929693339,0.108290978908002,0.02,0.714285714285714,2.15413303251683,1.28604585705561,0.142752654376357
06/05/26,1,1.40186775700934,1.4,0.000185521658491062,0.000371043316982124,0.0155610233068765,1.92460456780654e-05,0.108199284795587,6.69110358760804e-05,0.105646369893034,Intermediate,Linear,2.77266158058962,2.26612052158325,0.679836156474974,0.0226612052158325,0.852400416236354,0.00025530520698774,0.000266759512091753,0.00360664282651958,0.108199284795587,0.02,0.714285714285714,2.15413303251683,1.28713572408763,0.142719619052208
06/05/26,1,1.20690517241379,1.2,0.00090811585254475,0.0018162317050895,0.0209945200235414,0.000127103042999641,0.11854181946175,0.000358832351475711,0.430830876378525,Intermediate,Linear,2.53075244974454,2.48273406109468,0.744820218328404,0.0248273406109468,0.933879520936829,0.00150003263868858,0.00156812657485885,0.00395139398205834,0.11854181946175,0.02,0.833333333333333,1.77042109494224,1.42946356489675,0.17591460137071
06/05/26,1,1.19608711468202,1.2,0.00106493175701245,0.0021298635140249,0.021376009004582,0.000151759938847757,0.119163123468777,0.000423001981488988,0.499973242628057,Intermediate,Linear,2.51755737234099,2.49574662178882,0.748723986536647,0.0249574662178882,0.938774190945042,0.00177754993165727,0.00185942156905661,0.0039721041156259,0.119163123468777,0.02,0.833333333333333,1.77042109494224,1.42201049204236,0.175922416138631
06/05/26,1,0.800005714285712,0.8,0.000824672240824424,0.00164934448164885,0.0477821920125564,0.000262697649056652,0.147104111727916,0.00040437559151049,0.254062456655208,Intermediate,Linear,2.03937195552277,3.08094131144849,0.924282393434547,0.0308094131144849,1.15889496223425,0.00209771881791038,0.00219637235219691,0.00490347039093054,0.147104111727916,0.02,1.25,0.96053982138029,2.12315190909233,0.308540567592719
06/05/26,1,0.869726218172155,0.8,0.000606231903268628,0.00121246380653726,0.0404284529617911,0.000163393453234886,0.141236755298267,0.00028540742325318,0.202605889246319,Intermediate,Linear,2.12409297683491,2.95805568574597,0.88741670572379,0.0295805568574597,1.11267157848186,0.00142151198381979,0.00148845829541663,0.00470789184327557,0.141236755298267,0.02,1.25,0.96053982138029,2.21135337604494,0.313649018474632
06/05/26,1,1.00000714285714,1,0.00113792666554297,0.00227585333108594,0.0305806028880359,0.000231989889831176,0.131530131798973,0.00049890548098811,0.438502935367825,Intermediate,Linear,2.28084619012251,2.75476063856901,0.826428191570703,0.0275476063856901,1.03620221986569,0.00231409433595553,0.00242122464088895,0.00438433772663244,0.131530131798973,0.02,1,1.3729489294698,1.66127533309146,0.224206303205842
06/05/26,1,1.05277200471831,1,0.000844368148395069,0.00168873629679014,0.0275920260882395,0.000155318853190635,0.127973447082494,0.000360189008522599,0.343716868804321,Intermediate,Linear,2.34423629932086,2.6802696080595,0.80408088241785,0.026802696080595,1.0081824456271,0.00162550329044353,0.00171300015481075,0.00426578156941647,0.127973447082494,0.02,1,1.3729489294698,1.707446103058,0.225449041635144
06/05/26,1,1.41415151515152,1.4,0.000993995570682498,0.001987991141365,0.0152918616788592,0.000101333618508503,0.107595984356256,0.00035649977291114,0.572401896326726,Intermediate,Linear,2.78820814545163,2.25348502672918,0.676045508018754,0.0225348502672918,0.847647579407784,0.0013526730877788,0.00141444122296958,0.00358653281187521,0.107595984356256,0.02,0.714285714285714,2.15413303251683,1.29435281078902,0.142493947163144
06/05/26,1,1.39581395348837,1.4,0.00136459697925881,0.00272919395851762,0.0156962958664021,0.000142794119498966,0.108498526487006,0.000493522538327334,0.77279706912751,Intermediate,Linear,2.76501450953741,2.27238782491264,0.681716347473791,0.0227238782491264,0.854757860121518,0.00188828855101511,0.00198142049336207,0.00361661754956686,0.108498526487006,0.02,0.714285714285714,2.15413303251683,1.28358577107322,0.142826208832117
06/05/26,1,1.20690517241379,1.2,0.00161206102011643,0.00322412204023286,0.0209945200235414,0.000225629649106699,0.11854181946175,0.000636988821359889,0.764798522265853,Intermediate,Linear,2.53075244974454,2.48273406109468,0.744820218328404,0.0248273406109468,0.933879520936829,0.0026628145945873,0.00278428265931328,0.00395139398205834,0.11854181946175,0.02,0.833333333333333,1.77042109494224,1.42946356489675,0.17591460137071
06/05/26,1,1.20724286350369,1.2,0.00151236330896987,0.00302472661793974,0.0209827764531309,0.000211557208186881,0.118522514477448,0.000597497007275142,0.717733405966769,Intermediate,Linear,2.53116465949668,2.48232973844894,0.744698921534681,0.0248232973844894,0.933727435119572,0.00249731956607052,0.0026198074680891,0.0039507504825816,0.118522514477448,0.02,0.833333333333333,1.77042109494224,1.42969639637019,0.17591415556735
06/05/26,1,1.00000714285714,1,0.00136907977229165,0.0027381595445833,0.0305806028880359,0.000279115232256624,0.131530131798973,0.000600250809642763,0.527578373089748,Intermediate,Linear,2.28084619012251,2.75476063856901,0.826428191570703,0.0275476063856901,1.03620221986569,0.00278416864853033,0.00290991094207563,0.00438433772663244,0.131530131798973,0.02,1,1.3729489294698,1.66127533309146,0.224206303205842
06/05/26,1,1.00708563127064,1,0.00149871869289841,0.00299743738579682,0.0301522307491618,0.000301264745709034,0.131041813068526,0.000654649382656999,0.581847373898648,Intermediate,Linear,2.28934561400734,2.74453331499446,0.823359994498339,0.0274453331499446,1.03235521579468,0.00302521458031714,0.00316907303460399,0.00436806043561755,0.131041813068526,0.02,1,1.3729489294698,1.66746596677229,0.224395905628591
06/05/26,1,1.41415151515152,1.4,0.00186048284830716,0.00372096569661432,0.0152918616788592,0.00018966830914802,0.107595984356256,0.000667268278138468,1.07137691742746,Intermediate,Linear,2.78820814545163,2.25348502672918,0.676045508018754,0.0225348502672918,0.847647579407784,0.00253182725698785,0.00264616064387396,0.00358653281187521,0.107595984356256,0.02,0.714285714285714,2.15413303251683,1.29435281078902,0.142493947163144
06/05/26,1,1.40205614956263,1.4,0.00223740991624845,0.0044748198324969,0.0155568417568623,0.000232046880082078,0.108189992904146,0.000806884543208622,1.27432474060738,Intermediate,Linear,2.77289971047315,2.26592591266399,0.679777773799196,0.0226592591266399,0.852327214161619,0.00307847773818359,0.00321788601526765,0.00360633309680488,0.108189992904146,0.02,0.714285714285714,2.15413303251683,1.28724626966672,0.142716252896592
06/05/26,1,1.20690517241379,1.2,0.000772060038960842,0.00154412007792168,0.0209945200235414,0.00010806019964893,0.11854181946175,0.00030507133917376,0.366282894710228,Intermediate,Linear,2.53075244974454,2.48273406109468,0.744820218328404,0.0248273406109468,0.933879520936829,0.00127529461601527,0.00133505278865925,0.00395139398205834,0.11854181946175,0.02,0.833333333333333,1.77042109494224,1.42946356489675,0.17591460137071
06/05/26,1,1.20170596837996,1.2,0.00141953968290908,0.00283907936581816,0.0211765794061714,0.000200406632102237,0.118839725711779,0.000562325688513,0.670089784319202,Intermediate,Linear,2.52440838451267,2.488973395005,0.746692018501499,0.02488973395005,0.936226444135104,0.00235660662007559,0.00246429992216423,0.00396132419039262,0.118839725711779,0.02,0.833333333333333,1.77042109494224,1.42588019975837,0.17591992299898
06/05/26,1,1.41415151515152,1.4,0.007454482063412,0.014908964126824,0.0152918616788592,0.000759952724008219,0.107595984356256,0.00267357445159624,4.29273509367935,Intermediate,Linear,2.78820814545163,2.25348502672918,0.676045508018754,0.0225348502672918,0.847647579407784,0.0101443885344315,0.0106006531926292,0.00358653281187521,0.107595984356256,0.02,0.714285714285714,2.15413303251683,1.29435281078902,0.142493947163144
06/05/26,1,1.41042749559066,1.4,0.00586243973796565,0.0117248794759313,0.0153727199610429,0.000600810962534904,0.107778337727125,0.0021061466999446,3.36452817980748,Intermediate,Linear,2.78349069327405,2.2573042267977,0.677191268039311,0.022573042267977,0.849084170135017,0.00800493164889919,0.0083666992018294,0.00359261125757083,0.107778337727125,0.02,0.714285714285714,2.15413303251683,1.29216285682315,0.142563689298918
06/05/26,1,0.61135807860262,0.6,7.46633799091934e-05,0.000149326759818387,0.0818202753087495,4.07265219976797e-05,0.166469027112348,4.14304673813435e-05,0.0179617854313703,Intermediate,Linear,1.80213704137007,3.48651915084261,1.04595574525278,0.0348651915084261,1.31145292012885,0.000243215250299621,0.000255114055443319,0.00554896757041159,0.166469027112348,0.02,1.66666666666667,0.560721398798084,3.21396159524673,0.495451977304926
06/05/26,1,0.600862660944208,0.6,6.14739871529023e-05,0.000122947974305805,0.0847035892953353,3.47137824009744e-05,0.167748560115371,3.43739094315007e-05,0.0145640620597443,Intermediate,Linear,1.78839090954742,3.51331762739144,1.05399528821743,0.0351331762739144,1.32153315740977,0.000203341142008529,0.000213290107524765,0.00559161867051238,0.167748560115371,0.02,1.66666666666667,0.560721398798084,3.18944651190568,0.493171122625164
06/05/26,1,0.804603448275864,0.8,2.46841365189115e-05,4.9368273037823e-05,0.0472376700529679,7.77347397615171e-06,0.146699962300316,1.20705396558006e-05,0.00764657013280798,Intermediate,Linear,2.04499030058274,3.07247682563048,0.921743047689143,0.0307247682563048,1.15571104894906,6.24445037136164e-05,6.54338732467498e-05,0.00488999874334386,0.146699962300316,0.02,1.25,0.96053982138029,2.12900106280248,0.308909617982246
06/05/26,1,0.598294871794871,0.6,0.000105264556693869,0.000210529113387738,0.0854322189661887,5.99532310456627e-05,0.168065728324771,5.89712146251308e-05,0.0248446328397842,Intermediate,Linear,1.7850159160366,3.51996038283546,1.05598811485064,0.0351996038283546,1.32403182747233,0.000349507712610494,0.000366073369750269,0.00560219094415904,0.168065728324771,0.02,1.66666666666667,0.560721398798084,3.1834274915543,0.492605400462729
06/05/26,1,0.800005714285712,0.8,0.000148019615357332,0.000296039230714664,0.0477821920125564,4.71513445508585e-05,0.147104111727916,7.25809801181605e-05,0.0456014222974789,Intermediate,Linear,2.03937195552277,3.08094131144849,0.924282393434547,0.0308094131144849,1.15889496223425,0.000376517502571107,0.000395097398688747,0.00490347039093054,0.147104111727916,0.02,1.25,0.96053982138029,2.12315190909233,0.308540567592719
06/05/26,1,1.00000714285714,1,0.000114072479921042,0.000228144959842084,0.0305806028880359,2.32560347261256e-05,0.131530131798973,5.00132277288346e-05,0.0439581203294821,Intermediate,Linear,2.28084619012251,2.75476063856901,0.826428191570703,0.0275476063856901,1.03620221986569,0.000231978463698034,0.000244027149116352,0.00438433772663244,0.131530131798973,0.02,1,1.3729489294698,1.66127533309146,0.224206303205842
06/05/26,1,0.595748936170213,0.6,0.000189392337036992,0.000378784674073984,0.0861639691067235,0.000108791969850037,0.168381830336483,0.000106300761206643,0.0445328707221872,Intermediate,Linear,1.78166491836144,3.52658080788733,1.0579742423662,0.0352658080788733,1.32652209796595,0.000631203109153409,0.000660153402089213,0.00561272767788278,0.168381830336483,0.02,1.66666666666667,0.560721398798084,3.17745126578095,0.492041482206934
06/05/26,1,1.20690517241379,1.2,0.000336442318642031,0.000672884637284062,0.0209945200235414,4.7089633303312e-05,0.11854181946175,0.000132941615319188,0.159615910883162,Intermediate,Linear,2.53075244974454,2.48273406109468,0.744820218328404,0.0248273406109468,0.933879520936829,0.000555737968437502,0.000580759911048013,0.00395139398205834,0.11854181946175,0.02,0.833333333333333,1.77042109494224,1.42946356489675,0.17591460137071
06/05/26,1,1.00000714285714,1,5.44260768786956e-05,0.000108852153757391,0.0305806028880359,1.10958816252073e-05,0.131530131798973,2.38622302171863e-05,0.0209732271810988,Intermediate,Linear,2.28084619012251,2.75476063856901,0.826428191570703,0.0275476063856901,1.03620221986569,0.000110681188908754,0.00011587798474421,0.00438433772663244,0.131530131798973,0.02,1,1.3729489294698,1.66127533309146,0.224206303205842
06/05/26,1,0.800005714285712,0.8,0.000235536426709654,0.000471072853419308,0.0477821920125564,7.50296451132806e-05,0.147104111727916,0.000115494589435637,0.0725633290891678,Intermediate,Linear,2.03937195552277,3.08094131144849,0.924282393434547,0.0308094131144849,1.15889496223425,0.000599134019738883,0.000626365231746525,0.00490347039093054,0.147104111727916,0.02,1.25,0.96053982138029,2.12315190909233,0.308540567592719
06/05/26,1,1.41415151515152,1.4,0.000259838432403411,0.000519676864806822,0.0152918616788592,2.64894224477637e-05,0.107595984356256,9.31919063601053e-05,0.149630456948771,Intermediate,Linear,2.78820814545163,2.25348502672918,0.676045508018754,0.0225348502672918,0.847647579407784,0.0003535996185993,0.000369464049988144,0.00358653281187521,0.107595984356256,0.02,0.714285714285714,2.15413303251683,1.29435281078902,0.142493947163144
06/05/26,1,1.20690517241379,1.2,0.000561235261137264,0.00112247052227453,0.0209945200235414,7.8552432852425e-05,0.11854181946175,0.000221766163337673,0.26626281077764,Intermediate,Linear,2.53075244974454,2.48273406109468,0.744820218328404,0.0248273406109468,0.933879520936829,0.000927052652290659,0.000968849529747561,0.00395139398205834,0.11854181946175,0.02,0.833333333333333,1.77042109494224,1.42946356489675,0.17591460137071
06/05/26,1,0.800005714285712,0.8,0.000629465525824567,0.00125893105164913,0.0477821920125564,0.000200514950801561,0.147104111727916,0.000308656556799229,0.19392377959864,Intermediate,Linear,2.03937195552277,3.08094131144849,0.924282393434547,0.0308094131144849,1.15889496223425,0.0016011714877513,0.00167462939151246,0.00490347039093054,0.147104111727916,0.02,1.25,0.96053982138029,2.12315190909233,0.308540567592719
06/05/26,1,1.00000714285714,1,0.000779831184731978,0.00155966236946396,0.0305806028880359,0.000158984718533301,0.131530131798973,0.000341904328362488,0.300509930869027,Intermediate,Linear,2.28084619012251,2.75476063856901,0.826428191570703,0.0275476063856901,1.03620221986569,0.001585869267532,0.00166000044033994,0.00438433772663244,0.131530131798973,0.02,1,1.3729489294698,1.66127533309146,0.224206303205842
06/05/26,1,1.41415151515152,1.4,0.000700928802160454,0.00140185760432091,0.0152918616788592,7.1456708595774e-05,0.107595984356256,0.000251390414773686,0.403636582878516,Intermediate,Linear,2.78820814545163,2.25348502672918,0.676045508018754,0.0225348502672918,0.847647579407784,0.000953854881345672,0.000996705794092163,0.00358653281187521,0.107595984356256,0.02,0.714285714285714,2.15413303251683,1.29435281078902,0.142493947163144
06/05/26,1,1.20690517241379,1.2,0.000751124864314944,0.00150224972862989,0.0209945200235414,0.000105130040026933,0.11854181946175,0.000296799026862846,0.356350770285184,Intermediate,Linear,2.53075244974454,2.48273406109468,0.744820218328404,0.0248273406109468,0.933879520936829,0.00124071373607854,0.00129882252194842,0.00395139398205834,0.11854181946175,0.02,0.833333333333333,1.77042109494224,1.42946356489675,0.17591460137071
06/05/26,1,1.00000714285714,1,0.00101226619217343,0.00202453238434686,0.0305806028880359,0.000206371402932266,0.131530131798973,0.000443811685574053,0.39007935228397,Intermediate,Linear,2.28084619012251,2.75476063856901,0.826428191570703,0.0275476063856901,1.03620221986569,0.0020585504608683,0.00215324103638746,0.00438433772663244,0.131530131798973,0.02,1,1.3729489294698,1.66127533309146,0.224206303205842
06/05/26,1,1.41415151515152,1.4,0.00143320566821517,0.00286641133643034,0.0152918616788592,0.000146109218904689,0.107595984356256,0.000514023915521924,0.825325249436768,Intermediate,Linear,2.78820814545163,2.25348502672918,0.676045508018754,0.0225348502672918,0.847647579407784,0.00195036959301093,0.00203774300798603,0.00358653281187521,0.107595984356256,0.02,0.714285714285714,2.15413303251683,1.29435281078902,0.142493947163144
06/05/26,1,1.20690517241379,1.2,0.000842207218524861,0.00168441443704972,0.0209945200235414,0.000117878242088608,0.11854181946175,0.000332789253492523,0.399562316892277,Intermediate,Linear,2.53075244974454,2.48273406109468,0.744820218328404,0.0248273406109468,0.933879520936829,0.00139116425815743,0.00145381667918767,0.00395139398205834,0.11854181946175,0.02,0.833333333333333,1.77042109494224,1.42946356489675,0.17591460137071
06/05/26,1,1.41415151515152,1.4,0.00499382948634742,0.00998765897269484,0.0152918616788592,0.00050909966502022,0.107595984356256,0.00179105333096949,2.87574467354507,Intermediate,Linear,2.78820814545163,2.25348502672918,0.676045508018754,0.0225348502672918,0.847647579407784,0.00679582379476827,0.00710128818365286,0.00358653281187521,0.107595984356256,0.02,0.714285714285714,2.15413303251683,1.29435281078902,0.142493947163144
06/05/26,1,0.636368181818182,0.6,7.93149622436443e-05,0.000158629924487289,0.075515366315354,3.99299895207818e-05,0.163523686243882,4.32329166679169e-05,0.0197743640535129,Intermediate,Linear,1.83459660732314,3.42483207594469,1.02744962278341,0.0342483207594469,1.28824934917197,0.00024930600153293,0.000261726238151144,0.00545078954146275,0.163523686243882,0.02,1.66666666666667,0.560721398798084,3.27185053264532,0.500687436662691
06/05/26,1,0.598294871794871,0.6,5.24352127577294e-05,0.000104870425515459,0.0854322189661887,2.98643771857135e-05,0.168065728324771,2.93752074066404e-05,0.0123758048269787,Intermediate,Linear,1.7850159160366,3.51996038283546,1.05598811485064,0.0351996038283546,1.32403182747233,0.000174099543538628,0.000183881074993912,0.00560219094415904,0.168065728324771,0.02,1.66666666666667,0.560721398798084,3.1834274915543,0.492605400462729
06/05/26,1,0.800005714285712,0.8,5.39577417980782e-05,0.000107915483596156,0.0477821920125564,1.71881278610647e-05,0.147104111727916,2.64580189268352e-05,0.0166231331165975,Intermediate,Linear,2.03937195552277,3.08094131144849,0.924282393434547,0.0308094131144849,1.15889496223425,0.000137252310358627,0.000144705572195026,0.00490347039093054,0.147104111727916,0.02,1.25,0.96053982138029,2.12315190909233,0.308540567592719
06/05/26,1,0.598294871794871,0.6,8.81469988964972e-05,0.000176293997792994,0.0854322189661887,5.02039580729196e-05,0.168065728324771,4.93816318972753e-05,0.0208045318604366,Intermediate,Linear,1.7850159160366,3.51996038283546,1.05598811485064,0.0351996038283546,1.32403182747233,0.000292672642391785,0.000306994299234149,0.00560219094415904,0.168065728324771,0.02,1.66666666666667,0.560721398798084,3.1834274915543,0.492605400462729
06/05/26,1,0.800005714285712,0.8,7.17829257273558e-05,0.000143565851454712,0.0477821920125564,2.28663036021839e-05,0.147104111727916,3.51985450878455e-05,0.0221146602897152,Intermediate,Linear,2.03937195552277,3.08094131144849,0.924282393434547,0.0308094131144849,1.15889496223425,0.000182594231560895,0.000192166022495253,0.00490347039093054,0.147104111727916,0.02,1.25,0.96053982138029,2.12315190909233,0.308540567592719
06/05/26,1,1.00000714285714,1,0.000112663333037593,0.000225326666075186,0.0305806028880359,2.29687509844344e-05,0.131530131798973,4.93954101444874e-05,0.0434151019931801,Intermediate,Linear,2.28084619012251,2.75476063856901,0.826428191570703,0.0275476063856901,1.03620221986569,0.000229112814337438,0.000241286898609873,0.00438433772663244,0.131530131798973,0.02,1,1.3729489294698,1.66127533309146,0.224206303205842
06/05/26,1,0.598294871794871,0.6,0.000150879979454987,0.000301759958909974,0.0854322189661887,8.59334096160834e-05,0.168065728324771,8.4525845455763e-05,0.035610824860403,Intermediate,Linear,1.7850159160366,3.51996038283546,1.05598811485064,0.0351996038283546,1.32403182747233,0.000500963649629868,0.000524517905425258,0.00560219094415904,0.168065728324771,0.02,1.66666666666667,0.560721398798084,3.1834274915543,0.492605400462729
06/05/26,1,1.20690517241379,1.2,0.000256367218692108,0.000512734437384216,0.0209945200235414,3.58820447080738e-05,0.11854181946175,0.000101300788513703,0.121626456794402,Intermediate,Linear,2.53075244974454,2.48273406109468,0.744820218328404,0.0248273406109468,0.933879520936829,0.000423469312258289,0.000442491222971875,0.00395139398205834,0.11854181946175,0.02,0.833333333333333,1.77042109494224,1.42946356489675,0.17591460137071
06/05/26,1,1.00000714285714,1,9.93947540442553e-05,0.000198789508088511,0.0305806028880359,2.02636766838758e-05,0.131530131798973,4.35780169985581e-05,0.0383020213238189,Intermediate,Linear,2.28084619012251,2.75476063856901,0.826428191570703,0.0275476063856901,1.03620221986569,0.000202129754335051,0.000212177051150361,0.00438433772663244,0.131530131798973,0.02,1,1.3729489294698,1.66127533309146,0.224206303205842
06/05/26,1,0.800005714285712,0.8,0.00019040845457434,0.00038081690914868,0.0477821920125564,6.06542222485682e-05,0.147104111727916,9.33662219188119e-05,0.0586604439222028,Intermediate,Linear,2.03937195552277,3.08094131144849,0.924282393434547,0.0308094131144849,1.15889496223425,0.000484341994888203,0.000506773126918601,0.00490347039093054,0.147104111727916,0.02,1.25,0.96053982138029,2.12315190909233,0.308540567592719
06/05/26,1,1.41415151515152,1.4,2.87666508365714e-05,5.75333016731428e-05,0.0152918616788592,2.93263763704592e-06,0.107595984356256,1.03172537113121e-05,0.0165655521769743,Intermediate,Linear,2.78820814545163,2.25348502672918,0.676045508018754,0.0225348502672918,0.847647579407784,3.91469293826349e-05,4.18667164751648e-05,0.00358653281187521,0.107595984356256,0.02,0.714285714285714,2.15413303251683,1.29435281078902,0.142493947163144
06/05/26,1,1.20690517241379,1.2,0.00036705477519514,0.00073410955039028,0.0209945200235414,5.13742588504723e-05,0.11854181946175,0.000145037802979185,0.174139158603061,Intermediate,Linear,2.53075244974454,2.48273406109468,0.744820218328404,0.0248273406109468,0.933879520936829,0.000606303855875126,0.000633887933019361,0.00395139398205834,0.11854181946175,0.02,0.833333333333333,1.77042109494224,1.42946356489675,0.17591460137071
06/05/26,1,0.800005714285712,0.8,0.000521260500626939,0.00104252100125388,0.0477821920125564,0.000166046462196784,0.147104111727916,0.000255598543078583,0.160588312290239,Intermediate,Linear,2.03937195552277,3.08094131144849,0.924282393434547,0.0308094131144849,1.15889496223425,0.00132593036004872,0.00138578225020304,0.00490347039093054,0.147104111727916,0.02,1.25,0.96053982138029,2.12315190909233,0.308540567592719
06/05/26,1,1.00000714285714,1,0.000457364958316953,0.000914729916633906,0.0305806028880359,9.32433077679589e-05,0.131530131798973,0.000200524244158869,0.17624675018989,Intermediate,Linear,2.28084619012251,2.75476063856901,0.826428191570703,0.0275476063856901,1.03620221986569,0.000930100059656115,0.000971973106908117,0.00438433772663244,0.131530131798973,0.02,1,1.3729489294698,1.66127533309146,0.224206303205842
06/05/26,1,1.41415151515152,1.4,0.000425138519193737,0.000850277038387474,0.0152918616788592,4.33410628657709e-05,0.107595984356256,0.000152477324868038,0.244820099571412,Intermediate,Linear,2.78820814545163,2.25348502672918,0.676045508018754,0.0225348502672918,0.847647579407784,0.000578547279739528,0.000604581393706078,0.00358653281187521,0.107595984356256,0.02,0.714285714285714,2.15413303251683,1.29435281078902,0.142493947163144
06/05/26,1,1.20690517241379,1.2,0.000866066125385404,0.00173213225077081,0.0209945200235414,0.000121217617407432,0.11854181946175,0.000342216847591247,0.410881526576104,Intermediate,Linear,2.53075244974454,2.48273406109468,0.744820218328404,0.0248273406109468,0.933879520936829,0.0014305745810958,0.00149509331745339,0.00395139398205834,0.11854181946175,0.02,0.833333333333333,1.77042109494224,1.42946356489675,0.17591460137071
06/05/26,1,1.00000714285714,1,0.0011025247856945,0.002205049571389,0.0305806028880359,0.000224772484303603,0.131530131798973,0.000483384101246774,0.424860730908466,Intermediate,Linear,2.28084619012251,2.75476063856901,0.826428191570703,0.0275476063856901,1.03620221986569,0.00224210086562023,0.00234371816872009,0.00438433772663244,0.131530131798973,0.02,1,1.3729489294698,1.66127533309146,0.224206303205842
06/05/26,1,1.41415151515152,1.4,0.000851884863722295,0.00170376972744459,0.0152918616788592,8.68460366823675e-05,0.107595984356256,0.000305531301567985,0.49056608080443,Intermediate,Linear,2.78820814545163,2.25348502672918,0.676045508018754,0.0225348502672918,0.847647579407784,0.00115928255922916,0.00121126094182239,0.00358653281187521,0.107595984356256,0.02,0.714285714285714,2.15413303251683,1.29435281078902,0.142493947163144
06/05/26,1,1.20690517241379,1.2,0.00162976042979175,0.0032595208595835,0.0209945200235414,0.000228106919845589,0.11854181946175,0.000643982555447594,0.773195525974612,Intermediate,Linear,2.53075244974454,2.48273406109468,0.744820218328404,0.0248273406109468,0.933879520936829,0.00269205061345439,0.00281305952646421,0.00395139398205834,0.11854181946175,0.02,0.833333333333333,1.77042109494224,1.42946356489675,0.17591460137071
06/05/26,1,1.41415151515152,1.4,0.00396025539120876,0.00792051078241752,0.0152918616788592,0.000403731184368804,0.107595984356256,0.00142035859039759,2.28055110377359,Intermediate,Linear,2.78820814545163,2.25348502672918,0.676045508018754,0.0225348502672918,0.847647579407784,0.00538929050231161,0.00563332570437663,0.00358653281187521,0.107595984356256,0.02,0.714285714285714,2.15413303251683,1.29435281078902,0.142493947163144
06/05/26,1,0.598294871794871,0.6,0.000112725168062142,0.000225450336124284,0.0854322189661887,6.42024082725689e-05,0.168065728324771,6.31507915696537e-05,0.0266054928673822,Intermediate,Linear,1.7850159160366,3.51996038283546,1.05598811485064,0.0351996038283546,1.32403182747233,0.000374279024967646,0.000392447872256646,0.00560219094415904,0.168065728324771,0.02,1.66666666666667,0.560721398798084,3.1834274915543,0.492605400462729
06/05/26,1,0.599325842696629,0.6,2.6740532886153e-05,5.3481065772306e-05,0.0851385477483694,1.51776675729639e-05,0.167938187067333,1.49691887137165e-05,0.0063209139409856,Intermediate,Linear,1.78637155276493,3.51728916498615,1.05518674949584,0.0351728916498615,1.32302704984249,8.86513294768378e-05,9.29190624940584e-05,0.00559793956891111,0.167938187067333,0.02,1.66666666666667,0.560721398798084,3.18584515696039,0.492832904386734
06/05/26,1,0.600862660944208,0.6,8.63889639539784e-05,0.000172777927907957,0.0847035892953353,4.87830354827154e-05,0.167748560115371,4.83054143771287e-05,0.0204667744939553,Intermediate,Linear,1.78839090954742,3.51331762739144,1.05399528821743,0.0351331762739144,1.32153315740977,0.000285753883893087,0.000299536674482941,0.00559161867051238,0.167748560115371,0.02,1.66666666666667,0.560721398798084,3.18944651190568,0.493171122625164
06/05/26,1,0.598472286754171,0.6,5.18742148653897e-05,0.000103748429730779,0.0853815743252456,2.95273475472869e-05,0.168043761381715,2.90571272823445e-05,0.0122465987745722,Intermediate,Linear,1.78524925610623,3.51950030825595,1.05585009247678,0.0351950030825595,1.32385877058531,0.000172191852616156,0.000180140045587459,0.00560145871272383,0.168043761381715,0.02,1.66666666666667,0.560721398798084,3.1838436341701,0.492644585545637
06/05/26,1,0.800005714285712,0.8,9.22632461270979e-05,0.000184526492254196,0.0477821920125564,2.93902676143116e-05,0.147104111727916,4.52410095555361e-05,0.0284241736409134,Intermediate,Linear,2.03937195552277,3.08094131144849,0.924282393434547,0.0308094131144849,1.15889496223425,0.000234690023528409,0.000246888790201762,0.00490347039093054,0.147104111727916,0.02,1.25,0.96053982138029,2.12315190909233,0.308540567592719
06/05/26,1,0.800099999999999,0.8,2.9444957150958e-05,5.8889914301916e-05,0.0477709311385317,9.3774201362362e-06,0.147095797701109,1.44374315346505e-05,0.00907233620478324,Intermediate,Linear,2.03948722321479,3.08076718287823,0.924230154863469,0.0308076718287823,1.1588294638354,7.48906728383471e-05,7.84932616339685e-05,0.00490319325670363,0.147095797701109,0.02,1.25,0.96053982138029,2.12327191212548,0.308548181918519
06/05/26,1,0.598294871794871,0.6,0.000109738469004644,0.000219476938009288,0.0854322189661887,6.25013394201271e-05,0.168065728324771,6.14775857283694e-05,0.0259005695406991,Intermediate,Linear,1.7850159160366,3.51996038283546,1.05598811485064,0.0351996038283546,1.32403182747233,0.000364362350365787,0.000382009004332101,0.00560219094415904,0.168065728324771,0.02,1.66666666666667,0.560721398798084,3.1834274915543,0.492605400462729
06/05/26,1,0.599325842696629,0.6,0.000250224507633441,0.000500449015266882,0.0851385477483694,0.000142025007939746,0.167938187067333,0.000140074167239254,0.0591479453835229,Intermediate,Linear,1.78637155276493,3.51728916498615,1.05518674949584,0.0351728916498615,1.32302704984249,0.000829554719938978,0.000866883287632277,0.00559793956891111,0.167938187067333,0.02,1.66666666666667,0.560721398798084,3.18584515696039,0.492832904386734
06/05/26,1,0.800005714285712,0.8,6.81843538487755e-05,0.000136368707697551,0.0477821920125564,2.17199859190285e-05,0.147104111727916,3.34339960222201e-05,0.0210060234681236,Intermediate,Linear,2.03937195552277,3.08094131144849,0.924282393434547,0.0308094131144849,1.15889496223425,0.000173440544103494,0.000182450706581745,0.00490347039093054,0.147104111727916,0.02,1.25,0.96053982138029,2.12315190909233,0.308540567592719
06/05/26,1,0.800114302043148,0.8,0.000256354931172153,0.000512709862344306,0.047769223343007,8.16391730816251e-05,0.14709453665624,0.000125694699401034,0.0789873114370174,Intermediate,Linear,2.03950470778599,3.08074077161625,0.924222231484876,0.0308074077161625,1.15881952924874,0.000652005163626111,0.000681313990752661,0.00490315122187467,0.14709453665624,0.02,1.25,0.96053982138029,2.12329011498475,0.308549336753761
06/05/26,1,1.00000714285714,1,6.75961334974704e-05,0.000135192266994941,0.0305806028880359,1.37808701016854e-05,0.131530131798973,2.96364278267442e-05,0.0260483420027886,Intermediate,Linear,2.28084619012251,2.75476063856901,0.826428191570703,0.0275476063856901,1.03620221986569,0.000137463893232831,0.00014476513282821,0.00438433772663244,0.131530131798973,0.02,1,1.3729489294698,1.66127533309146,0.224206303205842
06/05/26,1,1.00014285714286,1,7.27945651867683e-05,0.000145589130373537,0.0305723041873736,1.48366506005165e-05,0.131520735447871,3.19133158332393e-05,0.0280555792477623,Intermediate,Linear,2.28100914261467,2.75456384185173,0.826369152555519,0.0275456384185173,1.03612819485152,0.000148014304195339,0.000154744327504971,0.00438402451492905,0.131520735447871,0.02,1,1.3729489294698,1.6613940210402,0.224210005284016
06/05/26,1,0.598294871794871,0.6,0.000169288383387022,0.000338576766774044,0.0854322189661887,9.64178815863478e-05,0.168065728324771,9.48385848362097e-05,0.0399555924747095,Intermediate,Linear,1.7850159160366,3.51996038283546,1.05598811485064,0.0351996038283546,1.32403182747233,0.000562084689352732,0.000588558896417879,0.00560219094415904,0.168065728324771,0.02,1.66666666666667,0.560721398798084,3.1834274915543,0.492605400462729
06/05/26,1,0.61683107956163,0.6,0.00112057672800764,0.00224115345601528,0.0803747715534683,0.000600440656811647,0.165812266029333,0.000619351221768941,0.271717137536898,Intermediate,Linear,1.80927507466141,3.47276397888553,1.04182919366566,0.0347276397888553,1.30627891716213,0.00362152245262876,0.00378483425352642,0.0055270755343111,0.165812266029333,0.02,1.66666666666667,0.560721398798084,3.22669168421185,0.496621516262
06/05/26,1,1.20690517241379,1.2,0.000211655641240691,0.000423311282481382,0.0209945200235414,2.96240573208212e-05,0.11854181946175,8.36334827067166e-05,0.100414264491316,Intermediate,Linear,2.53075244974454,2.48273406109468,0.744820218328404,0.0248273406109468,0.933879520936829,0.000349614390205738,0.000365387522217082,0.00395139398205834,0.11854181946175,0.02,0.833333333333333,1.77042109494224,1.42946356489675,0.17591460137071
06/05/26,1,1.2002667259391,1.2,0.000292024326472187,0.000584048652944374,0.0212273956196541,4.13261060572542e-05,0.118922418795093,0.000115760797503601,0.137657635065611,Intermediate,Linear,2.52265302908873,2.49070531489195,0.747211594467586,0.0249070531489195,0.936877905175446,0.000485470419574009,0.000507257096840291,0.0039640806265031,0.118922418795093,0.02,0.833333333333333,1.77042109494224,1.4248887094124,0.175920884135474
06/05/26,1,1.00000714285714,1,4.79724520896407e-05,9.59449041792814e-05,0.0305806028880359,9.78017671279087e-06,0.131530131798973,2.10327431535679e-05,0.0184863064510948,Intermediate,Linear,2.28084619012251,2.75476063856901,0.826428191570703,0.0275476063856901,1.03620221986569,9.75570597157641e-05,0.000102042262522035,0.00438433772663244,0.131530131798973,0.02,1,1.3729489294698,1.66127533309146,0.224206303205842
06/05/26,1,1.00013333333333,1,0.000244811645907992,0.000489623291815984,0.0305728864421158,4.98973243336833e-05,0.131521394797424,0.000107326563774908,0.0943513248519275,Intermediate,Linear,2.28099770734697,2.75457765123647,0.826373295370942,0.0275457765123647,1.0361333892466,0.000497784259775485,0.00052014237994292,0.00438404649324748,0.131521394797424,0.02,1,1.3729489294698,1.66138569205763,0.224209745574387
06/05/26,1,0.800005714285712,0.8,0.000189468354204614,0.000378936708409228,0.0477821920125564,6.03547552060527e-05,0.147104111727916,9.29052464860665e-05,0.0583708207269364,Intermediate,Linear,2.03937195552277,3.08094131144849,0.924282393434547,0.0308094131144849,1.15889496223425,0.000481950661533357,0.000503944318838578,0.00490347039093054,0.147104111727916,0.02,1.25,0.96053982138029,2.12315190909233,0.308540567592719
06/05/26,1,0.862257025937295,0.8,0.000646005217343905,0.00129201043468781,0.0411318992825208,0.000177142810238483,0.141840029940817,0.000305431331233279,0.214065725911078,Intermediate,Linear,2.11505877519326,2.97069064031352,0.891207192094055,0.0297069064031352,1.11742421208186,0.00152774168347075,0.00159649817065623,0.00472800099802724,0.141840029940817,0.02,1.25,0.96053982138029,2.20194803808751,0.313151226756013
06/05/26,1,1.41415151515152,1.4,0.000133903810606101,0.000267807621212202,0.0152918616788592,1.3650923667071e-05,0.107595984356256,4.80250410373905e-05,0.0771097954326695,Intermediate,Linear,2.78820814545163,2.25348502672918,0.676045508018754,0.0225348502672918,0.847647579407784,0.000182222221406415,0.000191247367337278,0.00358653281187521,0.107595984356256,0.02,0.714285714285714,2.15413303251683,1.29435281078902,0.142493947163144
06/05/26,1,1.40645833333333,1.4,0.000148868317314501,0.000297736634629002,0.015459609015791,1.53429732034727e-05,0.107973217760981,5.35793041436983e-05,0.0851292744733893,Intermediate,Linear,2.77846679223829,2.26138578468233,0.6784157354047,0.0226138578468233,0.850619446660081,0.000204009617715495,0.000213167093409423,0.00359910725869938,0.107973217760981,0.02,0.714285714285714,2.15413303251683,1.2898306419785,0.142636752987593
06/05/26,1,1.20690517241379,1.2,0.00028059805443045,0.0005611961088609,0.0209945200235414,3.92734764820456e-05,0.11854181946175,0.000110875346365376,0.133122118022296,Intermediate,Linear,2.53075244974454,2.48273406109468,0.744820218328404,0.0248273406109468,0.933879520936829,0.000463493990132111,0.000484858830884136,0.00395139398205834,0.11854181946175,0.02,0.833333333333333,1.77042109494224,1.42946356489675,0.17591460137071
06/05/26,1,1.2002,1.2,0.000671776116323231,0.00134355223264646,0.0212297559883938,9.50776201891534e-05,0.118926254993738,0.000266306059028533,0.316648776316769,Intermediate,Linear,2.52257165598795,2.4907856600485,0.74723569801455,0.024907856600485,0.93690812697708,0.00111685378325861,0.00116693703630027,0.00396420849979128,0.118926254993738,0.02,0.833333333333333,1.77042109494224,1.42484274684394,0.175920923308836
06/05/26,1,0.800005714285712,0.8,0.000523997349038285,0.00104799469807657,0.0477821920125564,0.000166918279638786,0.147104111727916,0.000256940548593533,0.161431472028688,Intermediate,Linear,2.03937195552277,3.08094131144849,0.924282393434547,0.0308094131144849,1.15889496223425,0.00133289208148184,0.00139268033291797,0.00490347039093054,0.147104111727916,0.02,1.25,0.96053982138029,2.12315190909233,0.308540567592719
06/05/26,1,0.784037868535375,0.8,0.000496916504276644,0.000993833008553288,0.0497482912991378,0.000164804980040691,0.148528262099454,0.000246020482629153,0.150166812842267,Intermediate,Linear,2.01981761423372,3.11076864708069,0.933230594124208,0.0311076864708069,1.17011450376611,0.00128859931022891,0.00134691457900709,0.0049509420699818,0.148528262099454,0.02,1.25,0.96053982138029,2.10279425097781,0.307223004267675
06/05/26,1,1.00000714285714,1,0.000421820558457515,0.00084364111691503,0.0305806028880359,8.5996846587992e-05,0.131530131798973,0.000184940378831445,0.162549625281745,Intermediate,Linear,2.28084619012251,2.75476063856901,0.826428191570703,0.0275476063856901,1.03620221986569,0.000857816759791254,0.000896344285317401,0.00438433772663244,0.131530131798973,0.02,1,1.3729489294698,1.66127533309146,0.224206303205842
06/05/26,1,1.00025,1,0.000876836581886243,0.00175367316377249,0.0305657549675082,0.000178674480723216,0.131513318217828,0.000384385628062126,0.337977609703591,Intermediate,Linear,2.28113778942985,2.75440849574896,0.826322548724688,0.0275440849574896,1.03606976147103,0.00178268416096654,0.00186256678885952,0.00438377727392759,0.131513318217828,0.02,1,1.3729489294698,1.6614877221331,0.224212926129836
06/05/26,1,1.41415151515152,1.4,0.000251075006877375,0.00050215001375475,0.0152918616788592,2.55960285079162e-05,0.107595984356256,9.004887504075e-05,0.144583954190235,Intermediate,Linear,2.78820814545163,2.25348502672918,0.676045508018754,0.0225348502672918,0.847647579407784,0.000341673961971189,0.000357106777420938,0.00358653281187521,0.107595984356256,0.02,0.714285714285714,2.15413303251683,1.29435281078902,0.142493947163144
06/05/26,1,1.40205607476636,1.4,0.000619421517190507,0.00123884303438101,0.0155568434167015,6.42416236791226e-05,0.108189996593002,0.000223384039448243,0.352793694468314,Intermediate,Linear,2.77289961592812,2.2659259899232,0.679777796976959,0.022659259899232,0.852327243222642,0.000852269165077356,0.000890962773072175,0.00360633321976673,0.108189996593002,0.02,0.714285714285714,2.15413303251683,1.28724622577666,0.142716254233623
06/05/26,1,1.20690517241379,1.2,0.000985383044499749,0.0019707660889995,0.0209945200235414,0.000137917627057388,0.11854181946175,0.000389363663205864,0.467488194860518,Intermediate,Linear,2.53075244974454,2.48273406109468,0.744820218328404,0.0248273406109468,0.933879520936829,0.00162766317118895,0.00170063091072689,0.00395139398205834,0.11854181946175,0.02,0.833333333333333,1.77042109494224,1.42946356489675,0.17591460137071
06/05/26,1,1.20983879574483,1.2,0.00176100765982697,0.00352201531965394,0.0208928282244516,0.000245282870258056,0.118374290387148,0.000694860106994498,0.837828653085223,Intermediate,Linear,2.53433409415877,2.47922534036113,0.743767602108337,0.0247922534036113,0.932559716899376,0.00290062974602861,0.00303126395030324,0.0039458096795716,0.118374290387148,0.02,0.833333333333333,1.77042109494224,1.43148661151795,0.17591032076206
06/05/26,1,1.00000714285714,1,0.000960522337156372,0.00192104467431274,0.0305806028880359,0.000195822347717781,0.131530131798973,0.000421125432006785,0.370139726120626,Intermediate,Linear,2.28084619012251,2.75476063856901,0.826428191570703,0.0275476063856901,1.03620221986569,0.00195332385405674,0.00204081972657502,0.00438433772663244,0.131530131798973,0.02,1,1.3729489294698,1.66127533309146,0.224206303205842
06/05/26,1,0.990484938510831,1,0.000716524995901365,0.00143304999180273,0.0311714134391021,0.000148900645911283,0.132192768404934,0.000315731409465119,0.273353532611721,Intermediate,Linear,2.26941309740209,2.76863886719093,0.830591660157278,0.0276863886719093,1.04142251055247,0.00147184817948162,0.00154542620462017,0.00440642561349782,0.132192768404934,0.02,1,1.3729489294698,1.6529479346901,0.223940018661405
06/05/26,1,1.41415151515152,1.4,0.000747299423366557,0.00149459884673311,0.0152918616788592,7.61839960987507e-05,0.107595984356256,0.000268021390219958,0.430339550472222,Intermediate,Linear,2.78820814545163,2.25348502672918,0.676045508018754,0.0225348502672918,0.847647579407784,0.0010169580713589,0.00106252908508399,0.00358653281187521,0.107595984356256,0.02,0.714285714285714,2.15413303251683,1.29435281078902,0.142493947163144
06/05/26,1,1.41047619047619,1.4,0.00176025984626471,0.00352051969252942,0.0153716585323963,0.000180387421900463,0.107775950235071,0.000632378925306064,1.01028010801592,Intermediate,Linear,2.7835523541724,2.25725422328106,0.677176266984317,0.0225725422328106,0.84906536133028,0.0024034593304003,0.00251140162921962,0.00359253167450237,0.107775950235071,0.02,0.714285714285714,2.15413303251683,1.29219148128478,0.142562784793565
06/05/26,1,1.20690517241379,1.2,0.00101421042169027,0.00202842084338054,0.0209945200235414,0.000141952406708405,0.11854181946175,0.000400754495680779,0.481164560209591,Intermediate,Linear,2.53075244974454,2.48273406109468,0.744820218328404,0.0248273406109468,0.933879520936829,0.00167528045102433,0.0017503075689983,0.00395139398205834,0.11854181946175,0.02,0.833333333333333,1.77042109494224,1.42946356489675,0.17591460137071
06/05/26,1,1.2017055665182,1.2,0.0023884118858931,0.0047768237717862,0.0211765935694727,0.000337189518560374,0.118839748787374,0.000946127561734381,1.12744279235075,Intermediate,Linear,2.52440789433807,2.48897387829914,0.746692163489742,0.0248897387829914,0.936226625926021,0.00396505255567392,0.00414274176657952,0.00396132495957914,0.118839748787374,0.02,0.833333333333333,1.77042109494224,1.42587992288943,0.175919923298339
06/05/26,1,1.41415151515152,1.4,0.00163877405872134,0.00327754811744268,0.0152918616788592,0.000167066041525796,0.107595984356256,0.0005877516932854,0.943703781515912,Intermediate,Linear,2.78820814545163,2.25348502672918,0.676045508018754,0.0225348502672918,0.847647579407784,0.00223011614092037,0.00234827087616708,0.00358653281187521,0.107595984356256,0.02,0.714285714285714,2.15413303251683,1.29435281078902,0.142493947163144
06/05/26,1,1.41042753711119,1.4,0.0015017364312201,0.0030034728624402,0.0153727190559508,0.000153905148354885,0.107778335691354,0.000539515510679921,0.861865530085638,Intermediate,Linear,2.78349074585,2.25730418416062,0.677191255248187,0.0225730418416062,0.849084154097095,0.00205056214985023,0.0021483269300064,0.00359261118971181,0.107778335691354,0.02,0.714285714285714,2.15413303251683,1.29216288123016,0.14256368852776
13/05/26,1,0.598294871794871,0.6,0.000318934745269414,0.000637869490538828,0.0854322189661887,0.000181648686625215,0.168065728324771,0.000178673334172598,0.0752752578354819,Intermediate,Linear,1.7850159160366,3.51996038283546,1.05598811485064,0.0351996038283546,1.32403182747233,0.00105895238427975,0.00110659304679886,0.00560219094415904,0.168065728324771,0.03,1.66666666666667,0.560721398798084,3.1834274915543,0.492605400462729
13/05/26,1,0.600862660944208,0.6,0.000594040034969684,0.00118808006993937,0.0847035892953353,0.000335448820980392,0.167748560115371,0.000332164535056831,0.140736534849321,Intermediate,Linear,1.78839090954742,3.51331762739144,1.05399528821743,0.0351331762739144,1.32153315740977,0.00196494134680215,0.00205903706284893,0.00559161867051238,0.167748560115371,0.03,1.66666666666667,0.560721398798084,3.18944651190568,0.493171122625164
13/05/26,1,1.40001,1.4,0.00416272952443224,0.00832545904886448,0.0156023484122632,0.000432989042574711,0.108290978908002,0.00150262018376669,2.36647747508956,Intermediate,Linear,2.7703138620149,2.26804095858284,0.680412287574851,0.0226804095858284,0.853122787920567,0.00573824420347161,0.00599521942152263,0.00360969929693339,0.108290978908002,0.03,0.714285714285714,2.15413303251683,1.28604585705561,0.142752654376357
13/05/26,1,0.600862660944208,0.6,0.0146048398324989,0.0292096796649978,0.0847035892953353,0.00824721569930761,0.167748560115371,0.00816646950872438,3.46009431866007,Intermediate,Stokes-2nd,1.78839090954742,3.51331762739144,1.05399528821743,0.0351331762739144,1.32153315740977,0.0483092922377944,0.0504750648411877,0.00559161867051238,0.167748560115371,0.1,1.66666666666667,0.560721398798084,3.18944651190568,0.493171122625164
13/05/26,1,0.600862660944208,0.6,0.000948331991383614,0.00189666398276723,0.0847035892953353,0.000535514156758567,0.167748560115371,0.00053027108688648,0.224673339332924,Intermediate,Linear,1.78839090954742,3.51331762739144,1.05399528821743,0.0351331762739144,1.32153315740977,0.00313685379885209,0.00327788650768937,0.00559161867051238,0.167748560115371,0.03,1.66666666666667,0.560721398798084,3.18944651190568,0.493171122625164
13/05/26,1,0.800005714285712,0.8,0.00452065197854645,0.0090413039570929,0.0477821920125564,0.001440044405739,0.147104111727916,0.00221668831245041,1.39270838824956,Intermediate,Linear,2.03937195552277,3.08094131144849,0.924282393434547,0.0308094131144849,1.15889496223425,0.0114991826512075,0.0120141047018293,0.00490347039093054,0.147104111727916,0.03,1.25,0.96053982138029,2.12315190909233,0.308540567592719
13/05/26,1,0.598294871794871,0.6,0.00142400983901369,0.00284801967802738,0.0854322189661887,0.000811042135844165,0.168065728324771,0.000797757502451586,0.336096049056899,Intermediate,Linear,1.7850159160366,3.51996038283546,1.05598811485064,0.0351996038283546,1.32403182747233,0.00472811017497498,0.00493998715536927,0.00560219094415904,0.168065728324771,0.03,1.66666666666667,0.560721398798084,3.1834274915543,0.492605400462729
13/05/26,1,0.800005714285712,0.8,0.00723422322470047,0.0144684464494009,0.0477821920125564,0.00230444695456222,0.147104111727916,0.00354727993837008,2.22869697011042,Intermediate,Stokes-2nd,2.03937195552277,3.08094131144849,0.924282393434547,0.0308094131144849,1.15889496223425,0.0184016939581326,0.019225894639863,0.00490347039093054,0.147104111727916,0.05,1.25,0.96053982138029,2.12315190909233,0.308540567592719
13/05/26,1,0.600862660944208,0.6,0.00269334726458939,0.00538669452917878,0.0847035892953353,0.00152090787019663,0.167748560115371,0.00150601708508515,0.638092281412569,Intermediate,Linear,1.78839090954742,3.51331762739144,1.05399528821743,0.0351331762739144,1.32153315740977,0.00890894399357822,0.00930806768400325,0.00559161867051238,0.167748560115371,0.03,1.66666666666667,0.560721398798084,3.18944651190568,0.493171122625164
13/05/26,1,1.00000714285714,1,0.00208062962403695,0.0041612592480739,0.0305806028880359,0.000424179388598383,0.131530131798973,0.000912218295581427,0.801775918589724,Intermediate,Linear,2.28084619012251,2.75476063856901,0.826428191570703,0.0275476063856901,1.03620221986569,0.00423118059713259,0.00442066436333797,0.00438433772663244,0.131530131798973,0.03,1,1.3729489294698,1.66127533309146,0.224206303205842
13/05/26,1,0.598294871794871,0.6,0.0030710579229532,0.0061421158459064,0.0854322189661887,0.00174911528621058,0.168065728324771,0.00172046528849563,0.724833779971891,Intermediate,Linear,1.7850159160366,3.51996038283546,1.05598811485064,0.0351996038283546,1.32403182747233,0.010196769583776,0.0106534422150327,0.00560219094415904,0.168065728324771,0.03,1.66666666666667,0.560721398798084,3.1834274915543,0.492605400462729
13/05/26,1,0.800005714285712,0.8,0.00923462341627609,0.0184692468325522,0.0477821920125564,0.00294167032826769,0.147104111727916,0.00452817024931036,2.84497403365894,Intermediate,Stokes-2nd,2.03937195552277,3.08094131144849,0.924282393434547,0.0308094131144849,1.15889496223425,0.0234901120198642,0.0245423479042895,0.00490347039093054,0.147104111727916,0.06,1.25,0.96053982138029,2.12315190909233,0.308540567592719
13/05/26,1,1.20690517241379,1.2,0.000655066296262978,0.00131013259252596,0.0209945200235414,9.16853498242678e-05,0.11854181946175,0.000258842502090278,0.310778394314073,Intermediate,Linear,2.53075244974454,2.48273406109468,0.744820218328404,0.0248273406109468,0.933879520936829,0.0010820434663108,0.00113050005398046,0.00395139398205834,0.11854181946175,0.03,0.833333333333333,1.77042109494224,1.42946356489675,0.17591460137071
13/05/26,1,1.00000714285714,1,0.00335045690679198,0.00670091381358396,0.0305806028880359,0.000683059947733884,0.131530131798973,0.00146895346179043,1.29110709234558,Intermediate,Linear,2.28084619012251,2.75476063856901,0.826428191570703,0.0275476063856901,1.03620221986569,0.00681350880126435,0.00711946846257599,0.00438433772663244,0.131530131798973,0.03,1,1.3729489294698,1.66127533309146,0.224206303205842
13/05/26,1,0.800005714285712,0.8,0.00726929887616348,0.014538597752327,0.0477821920125564,0.00231562023131669,0.147104111727916,0.00356447918020923,2.23950296761867,Intermediate,Stokes-2nd,2.03937195552277,3.08094131144849,0.924282393434547,0.0308094131144849,1.15889496223425,0.0184909158944146,0.0193193551571806,0.00490347039093054,0.147104111727916,0.05,1.25,0.96053982138029,2.12315190909233,0.308540567592719
13/05/26,1,1.41415151515152,1.4,0.00171473553024357,0.00342947106048714,0.0152918616788592,0.000174809990295399,0.107595984356256,0.00061499552429068,0.987446924473016,Intermediate,Linear,2.78820814545163,2.25348502672918,0.676045508018754,0.0225348502672918,0.847647579407784,0.00233348786738153,0.00243798202769225,0.00358653281187521,0.107595984356256,0.03,0.714285714285714,2.15413303251683,1.29435281078902,0.142493947163144
13/05/26,1,0.800005714285712,0.8,0.0105299979273332,0.0210599958546664,0.0477821920125564,0.0033543092190377,0.147104111727916,0.00516335330532383,3.24404898037801,Intermediate,Stokes-2nd,2.03937195552277,3.08094131144849,0.924282393434547,0.0308094131144849,1.15889496223425,0.026785156224783,0.0279848481172253,0.00490347039093054,0.147104111727916,0.07,1.25,0.96053982138029,2.12315190909233,0.308540567592719
13/05/26,1,1.00000714285714,1,0.00396219685360864,0.00792439370721728,0.0305806028880359,0.000807775790296207,0.131530131798973,0.00173716091456207,1.52684263707233,Intermediate,Linear,2.28084619012251,2.75476063856901,0.826428191570703,0.0275476063856901,1.03620221986569,0.00805754674226005,0.0084215653929267,0.00438433772663244,0.131530131798973,0.03,1,1.3729489294698,1.66127533309146,0.224206303205842
13/05/26,1,1.20690517241379,1.2,0.00104723689945663,0.00209447379891326,0.0209945200235414,0.000146574907033557,0.11854181946175,0.000413804558230236,0.496833074661689,Intermediate,Linear,2.53075244974454,2.48273406109468,0.744820218328404,0.0248273406109468,0.933879520936829,0.00172983383697353,0.00180740968859521,0.00395139398205834,0.11854181946175,0.03,0.833333333333333,1.77042109494224,1.42946356489675,0.17591460137071
13/05/26,1,0.800005714285712,0.8,0.0132156106870011,0.0264312213740022,0.0477821920125564,0.00420980564939652,0.147104111727916,0.00648023557017751,4.07142419876016,Intermediate,Stokes-2nd,2.03937195552277,3.08094131144849,0.924282393434547,0.0308094131144849,1.15889496223425,0.0336165495283137,0.0351229359233528,0.00490347039093054,0.147104111727916,0.08,1.25,0.96053982138029,2.12315190909233,0.308540567592719
13/05/26,1,1.00000714285714,1,0.00681227569195862,0.0136245513839172,0.0305806028880359,0.00138882331799738,0.131530131798973,0.00298673173204753,2.62512776781918,Intermediate,Linear,2.28084619012251,2.75476063856901,0.826428191570703,0.0275476063856901,1.03620221986569,0.0138534837710363,0.014473857133284,0.00438433772663244,0.131530131798973,0.03,1,1.3729489294698,1.66127533309146,0.224206303205842
13/05/26,1,1.41415151515152,1.4,0.00252285279086118,0.00504570558172236,0.0152918616788592,0.000257194106093153,0.107595984356256,0.000904829431395457,1.45280901065844,Intermediate,Linear,2.78820814545163,2.25348502672918,0.676045508018754,0.0225348502672918,0.847647579407784,0.00343320953863245,0.00358695255301264,0.00358653281187521,0.107595984356256,0.03,0.714285714285714,2.15413303251683,1.29435281078902,0.142493947163144
13/05/26,1,1.19658974358974,1.2,0.00373271483796523,0.00746542967593046,0.0213580547415471,0.000531490185625644,0.119134132678328,0.00148231248252172,1.75331980797814,Intermediate,Linear,2.51817000934588,2.49513944009352,0.748541832028057,0.0249513944009352,0.938545799769517,0.00622749664354858,0.00650639502040329,0.00397113775594428,0.119134132678328,0.03,0.833333333333333,1.77042109494224,1.42235653231868,0.175922331021513
13/05/26,1,1.00000714285714,1,0.00679509580742157,0.0135901916148431,0.0305806028880359,0.00138532084315278,0.131530131798973,0.00297919949045603,2.61850745560847,Intermediate,Linear,2.28084619012251,2.75476063856901,0.826428191570703,0.0275476063856901,1.03620221986569,0.0138185466571577,0.0144374800208769,0.00438433772663244,0.131530131798973,0.03,1,1.3729489294698,1.66127533309146,0.224206303205842
13/05/26,1,1.20690517241379,1.2,0.0065434495923431,0.0130868991846862,0.0209945200235414,0.000915843889929872,0.11854181946175,0.00258557473410866,3.10436175572539,Intermediate,Linear,2.53075244974454,2.48273406109468,0.744820218328404,0.0248273406109468,0.933879520936829,0.0108085195634711,0.01129253019522,0.00395139398205834,0.11854181946175,0.03,0.833333333333333,1.77042109494224,1.42946356489675,0.17591460137071
13/05/26,1,1.41415151515152,1.4,0.00743757229638906,0.0148751445927781,0.0152918616788592,0.000758228845219309,0.107595984356256,0.00266750970816934,4.28299744192731,Intermediate,Linear,2.78820814545163,2.25348502672918,0.676045508018754,0.0225348502672918,0.847647579407784,0.0101213769763852,0.010575231201582,0.00358653281187521,0.107595984356256,0.03,0.714285714285714,2.15413303251683,1.29435281078902,0.142493947163144
13/05/26,1,1.00000714285714,1,0.0100913727171094,0.0201827454342188,0.0305806028880359,0.00205733507771388,0.131530131798973,0.00442439861171321,3.88873614824009,Intermediate,Stokes-2nd,2.28084619012251,2.75476063856901,0.826428191570703,0.0275476063856901,1.03620221986569,0.020521874698785,0.0214432930761344,0.00438433772663244,0.131530131798973,0.05,1,1.3729489294698,1.66127533309146,0.224206303205842
13/05/26,1,1.19658974358974,1.2,0.00808399909339105,0.0161679981867821,0.0213580547415471,0.00115105663444842,0.119134132678328,0.00321026740187846,3.79719221890689,Intermediate,Stokes-2nd,2.51817000934588,2.49513944009352,0.748541832028057,0.0249513944009352,0.938545799769517,0.0134869871945497,0.0140909617874025,0.00397113775594428,0.119134132678328,0.03,0.833333333333333,1.77042109494224,1.42235653231868,0.175922331021513
13/05/26,1,1.41415151515152,1.4,0.0063212654059166,0.0126425308118332,0.0152918616788592,0.000644426108150894,0.107595984356256,0.00226714257908916,3.64016139734585,Intermediate,Linear,2.78820814545163,2.25348502672918,0.676045508018754,0.0225348502672918,0.847647579407784,0.00860225724086426,0.00898746382867689,0.00358653281187521,0.107595984356256,0.03,0.714285714285714,2.15413303251683,1.29435281078902,0.142493947163144
13/05/26,1,1.20690517241379,1.2,0.00698034530086063,0.0139606906017213,0.0209945200235414,0.000976993327934342,0.11854181946175,0.00275820944145099,3.31163504630738,Intermediate,Linear,2.53075244974454,2.48273406109468,0.744820218328404,0.0248273406109468,0.933879520936829,0.0115301872016285,0.0120465063975899,0.00395139398205834,0.11854181946175,0.03,0.833333333333333,1.77042109494224,1.42946356489675,0.17591460137071
13/05/26,1,1.40001,1.4,0.00459942996088046,0.00919885992176092,0.0156023484122632,0.000478412724983061,0.108290978908002,0.00166025590960846,2.61473807913576,Intermediate,Linear,2.7703138620149,2.26804095858284,0.680412287574851,0.0226804095858284,0.853122787920567,0.00634022752556706,0.00662418013834767,0.00360969929693339,0.108290978908002,0.03,0.714285714285714,2.15413303251683,1.28604585705561,0.142752654376357
13/05/26,1,1.41415151515152,1.4,0.00294935881062864,0.00589871762125728,0.0152918616788592,0.000300674579823052,0.107595984356256,0.00105779721483129,1.69841659856955,Intermediate,Linear,2.78820814545163,2.25348502672918,0.676045508018754,0.0225348502672918,0.847647579407784,0.00401361777356952,0.00419340253604406,0.00358653281187521,0.107595984356256,0.03,0.714285714285714,2.15413303251683,1.29435281078902,0.142493947163144
13/05/26,1,0.606064935064934,0.6,0.000107368269472755,0.00021473653894551,0.083255691362678,5.95934633691236e-05,0.167110985754482,5.9808057834483e-05,0.0256315395204318,Intermediate,Linear,1.79521411261829,3.49996430120285,1.04998929036086,0.0349996430120285,1.31651030858382,0.000352453826224033,0.000368875757012048,0.00557036619181605,0.167110985754482,0.03,1.66666666666667,0.560721398798084,3.20161512734553,0.494307965072745
13/05/26,1,0.598294871794871,0.6,0.000118425351984732,0.000236850703969464,0.0854322189661887,6.74489373460506e-05,0.168065728324771,6.63441434447712e-05,0.0279508552678324,Intermediate,Linear,1.7850159160366,3.51996038283546,1.05598811485064,0.0351996038283546,1.32403182747233,0.00039320522678539,0.000411112682589094,0.00560219094415904,0.168065728324771,0.03,1.66666666666667,0.560721398798084,3.1834274915543,0.492605400462729
13/05/26,1,1.40001,1.4,0.00436114332691781,0.00872228665383562,0.0156023484122632,0.000453627184415923,0.108290978908002,0.0015742416001001,2.47927408884337,Intermediate,Linear,2.7703138620149,2.26804095858284,0.680412287574851,0.0226804095858284,0.853122787920567,0.00601175389112226,0.00628105383183356,0.00360969929693339,0.108290978908002,0.03,0.714285714285714,2.15413303251683,1.28604585705561,0.142752654376357
13/05/26,1,0.600862660944208,0.6,0.00183252346630098,0.00366504693260196,0.0847035892953353,0.00103480876709082,0.167748560115371,0.00102467724283206,0.434150877878842,Intermediate,Linear,1.78839090954742,3.51331762739144,1.05399528821743,0.0351331762739144,1.32153315740977,0.00606154621902504,0.00633886616809029,0.00559161867051238,0.167748560115371,0.03,1.66666666666667,0.560721398798084,3.18944651190568,0.493171122625164
13/05/26,1,0.598294871794871,0.6,0.000156924837269004,0.000313849674538008,0.0854322189661887,8.93762470586605e-05,0.168065728324771,8.79122902262045e-05,0.0370375374945018,Intermediate,Linear,1.7850159160366,3.51996038283546,1.05598811485064,0.0351996038283546,1.32403182747233,0.000521034264982166,0.000544906430556212,0.00560219094415904,0.168065728324771,0.03,1.66666666666667,0.560721398798084,3.1834274915543,0.492605400462729
13/05/26,1,0.795460227272727,0.8,6.81893618453727e-05,0.000136378723690745,0.0483298344418265,2.19705371245378e-05,0.147506238749661,3.35278542951686e-05,0.0208931820676593,Intermediate,Linear,2.03381228172418,3.08936344009732,0.926809032029196,0.0308936344009732,1.16206294288553,0.000174402890493648,0.000183036352422624,0.00491687462498871,0.147506238749661,0.03,1.25,0.96053982138029,2.11736383693245,0.308171183616391
13/05/26,1,0.633488687782807,0.6,4.13408318238583e-05,8.26816636477166e-05,0.0762034298803344,2.10020878605606e-05,0.163855661821391,2.25797645291504e-05,0.0102651440196328,Intermediate,Linear,1.83087966973648,3.43178495618117,1.02953548685435,0.0343178495618117,1.29086467256328,0.000130472321535848,0.000136448190773346,0.00546185539404637,0.163855661821391,0.03,1.66666666666667,0.560721398798084,3.26522168346169,0.500098763642661
13/05/26,1,0.800005714285712,0.8,0.000219299588321076,0.000438599176642152,0.0477821920125564,6.98574335828814e-05,0.147104111727916,0.000107532903807565,0.0675611344655294,Intermediate,Linear,2.03937195552277,3.08094131144849,0.924282393434547,0.0308094131144849,1.15889496223425,0.000557832373163463,0.000583932526731504,0.00490347039093054,0.147104111727916,0.03,1.25,0.96053982138029,2.12315190909233,0.308540567592719
13/05/26,1,0.600862660944208,0.6,0.000229048295095589,0.000458096590191178,0.0847035892953353,0.00012934141811049,0.167748560115371,0.000128075072330552,0.0542647994533618,Intermediate,Linear,1.78839090954742,3.51331762739144,1.05399528821743,0.0351331762739144,1.32153315740977,0.000757636588367031,0.000792190526828821,0.00559161867051238,0.167748560115371,0.03,1.66666666666667,0.560721398798084,3.18944651190568,0.493171122625164
13/05/26,1,1.00000714285714,1,0.000196081326404957,0.000392162652809914,0.0305806028880359,3.99752345103289e-05,0.131530131798973,8.59686756845383e-05,0.0755604379464675,Intermediate,Linear,2.28084619012251,2.75476063856901,0.826428191570703,0.0275476063856901,1.03620221986569,0.00039875213452692,0.000417943200315254,0.00438433772663244,0.131530131798973,0.03,1,1.3729489294698,1.66127533309146,0.224206303205842
13/05/26,1,0.598294871794871,0.6,0.000246094275718328,0.000492188551436656,0.0854322189661887,0.000140162533663292,0.168065728324771,0.000137866712283859,0.0580833864334374,Intermediate,Linear,1.7850159160366,3.51996038283546,1.05598811485064,0.0351996038283546,1.32403182747233,0.000817101692101256,0.000854238301682432,0.00560219094415904,0.168065728324771,0.03,1.66666666666667,0.560721398798084,3.1834274915543,0.492605400462729
13/05/26,1,0.800005714285712,0.8,0.000243057459468899,0.000486114918937798,0.0477821920125564,7.74254546561804e-05,0.147104111727916,0.000119182505580055,0.0748803854478101,Intermediate,Linear,2.03937195552277,3.08094131144849,0.924282393434547,0.0308094131144849,1.15889496223425,0.000618265271123574,0.00064671642546057,0.00490347039093054,0.147104111727916,0.03,1.25,0.96053982138029,2.12315190909233,0.308540567592719
13/05/26,1,1.20690517241379,1.2,0.0001508914583754,0.0003017829167508,0.0209945200235414,2.11192916282913e-05,0.11854181946175,5.96231600568562e-05,0.0715863499879866,Intermediate,Linear,2.53075244974454,2.48273406109468,0.744820218328404,0.0248273406109468,0.933879520936829,0.000249243653029684,0.000260500860483232,0.00395139398205834,0.11854181946175,0.03,0.833333333333333,1.77042109494224,1.42946356489675,0.17591460137071
13/05/26,1,1.00000714285714,1,0.000271033703475425,0.00054206740695085,0.0305806028880359,5.52558270350376e-05,0.131530131798973,0.000118830329133622,0.104443527123847,Intermediate,Linear,2.28084619012251,2.75476063856901,0.826428191570703,0.0275476063856901,1.03620221986569,0.000551175727801634,0.000575948890280664,0.00438433772663244,0.131530131798973,0.03,1,1.3729489294698,1.66127533309146,0.224206303205842
13/05/26,1,0.795460227272727,0.8,0.000685665332400864,0.00137133066480173,0.0483298344418265,0.000220920613316225,0.147506238749661,0.000337133047411626,0.210087471705904,Intermediate,Linear,2.03381228172418,3.08936344009732,0.926809032029196,0.0308936344009732,1.16206294288553,0.00175367553890832,0.0018347773390301,0.00491687462498871,0.147506238749661,0.03,1.25,0.96053982138029,2.11736383693245,0.308171183616391
13/05/26,1,1.41415151515152,1.4,0.000251066435670351,0.000502132871340702,0.0152918616788592,2.55951547098347e-05,0.107595984356256,9.00458009492271e-05,0.144579018378347,Intermediate,Linear,2.78820814545163,2.25348502672918,0.676045508018754,0.0225348502672918,0.847647579407784,0.000341662297893991,0.00035698081778537,0.00358653281187521,0.107595984356256,0.03,0.714285714285714,2.15413303251683,1.29435281078902,0.142493947163144
13/05/26,1,0.800005714285712,0.8,0.000651064423834046,0.00130212884766809,0.0477821920125564,0.000207395235414552,0.147104111727916,0.00031924751248585,0.200577900857587,Intermediate,Linear,2.03937195552277,3.08094131144849,0.924282393434547,0.0308094131144849,1.15889496223425,0.0016561126056375,0.00173304760668992,0.00490347039093054,0.147104111727916,0.03,1.25,0.96053982138029,2.12315190909233,0.308540567592719
13/05/26,1,1.00000714285714,1,0.000775998797596736,0.00155199759519347,0.0305806028880359,0.000158203407139328,0.131530131798973,0.000340224080412478,0.299033110737154,Intermediate,Linear,2.28084619012251,2.75476063856901,0.826428191570703,0.0275476063856901,1.03620221986569,0.00157807570259377,0.0016496381123219,0.00438433772663244,0.131530131798973,0.03,1,1.3729489294698,1.66127533309146,0.224206303205842
13/05/26,1,1.20690517241379,1.2,0.000294846972631379,0.000589693945262758,0.0209945200235414,4.12678044719336e-05,0.11854181946175,0.000116505655328375,0.13988212986302,Intermediate,Linear,2.53075244974454,2.48273406109468,0.744820218328404,0.0248273406109468,0.933879520936829,0.00048703046106531,0.000509011439008294,0.00395139398205834,0.11854181946175,0.03,0.833333333333333,1.77042109494224,1.42946356489675,0.17591460137071
13/05/26,1,0.800005714285712,0.8,0.00101042847892654,0.00202085695785308,0.0477821920125564,0.000321869917300155,0.147104111727916,0.000495460612856927,0.311289660209524,Intermediate,Linear,2.03937195552277,3.08094131144849,0.924282393434547,0.0308094131144849,1.15889496223425,0.00257022696953859,0.00268770058258351,0.00490347039093054,0.147104111727916,0.03,1.25,0.96053982138029,2.12315190909233,0.308540567592719
13/05/26,1,1.00000714285714,1,0.00167525845906665,0.0033505169181333,0.0305806028880359,0.000341536091143601,0.131530131798973,0.000734489886394604,0.645565108934311,Intermediate,Linear,2.28084619012251,2.75476063856901,0.826428191570703,0.0275476063856901,1.03620221986569,0.00340681542033988,0.00356507693909066,0.00438433772663244,0.131530131798973,0.03,1,1.3729489294698,1.66127533309146,0.224206303205842
13/05/26,1,1.41415151515152,1.4,0.000446337672146323,0.000892675344292646,0.0152918616788592,4.55022262968371e-05,0.107595984356256,0.000160080470632879,0.257027835408955,Intermediate,Linear,2.78820814545163,2.25348502672918,0.676045508018754,0.0225348502672918,0.847647579407784,0.000607396023666003,0.000634630047526706,0.00358653281187521,0.107595984356256,0.03,0.714285714285714,2.15413303251683,1.29435281078902,0.142493947163144
13/05/26,1,1.19658974358974,1.2,0.000723303090129324,0.00144660618025865,0.0213580547415471,0.000102988979958082,0.119134132678328,0.000287233621020373,0.33974779487491,Intermediate,Linear,2.51817000934588,2.49513944009352,0.748541832028057,0.0249513944009352,0.938545799769517,0.00120672694314471,0.00126095909436956,0.00397113775594428,0.119134132678328,0.03,0.833333333333333,1.77042109494224,1.42235653231868,0.175922331021513
13/05/26,1,1.00000714285714,1,0.00178639733346513,0.00357279466693026,0.0305806028880359,0.000364194049699622,0.131530131798973,0.000783216922386676,0.6883927569128,Intermediate,Linear,2.28084619012251,2.75476063856901,0.826428191570703,0.0275476063856901,1.03620221986569,0.00363282808665461,0.00379560104101325,0.00438433772663244,0.131530131798973,0.03,1,1.3729489294698,1.66127533309146,0.224206303205842
13/05/26,1,1.20690517241379,1.2,0.00138462600031792,0.00276925200063584,0.0209945200235414,0.000193797055258604,0.11854181946175,0.000547120284505774,0.656898160627655,Intermediate,Linear,2.53075244974454,2.48273406109468,0.744820218328404,0.0248273406109468,0.933879520936829,0.00228713570744692,0.00238975874289189,0.00395139398205834,0.11854181946175,0.03,0.833333333333333,1.77042109494224,1.42946356489675,0.17591460137071
13/05/26,1,1.40001,1.4,0.00210843067394331,0.00421686134788662,0.0156023484122632,0.00021930979985311,0.108290978908002,0.000761080072136596,1.19862548560737,Intermediate,Linear,2.7703138620149,2.26804095858284,0.680412287574851,0.0226804095858284,0.853122787920567,0.00290643195099905,0.00303878345510473,0.00360969929693339,0.108290978908002,0.03,0.714285714285714,2.15413303251683,1.28604585705561,0.142752654376357
13/05/26,1,1.00000714285714,1,0.00229810396262864,0.00459620792525728,0.0305806028880359,0.000468516031177121,0.131530131798973,0.00100756639030763,0.885580208204581,Intermediate,Linear,2.28084619012251,2.75476063856901,0.826428191570703,0.0275476063856901,1.03620221986569,0.00467343768661785,0.00488330075732308,0.00438433772663244,0.131530131798973,0.03,1,1.3729489294698,1.66127533309146,0.224206303205842
13/05/26,1,1.19658974358974,1.2,0.0013405207989778,0.0026810415979556,0.0213580547415471,0.000190872777378336,0.119134132678328,0.000532339275744934,0.629665477241675,Intermediate,Linear,2.51817000934588,2.49513944009352,0.748541832028057,0.0249513944009352,0.938545799769517,0.00223646571962406,0.0023381042756315,0.00397113775594428,0.119134132678328,0.03,0.833333333333333,1.77042109494224,1.42235653231868,0.175922331021513
13/05/26,1,1.41415151515152,1.4,0.00223183467718266,0.00446366935436532,0.0152918616788592,0.000227526047823723,0.107595984356256,0.000800454830039653,1.28522343477842,Intermediate,Linear,2.78820814545163,2.25348502672918,0.676045508018754,0.0225348502672918,0.847647579407784,0.00303717923222093,0.00317392968881762,0.00358653281187521,0.107595984356256,0.03,0.714285714285714,2.15413303251683,1.29435281078902,0.142493947163144
13/05/26,1,1.20690517241379,1.2,0.00112405134725871,0.00224810269451742,0.0209945200235414,0.000157326123450078,0.11854181946175,0.000444156972908264,0.533275600989542,Intermediate,Linear,2.53075244974454,2.48273406109468,0.744820218328404,0.0248273406109468,0.933879520936829,0.00185671652325533,0.001942540396097,0.00395139398205834,0.11854181946175,0.03,0.833333333333333,1.77042109494224,1.42946356489675,0.17591460137071
13/05/26,1,1.40001,1.4,0.00284369734710278,0.00568739469420556,0.0156023484122632,0.000295789045256841,0.108290978908002,0.00102648923145283,1.61661853800326,Intermediate,Linear,2.7703138620149,2.26804095858284,0.680412287574851,0.0226804095858284,0.853122787920567,0.00391998320396897,0.00409556833299925,0.00360969929693339,0.108290978908002,0.03,0.714285714285714,2.15413303251683,1.28604585705561,0.142752654376357
13/05/26,1,1.41415151515152,1.4,0.00366357192807595,0.0073271438561519,0.0152918616788592,0.000373485567831259,0.107595984356256,0.00131395209287093,2.1097030819968,Intermediate,Linear,2.78820814545163,2.25348502672918,0.676045508018754,0.0225348502672918,0.847647579407784,0.00498555053806487,0.00520882421443698,0.00358653281187521,0.107595984356256,0.03,0.714285714285714,2.15413303251683,1.29435281078902,0.142493947163144
13/05/26,1,0.648152777777776,0.6,0.000157831930619938,0.000315663861239876,0.0727943167522556,7.65951170077853e-05,0.162183487349273,8.53257764100333e-05,0.040002795373036,Intermediate,Linear,1.84975674714609,3.39676301593365,1.0190289047801,0.0339676301593365,1.27769118238036,0.000488005157948335,0.000510296502634509,0.00540611624497575,0.162183487349273,0.03,1.66666666666667,0.560721398798084,3.29888738170342,0.503059048060707
13/05/26,1,0.547608069164264,0.6,2.37225652121111e-23,4.74451304242222e-23,0.101979427464312,1.61280907887726e-23,0.174688943261144,1.38135661611575e-23,5.18250291156908e-21,Intermediate,Linear,1.71733822644704,3.65867667208382,1.09760300162515,0.0365867667208382,1.3762099096034,8.50959240681285e-23,9.61312268012855e-23,0.00582296477537146,0.174688943261144,0.03,1.66666666666667,0.560721398798084,3.06272995845742,0.480796495729101
13/05/26,1,0.598294871794871,0.6,0.000126565744159769,0.000253131488319538,0.0854322189661887,7.208528245784e-05,0.168065728324771,7.09045465772607e-05,0.0298721577566542,Intermediate,Linear,1.7850159160366,3.51996038283546,1.05598811485064,0.0351996038283546,1.32403182747233,0.000420233601180427,0.000439763530590287,0.00560219094415904,0.168065728324771,0.03,1.66666666666667,0.560721398798084,3.1834274915543,0.492605400462729
13/05/26,1,0.599432383207631,0.6,9.45087521300458e-06,1.89017504260092e-05,0.08510828612573,5.36231861177976e-06,0.167925022114073,5.29012809713713e-06,0.00223434350364859,Intermediate,Linear,1.78651160037488,3.51701343884983,1.05510403165495,0.0351701343884984,1.32292333555584,3.13270233948928e-05,3.32558680194498e-05,0.00559750073713577,0.167925022114073,0.03,1.66666666666667,0.560721398798084,3.18609492023008,0.492856386644186
13/05/26,1,1.40001,1.4,0.00168646689562887,0.00337293379125774,0.0156023484122632,0.000175418960608997,0.108290978908002,0.000608763836745297,0.95874255042652,Intermediate,Linear,2.7703138620149,2.26804095858284,0.680412287574851,0.0226804095858284,0.853122787920567,0.0023247628344311,0.00242897711310469,0.00360969929693339,0.108290978908002,0.03,0.714285714285714,2.15413303251683,1.28604585705561,0.142752654376357
13/05/26,1,1.40512402530013,1.4,0.00261415059601796,0.00522830119203592,0.0154889838955349,0.000269936909881501,0.108038851973461,0.000941432764265067,1.49306743186411,Intermediate,Linear,2.77677885797687,2.26276042441401,0.678828127324203,0.0226276042441401,0.851136516898974,0.00358679700468414,0.00374765564620732,0.00360129506578205,0.108038851973461,0.03,0.714285714285714,2.15413303251683,1.28904706258209,0.142661020134908
13/05/26,1,0.600862660944208,0.6,0.000997972652041615,0.00199594530408323,0.0847035892953353,0.00056354577097673,0.167748560115371,0.000558028251381665,0.236433918010074,Intermediate,Linear,1.78839090954742,3.51331762739144,1.05399528821743,0.0351331762739144,1.32153315740977,0.00330105314715773,0.00345303895712217,0.00559161867051238,0.167748560115371,0.03,1.66666666666667,0.560721398798084,3.18944651190568,0.493171122625164
13/05/26,1,0.629250713923199,0.6,0.00115731336770379,0.00231462673540758,0.0772333394439753,0.000595887841139447,0.16434755331074,0.000634005401319768,0.285649339688103,Intermediate,Linear,1.82539985510326,3.44208710744318,1.03262613223295,0.0344208710744318,1.29473982304192,0.00367446174029664,0.00385081876769969,0.00547825177702466,0.16434755331074,0.03,1.66666666666667,0.560721398798084,3.25544888961976,0.499225750029456
13/05/26,1,0.616744493392072,0.6,4.93015196845323e-05,9.86030393690646e-05,0.0803973411335507,2.64247406431987e-05,0.165822601674258,2.72510208686126e-05,0.0119531287603323,Intermediate,Linear,1.80916230339529,3.47298044812663,1.04189413443799,0.0347298044812663,1.30636034198903,0.000159354389173752,0.000166627455560528,0.00552742005580859,0.165822601674258,0.03,1.66666666666667,0.560721398798084,3.22649056603379,0.496603118513219
13/05/26,1,0.598553615960101,0.6,3.24802296091148e-06,6.49604592182296e-06,0.085358373249544,1.84830637480381e-06,0.168033694102168,1.81925765550206e-06,0.000766893543303201,Intermediate,Linear,1.78535621443633,3.51928945964618,1.05578683789385,0.0351928945964618,1.32377945995685,1.07802321946782e-05,1.14967998848304e-05,0.00560112313673894,0.168033694102168,0.03,1.66666666666667,0.560721398798084,3.18403438546001,0.492662543605757
13/05/26,1,0.800005714285712,0.8,0.00012298711816217,0.00024597423632434,0.0477821920125564,3.91772939673051e-05,0.147104111727916,6.03063692374076e-05,0.037889488490589,Intermediate,Linear,2.03937195552277,3.08094131144849,0.924282393434547,0.0308094131144849,1.15889496223425,0.000312842338274217,0.000327410881653157,0.00490347039093054,0.147104111727916,0.03,1.25,0.96053982138029,2.12315190909233,0.308540567592719
13/05/26,1,0.801772151898731,0.8,8.82965084794207e-06,1.76593016958841e-05,0.0475718796870911,2.80028725211548e-06,0.146948531228452,4.32501407788381e-06,0.00272597439565851,Intermediate,Linear,2.04153112312234,3.07768284108743,0.92330485232623,0.0307768284108743,1.15766928978408,2.24125000705885e-05,2.38742062279103e-05,0.00489828437428173,0.146948531228452,0.03,1.25,0.96053982138029,2.12539977800053,0.308682899919463
13/05/26,1,0.598294871794871,0.6,0.000162927771437835,0.00032585554287567,0.0854322189661887,9.27952069676684e-05,0.168065728324771,9.12752485701052e-05,0.0384543552731558,Intermediate,Linear,1.7850159160366,3.51996038283546,1.05598811485064,0.0351996038283546,1.32403182747233,0.000540965682129545,0.00056689649260105,0.00560219094415904,0.168065728324771,0.03,1.66666666666667,0.560721398798084,3.1834274915543,0.492605400462729
13/05/26,1,0.598073089700997,0.6,0.000131604204407842,0.000263208408815684,0.0854955919880883,7.50105290931322e-05,0.16809319976858,7.3739239406375e-05,0.0310511876865088,Intermediate,Linear,1.78472419118096,3.52053574340916,1.05616072302275,0.0352053574340916,1.32424824914445,0.000437105556182533,0.000456744419103119,0.00560310665895268,0.16809319976858,0.03,1.66666666666667,0.560721398798084,3.18290722452639,0.492556395675959
13/05/26,1,0.800005714285712,0.8,0.000149632995414526,0.000299265990829052,0.0477821920125564,4.76652834554056e-05,0.147104111727916,7.33720962521373e-05,0.0460984674028646,Intermediate,Linear,2.03937195552277,3.08094131144849,0.924282393434547,0.0308094131144849,1.15889496223425,0.000380621457498745,0.000398774714536187,0.00490347039093054,0.147104111727916,0.03,1.25,0.96053982138029,2.12315190909233,0.308540567592719
13/05/26,1,0.803750000000001,0.8,3.87038483837713e-05,7.74076967675426e-05,0.0473380403469957,1.22144289091665e-05,0.146774786028911,1.89358302167448e-05,0.0119773289908041,Intermediate,Linear,2.04394779319186,3.07404393013761,0.922213179041282,0.0307404393013761,1.15630051474377,9.80106649793331e-05,0.000102893023151093,0.00489249286763037,0.146774786028911,0.03,1.25,0.96053982138029,2.12791572790258,0.308841461012366
13/05/26,1,0.600862660944208,0.6,0.000197235789104746,0.000394471578209492,0.0847035892953353,0.000111377195164465,0.167748560115371,0.000110286732085134,0.0467279642327306,Intermediate,Linear,1.78839090954742,3.51331762739144,1.05399528821743,0.0351331762739144,1.32153315740977,0.000652408481359077,0.000682440415201932,0.00559161867051238,0.167748560115371,0.03,1.66666666666667,0.560721398798084,3.18944651190568,0.493171122625164
13/05/26,1,0.642037577750242,0.6,0.000759873314573519,0.00151974662914704,0.0741876052036469,0.000375821209775779,0.162875276460523,0.000412548587287121,0.190958767209854,Intermediate,Linear,1.84190017367499,3.41125181319858,1.02337554395957,0.0341125181319858,1.28314113824182,0.00236956048591696,0.00247701616682771,0.00542917588201745,0.162875276460523,0.03,1.66666666666667,0.560721398798084,3.2848758360625,0.501835895696549
13/05/26,1,1.00000714285714,1,0.000100401562668445,0.00020080312533689,0.0305806028880359,2.04689354486798e-05,0.131530131798973,4.40194359020115e-05,0.0386899975883966,Intermediate,Linear,2.28084619012251,2.75476063856901,0.826428191570703,0.0275476063856901,1.03620221986569,0.000204177206253683,0.000215227615745537,0.00438433772663244,0.131530131798973,0.03,1,1.3729489294698,1.66127533309146,0.224206303205842
13/05/26,1,1.00028571428571,1,5.62415300772654e-05,0.000112483060154531,0.0305635723618737,1.14596138283933e-05,0.131510845992455,2.46545706679042e-05,0.0216791737073876,Intermediate,Linear,2.28118067172355,2.75435671758183,0.826307015274549,0.0275435671758183,1.03605028513215,0.00011433956736936,0.00012019289494688,0.00438369486641516,0.131510845992455,0.03,1,1.3729489294698,1.66151895584673,0.224213899382866
13/05/26,1,0.590721518987341,0.6,0.00016053632418298,0.00032107264836596,0.0876368307968415,9.37926311944714e-05,0.169010874276118,9.04412816774658e-05,0.0374673311653668,Intermediate,Linear,1.77503371475306,3.53975547335093,1.06192664200528,0.0353975547335093,1.33147774362468,0.000539037383419285,0.000563982424785963,0.00563369580920393,0.169010874276118,0.03,1.66666666666667,0.560721398798084,3.16562506542086,0.490919068176216
13/05/26,1,0.652492046659597,0.6,0.000910854120115436,0.00182170824023087,0.0718293278730441,0.000436173594921898,0.161697294959872,0.0004909421577524,0.232248040664622,Intermediate,Linear,1.85531860674881,3.38658022634183,1.01597406790255,0.0338658022634183,1.27386092975088,0.00279943643441955,0.00292835599404107,0.00538990983199572,0.161697294959872,0.03,1.66666666666667,0.560721398798084,3.30880649592777,0.503917222766437
13/05/26,1,0.800005714285712,0.8,0.000137659300338719,0.000275318600677438,0.0477821920125564,4.38510874739922e-05,0.147104111727916,6.75008303247123e-05,0.0424096486993773,Intermediate,Linear,2.03937195552277,3.08094131144849,0.924282393434547,0.0308094131144849,1.15889496223425,0.000350163968769245,0.000367334644640753,0.00490347039093054,0.147104111727916,0.03,1.25,0.96053982138029,2.12315190909233,0.308540567592719
13/05/26,1,0.802075471698115,0.8,8.08525712781821e-05,0.000161705142556364,0.0475359061032548,2.56226682432426e-05,0.146921854754233,3.95966991127978e-05,0.0249706456808025,Intermediate,Linear,2.04190180216437,3.0771241303179,0.923137239095371,0.030771241303179,1.15745913092979,0.00020515538201805,0.00021436356364994,0.00489739515847444,0.146921854754233,0.03,1.25,0.96053982138029,2.12578568500176,0.308707271854193
13/05/26,1,1.20690517241379,1.2,0.000140368722855405,0.00028073744571081,0.0209945200235414,1.96464930844449e-05,0.11854181946175,5.54652126760062e-05,0.0665941242127455,Intermediate,Linear,2.53075244974454,2.48273406109468,0.744820218328404,0.0248273406109468,0.933879520936829,0.000231862118852025,0.00024313515987789,0.00395139398205834,0.11854181946175,0.03,0.833333333333333,1.77042109494224,1.42946356489675,0.17591460137071
13/05/26,1,1.20983870967742,1.2,7.07883682759503e-05,0.000141576736551901,0.0208928311970655,9.85979619403423e-06,0.118374295296232,2.79317440327858e-05,0.0336787395538171,Intermediate,Linear,2.53433398905776,2.47922544317673,0.74376763295302,0.0247922544317673,0.93255975557343,0.000116598506871185,0.000121829199452006,0.00394580984320772,0.118374295296232,0.03,0.833333333333333,1.77042109494224,1.43148655215297,0.175910320901164
13/05/26,1,1.00000714285714,1,0.000151533891290198,0.000303067782580396,0.0305806028880359,3.08933183574956e-05,0.131530131798973,6.64375756447034e-05,0.0583939704996319,Intermediate,Linear,2.28084619012251,2.75476063856901,0.826428191570703,0.0275476063856901,1.03620221986569,0.000308160209403852,0.000322948355934099,0.00438433772663244,0.131530131798973,0.03,1,1.3729489294698,1.66127533309146,0.224206303205842
13/05/26,1,1.00033333333333,1,7.51302623533353e-05,0.000150260524706671,0.030560662584666,1.53068706511848e-05,0.131507549835546,3.29339890686297e-05,0.0289615815019103,Intermediate,Linear,2.28123784813235,2.75428768303297,0.826286304909892,0.0275428768303297,1.03602431781152,0.000152732883934928,0.000159796498582824,0.00438358499451821,0.131507549835546,0.03,1,1.3729489294698,1.66156060081078,0.224215196771829
13/05/26,1,0.800005714285712,0.8,0.00048070277056652,0.00096140554113304,0.0477821920125564,0.000153126880561182,0.147104111727916,0.000235711180231121,0.148093413074027,Intermediate,Linear,2.03937195552277,3.08094131144849,0.924282393434547,0.0308094131144849,1.15889496223425,0.00122276366017967,0.00127862950971475,0.00490347039093054,0.147104111727916,0.03,1.25,0.96053982138029,2.12315190909233,0.308540567592719
13/05/26,1,0.776361015633664,0.8,0.000524288069728143,0.00104857613945629,0.0507370027859009,0.000177338701696076,0.149224640285765,0.000260788995371001,0.156963124429588,Intermediate,Linear,2.01039184564627,3.12535355770893,0.93760606731268,0.0312535355770893,1.17560061263449,0.00137235772379379,0.00143408797692148,0.00497415467619218,0.149224640285765,0.03,1.25,0.96053982138029,2.09298126001413,0.306569619077356
13/05/26,1,1.41415151515152,1.4,0.000315360157873209,0.000630720315746418,0.0152918616788592,3.21496260881353e-05,0.107595984356256,0.000113104955377041,0.181603175825599,Intermediate,Linear,2.78820814545163,2.25348502672918,0.676045508018754,0.0225348502672918,0.847647579407784,0.000429156035594671,0.000448955690700897,0.00358653281187521,0.107595984356256,0.03,0.714285714285714,2.15413303251683,1.29435281078902,0.142493947163144
13/05/26,1,1.4065625,1.4,0.000116555792265019,0.000233111584530038,0.0154573192969782,1.20109339796844e-05,0.107968096414189,4.19476900563392e-05,0.0666579131144153,Intermediate,Linear,2.77859858572606,2.26127852344594,0.678383557033781,0.0226127852344594,0.850579100384726,0.000159713278138476,0.000166996602288685,0.00359893654713963,0.107968096414189,0.03,0.714285714285714,2.15413303251683,1.2898918236631,0.142634852260497
13/05/26,1,0.800005714285712,0.8,0.000976467544957739,0.00195293508991548,0.0477821920125564,0.000311051731514668,0.147104111727916,0.000478807969440491,0.300827081396646,Intermediate,Linear,2.03937195552277,3.08094131144849,0.924282393434547,0.0308094131144849,1.15889496223425,0.00248384054019917,0.00259720100009488,0.00490347039093054,0.147104111727916,0.03,1.25,0.96053982138029,2.12315190909233,0.308540567592719
13/05/26,1,0.812304395847142,0.8,0.000223038214611192,0.000446076429222384,0.0463462543175134,6.89132387792963e-05,0.146028793439293,0.000108566671235088,0.0697286130966489,Intermediate,Linear,2.05438936345602,3.05841989787644,0.917525969362931,0.0305841989787644,1.15042354064823,0.000559078186686463,0.000585202564704702,0.00486762644797645,0.146028793439293,0.03,1.25,0.96053982138029,2.1387862509478,0.309517474241904
13/05/26,1,1.00000714285714,1,0.000470202695632086,0.000940405391264172,0.0305806028880359,9.58605460800589e-05,0.131530131798973,0.000206152741762403,0.181193804922526,Intermediate,Linear,2.28084619012251,2.75476063856901,0.826428191570703,0.0275476063856901,1.03620221986569,0.000956206957496723,0.00099928349200028,0.00438433772663244,0.131530131798973,0.03,1,1.3729489294698,1.66127533309146,0.224206303205842
13/05/26,1,1.00011441647597,1,0.000259057747008638,0.000518115494017276,0.0305740430065888,5.28029513215474e-05,0.131522704463151,0.000113573251662356,0.099839837167102,Intermediate,Linear,2.28097499381981,2.7546050808113,0.826381524243391,0.027546050808113,1.03614370687127,0.000526761856388662,0.000556411792150496,0.00438409014877169,0.131522704463151,0.03,1,1.3729489294698,1.6613691484509,0.224209229682737
13/05/26,1,1.20690517241379,1.2,0.000107448032268773,0.000214896064537546,0.0209945200235414,1.50387990997125e-05,0.11854181946175,4.2456950809084e-05,0.0509757976119267,Intermediate,Linear,2.53075244974454,2.48273406109468,0.744820218328404,0.0248273406109468,0.933879520936829,0.000177483472966992,0.000187297173313608,0.00395139398205834,0.11854181946175,0.03,0.833333333333333,1.77042109494224,1.42946356489675,0.17591460137071
13/05/26,1,1.2026582278481,1.2,4.39002366224618e-05,8.78004732449236e-05,0.021143057638707,6.18790155507724e-06,0.118785066897086,1.73823084799901e-05,0.0207420610807983,Intermediate,Linear,2.52556998818645,2.48782862346705,0.746348587040115,0.0248782862346705,0.935795838734311,7.28126485105787e-05,7.64947839777227e-05,0.00395950222990287,0.118785066897086,0.03,0.833333333333333,1.77042109494224,1.42653631692569,0.175919165009995
13/05/26,1,0.800005714285712,0.8,0.000916677173010299,0.0018333543460206,0.0477821920125564,0.00029200563129537,0.147104111727916,0.000449489937589791,0.28240704974127,Intermediate,Linear,2.03937195552277,3.08094131144849,0.924282393434547,0.0308094131144849,1.15889496223425,0.0023317517682543,0.00243743056002157,0.00490347039093054,0.147104111727916,0.03,1.25,0.96053982138029,2.12315190909233,0.308540567592719
13/05/26,1,0.81774130046337,0.8,0.00136050458620346,0.00272100917240692,0.0457320197289288,0.000414790817183699,0.145559212067412,0.000660113251939586,0.428084357798305,Intermediate,Linear,2.0610169273317,3.048585008622,0.914575502586599,0.03048585008622,1.14672415060508,0.00338840782767295,0.00354098637849185,0.00485197373558039,0.145559212067412,0.03,1.25,0.96053982138029,2.14568608344632,0.309938895400732
13/05/26,1,1.00000714285714,1,0.00126723534877079,0.00253447069754158,0.0305806028880359,0.000258352139776275,0.131530131798973,0.000555598774813799,0.488332365401342,Intermediate,Linear,2.28084619012251,2.75476063856901,0.826428191570703,0.0275476063856901,1.03620221986569,0.00257705723199118,0.00269367442792417,0.00438433772663244,0.131530131798973,0.03,1,1.3729489294698,1.66127533309146,0.224206303205842
13/05/26,1,1.03476371537208,1,0.000376303399140375,0.00075260679828075,0.0285607668734876,7.16500910436613e-05,0.129166127102173,0.000162018842274485,0.150365985966421,Intermediate,Linear,2.32259034725639,2.70524903997888,0.811574711993665,0.0270524903997888,1.01757844992724,0.000737992063572854,0.000773386774406885,0.00430553757007244,0.129166127102173,0.03,1,1.3729489294698,1.6916800744754,0.22506913725248
13/05/26,1,1.41415151515152,1.4,0.000227204784028632,0.000454409568057264,0.0152918616788592,2.31625608676061e-05,0.107595984356256,8.14877412933709e-05,0.13083805709838,Intermediate,Linear,2.78820814545163,2.25348502672918,0.676045508018754,0.0225348502672918,0.847647579407784,0.000309190308120894,0.000323427601754859,0.00358653281187521,0.107595984356256,0.03,0.714285714285714,2.15413303251683,1.29435281078902,0.142493947163144
13/05/26,1,1.40755555555555,1.4,7.95859333451869e-05,0.000159171866690374,0.0154355161618905,8.18966640272517e-06,0.107919291651091,2.8629525173345e-05,0.0455561361881066,Intermediate,Linear,2.77985516222546,2.26025635887788,0.678076907663363,0.0226025635887788,0.850194613551401,0.000108955901960208,0.000113878278020235,0.00359730972170303,0.107919291651091,0.03,0.714285714285714,2.15413303251683,1.29047515648444,0.142616686628192
13/05/26,1,1.19658974358974,1.2,0.000438498649538368,0.000876997299076736,0.0213580547415471,6.24365210728997e-05,0.119134132678328,0.000174133854311239,0.205970292771249,Intermediate,Linear,2.51817000934588,2.49513944009352,0.748541832028057,0.0249513944009352,0.938545799769517,0.000731571788025831,0.0007646762798309,0.00397113775594428,0.119134132678328,0.03,0.833333333333333,1.77042109494224,1.42235653231868,0.175922331021513
13/05/26,1,1.19432835820896,1.2,0.000552421130042182,0.00110484226008436,0.0214390115701788,7.8955753323904e-05,0.11926466123988,0.000219614396454109,0.258913958715929,Intermediate,Linear,2.51541401183878,2.49787322389388,0.749361967168165,0.0249787322389388,0.939574111559262,0.000923655698617128,0.000965425676198232,0.003975488707996,0.11926466123988,0.03,0.833333333333333,1.77042109494224,1.42079984192735,0.175922500610645
13/05/26,1,1.00000714285714,1,0.0014787306124739,0.0029574612249478,0.0305806028880359,0.00030146982425631,0.131530131798973,0.000648325441179562,0.569832603297563,Intermediate,Linear,2.28084619012251,2.75476063856901,0.826428191570703,0.0275476063856901,1.03620221986569,0.0030071552397422,0.00314245754571714,0.00438433772663244,0.131530131798973,0.03,1,1.3729489294698,1.66127533309146,0.224206303205842
13/05/26,1,1.02054767764366,1,0.00107576962479034,0.00215153924958068,0.0293620010463685,0.000210578325658303,0.130122915446081,0.000466607599753519,0.423565372210347,Intermediate,Linear,2.30551243777128,2.72528796819396,0.817586390458188,0.0272528796819396,1.02511608554229,0.00214113042188706,0.00223776941752646,0.00433743051486937,0.130122915446081,0.03,1,1.3729489294698,1.679241221785,0.22473689322962
13/05/26,1,1.20690517241379,1.2,0.00129584140898169,0.00259168281796338,0.0209945200235414,0.000181370456054668,0.11854181946175,0.000512037994515225,0.614776725144386,Intermediate,Linear,2.53075244974454,2.48273406109468,0.744820218328404,0.0248273406109468,0.933879520936829,0.00214048064747438,0.00223657933795888,0.00395139398205834,0.11854181946175,0.03,0.833333333333333,1.77042109494224,1.42946356489675,0.17591460137071
13/05/26,1,1.20506024096386,1.2,0.00130449632578683,0.00260899265157366,0.0210588539035462,0.000183141316949718,0.118647384706949,0.000515916924714773,0.617782016273565,Intermediate,Linear,2.52850073974221,2.48494501441996,0.745483504325987,0.0248494501441996,0.934711170232087,0.00215861640757793,0.00225583969253556,0.00395491282356498,0.118647384706949,0.03,0.833333333333333,1.77042109494224,1.42819171493475,0.175916821286373
13/05/26,1,1.41415151515152,1.4,0.00142480434578973,0.00284960869157946,0.0152918616788592,0.000145252739835026,0.107595984356256,0.000511010753667726,0.820487267226574,Intermediate,Linear,2.78820814545163,2.25348502672918,0.676045508018754,0.0225348502672918,0.847647579407784,0.00193893670228,0.00202689314197449,0.00358653281187521,0.107595984356256,0.03,0.714285714285714,2.15413303251683,1.29435281078902,0.142493947163144
13/05/26,1,1.40656830013581,1.4,0.000676552492191021,0.00135310498438204,0.0154571918174008,6.97173443089142e-05,0.107967811261899,0.000243486305952159,0.38692041449777,Intermediate,Linear,2.77860592424427,2.26127255123034,0.678381765369103,0.0226127255123034,0.850576853937987,0.000927056849779839,0.000971165310941284,0.0035989270420633,0.107967811261899,0.03,0.714285714285714,2.15413303251683,1.28989523037852,0.142634746398974
13/05/26,1,1.00000714285714,1,0.0024676158447392,0.0049352316894784,0.0305806028880359,0.000503074534854631,0.131530131798973,0.00108188612429261,0.950902043201512,Intermediate,Linear,2.28084619012251,2.75476063856901,0.826428191570703,0.0275476063856901,1.03620221986569,0.0050181580435154,0.00524450745330814,0.00438433772663244,0.131530131798973,0.03,1,1.3729489294698,1.66127533309146,0.224206303205842
13/05/26,1,1.00857267016948,1,0.00243516375320317,0.00487032750640634,0.0300633834362895,0.000488061744284671,0.130939683340476,0.00106286523575543,0.946878682302747,Intermediate,Linear,2.29113124720123,2.7423943149721,0.822718294491629,0.027423943149721,1.03155063170834,0.00490780182279052,0.00512780000815626,0.00436465611134921,0.130939683340476,0.03,1,1.3729489294698,1.66876654915781,0.224434833474001
13/05/26,1,1.19658974358974,1.2,0.000920322770726527,0.00184064554145305,0.0213580547415471,0.00013104202744713,0.119134132678328,0.000365472850248737,0.432291298342993,Intermediate,Linear,2.51817000934588,2.49513944009352,0.748541832028057,0.0249513944009352,0.938545799769517,0.00153542588021672,0.0016044522478901,0.00397113775594428,0.119134132678328,0.03,0.833333333333333,1.77042109494224,1.42235653231868,0.175922331021513
13/05/26,1,1.19586956521739,1.2,0.000916126389691232,0.00183225277938246,0.0213837870473367,0.000130601677504018,0.119175675120727,0.000363933269957888,0.430020235542343,Intermediate,Linear,2.51729222172306,2.49600950297253,0.748802850891758,0.0249600950297253,0.938873073607404,0.00152949094218073,0.00159803595386607,0.00397252250402422,0.119175675120727,0.03,0.833333333333333,1.77042109494224,1.42186072506394,0.175922444574962
13/05/26,1,1.41415151515152,1.4,0.00218656775763076,0.00437313551526152,0.0152918616788592,0.000222911278007619,0.107595984356256,0.000784219700813112,1.25915604438293,Intermediate,Linear,2.78820814545163,2.25348502672918,0.676045508018754,0.0225348502672918,0.847647579407784,0.0029755780081808,0.00310903277792856,0.00358653281187521,0.107595984356256,0.03,0.714285714285714,2.15413303251683,1.29435281078902,0.142493947163144
13/05/26,1,1.4087323943662,1.4,0.00170116286468571,0.00340232572937142,0.0154097376292316,0.000174763156062658,0.107861498547627,0.000611633252861918,0.974813949329029,Intermediate,Linear,2.78134463213982,2.25904594294941,0.677713782884824,0.0225904594294941,0.84973931603681,0.00232645720154521,0.00243087021246637,0.00359538328492091,0.107861498547627,0.03,0.714285714285714,2.15413303251683,1.29116660399111,0.142595052822682
13/05/26,1,1.20690517241379,1.2,0.000986534926866536,0.00197306985373307,0.0209945200235414,0.000138078848506816,0.11854181946175,0.00038981881731108,0.468034674132053,Intermediate,Linear,2.53075244974454,2.48273406109468,0.744820218328404,0.0248273406109468,0.933879520936829,0.00162956585920091,0.00170289493739971,0.00395139398205834,0.11854181946175,0.03,0.833333333333333,1.77042109494224,1.42946356489675,0.17591460137071
13/05/26,1,1.21073684210526,1.2,0.000947626989291204,0.00189525397858241,0.0208618458190203,0.000131794987630236,0.118323086818035,0.000373753835083387,0.451239573654369,Intermediate,Linear,2.53543081124447,2.47815293531737,0.743445880595211,0.0247815293531737,0.932156332129253,0.00155952620826204,0.00162963613293085,0.00394410289393449,0.118323086818035,0.03,0.833333333333333,1.77042109494224,1.43210607831533,0.175908826153462
13/05/26,1,1.40001,1.4,0.00266483604988437,0.00532967209976874,0.0156023484122632,0.000277184670079035,0.108290978908002,0.000961925681571036,1.51493736257537,Intermediate,Linear,2.7703138620149,2.26804095858284,0.680412287574851,0.0226804095858284,0.853122787920567,0.00367342627636534,0.00383816085780497,0.00360969929693339,0.108290978908002,0.03,0.714285714285714,2.15413303251683,1.28604585705561,0.142752654376357
13/05/26,1,1.39735294117647,1.4,0.00384499443539201,0.00768998887078402,0.0156617403823376,0.000401462030790951,0.108422332859001,0.0013896108883836,2.18055457936352,Intermediate,Linear,2.7669576192401,2.27079202929938,0.681237608789813,0.0227079202929938,0.854157602177593,0.00531311828712211,0.005551385681592,0.00361407776196672,0.108422332859001,0.03,0.714285714285714,2.15413303251683,1.28448780900373,0.142799402140149
13/05/26,1,1.41415151515152,1.4,0.0014236791164617,0.0028473582329234,0.0152918616788592,0.000145138027493418,0.107595984356256,0.00051060718647714,0.819839293110628,Intermediate,Linear,2.78820814545163,2.25348502672918,0.676045508018754,0.0225348502672918,0.847647579407784,0.00193740544049725,0.00202421831280628,0.00358653281187521,0.107595984356256,0.03,0.714285714285714,2.15413303251683,1.29435281078902,0.142493947163144
13/05/26,1,1.41200043216485,1.4,0.00235718712300259,0.00471437424600518,0.0153384893124403,0.000241037929957314,0.107701258248692,0.000846240063583309,1.35475651032035,Intermediate,Linear,2.78548277780816,2.25568987797645,0.676706963392934,0.0225568987797645,0.848476933408601,0.00321404452089988,0.00335801690717583,0.00359004194162306,0.107701258248692,0.03,0.714285714285714,2.15413303251683,1.29308763004004,0.142534372431158
13/05/26,1,0.660382075471699,0.6,9.97260405486606e-05,0.000199452081097321,0.0701231947040755,4.66207237230684e-05,0.160823013323932,5.34608078263342e-05,0.0257051964357099,Intermediate,Linear,1.86540466939104,3.36826931457759,1.01048079437328,0.0336826931457759,1.26697328690009,0.000303194445670222,0.000318660957077858,0.00536076711079774,0.160823013323932,0.03,1.66666666666667,0.560721398798084,3.32679415016007,0.505457036425452
13/05/26,1,0.622226666666665,0.6,4.46912320047938e-05,8.93824640095876e-05,0.0789868888370828,2.35334758290328e-05,0.165171624457767,2.46057446308358e-05,0.0109209441928861,Intermediate,Linear,1.81629260464594,3.45934641318676,1.03780392395603,0.0345934641318676,1.30123190466761,0.000143320885046232,0.000150217950068516,0.00550572081525891,0.165171624457767,0.03,1.66666666666667,0.560721398798084,3.23920686554713,0.497761338592823
13/05/26,1,1.40001,1.4,0.000653222089489886,0.00130644417897977,0.0156023484122632,6.79453242053852e-05,0.108290978908002,0.0002357935317173,0.371351381812296,Intermediate,Linear,2.7703138620149,2.26804095858284,0.680412287574851,0.0226804095858284,0.853122787920567,0.000900454340498184,0.000940800761190206,0.00360969929693339,0.108290978908002,0.03,0.714285714285714,2.15413303251683,1.28604585705561,0.142752654376357
13/05/26,1,0.600862660944208,0.6,0.00018295341775744,0.00036590683551488,0.0847035892953353,0.000103312074386027,0.167748560115371,0.000102300574656655,0.0433442672855145,Intermediate,Linear,1.78839090954742,3.51331762739144,1.05399528821743,0.0351331762739144,1.32153315740977,0.000605165837195984,0.000634157249329738,0.00559161867051238,0.167748560115371,0.03,1.66666666666667,0.560721398798084,3.18944651190568,0.493171122625164
13/05/26,1,0.595748936170213,0.6,6.45354768338321e-05,0.000129070953667664,0.0861639691067235,3.70708855479865e-05,0.168381830336483,3.62220057030612e-05,0.0151745846310266,Intermediate,Linear,1.78166491836144,3.52658080788733,1.0579742423662,0.0352658080788733,1.32652209796595,0.000215082586051284,0.00022546789157958,0.00561272767788278,0.168381830336483,0.03,1.66666666666667,0.560721398798084,3.17745126578095,0.492041482206934
13/05/26,1,0.843379518072286,0.8,3.47193555192852e-05,6.94387110385704e-05,0.0429938312848328,9.95145409009518e-06,0.143390675640623,1.65947728190576e-05,0.0112574123360742,Intermediate,Linear,2.09218625032414,3.00316728790572,0.900950186371715,0.0300316728790572,1.1296402913512,8.39130972614168e-05,8.76969322922272e-05,0.00477968918802076,0.143390675640623,0.03,1.25,0.96053982138029,2.17813588125652,0.311840554061381
13/05/26,1,0.598294871794871,0.6,5.49107977199457e-05,0.000109821595439891,0.0854322189661887,3.127434196279e-05,0.168065728324771,3.07620773723228e-05,0.0129600945573656,Intermediate,Linear,1.7850159160366,3.51996038283546,1.05598811485064,0.0351996038283546,1.32403182747233,0.000182319176667692,0.000191977038059756,0.00560219094415904,0.168065728324771,0.03,1.66666666666667,0.560721398798084,3.1834274915543,0.492605400462729
13/05/26,1,0.800005714285712,0.8,8.15009180959484e-05,0.000163001836191897,0.0477821920125564,2.59619501177349e-05,0.147104111727916,3.99637338717138e-05,0.0251085491254216,Intermediate,Linear,2.03937195552277,3.08094131144849,0.924282393434547,0.0308094131144849,1.15889496223425,0.000207313889207582,0.000218092301586323,0.00490347039093054,0.147104111727916,0.03,1.25,0.96053982138029,2.12315190909233,0.308540567592719
13/05/26,1,0.600862660944208,0.6,0.000142021214562111,0.000284042429124222,0.0847035892953353,8.0198044196625e-05,0.167748560115371,7.94128474954345e-05,0.0336468460641436,Intermediate,Linear,1.78839090954742,3.51331762739144,1.05399528821743,0.0351331762739144,1.32153315740977,0.000469771968534736,0.000492121413207544,0.00559161867051238,0.167748560115371,0.03,1.66666666666667,0.560721398798084,3.18944651190568,0.493171122625164
13/05/26,1,1.00000714285714,1,9.53341485076008e-05,0.000190668297015202,0.0305806028880359,1.94358382478665e-05,0.131530131798973,4.17977103938254e-05,0.0367372566503904,Intermediate,Linear,2.28084619012251,2.75476063856901,0.826428191570703,0.0275476063856901,1.03620221986569,0.000193872083118218,0.000203776657786302,0.00438433772663244,0.131530131798973,0.03,1,1.3729489294698,1.66127533309146,0.224206303205842
13/05/26,1,0.598294871794871,0.6,0.000141430416041855,0.00028286083208371,0.0854322189661887,8.05514284784462e-05,0.168065728324771,7.92320195978325e-05,0.0333805306296651,Intermediate,Linear,1.7850159160366,3.51996038283546,1.05598811485064,0.0351996038283546,1.32403182747233,0.000469588461271868,0.0004922213898813,0.00560219094415904,0.168065728324771,0.03,1.66666666666667,0.560721398798084,3.1834274915543,0.492605400462729
13/05/26,1,0.800005714285712,0.8,0.00010086689778569,0.00020173379557138,0.0477821920125564,3.21309431847116e-05,0.147104111727916,4.94597846717148e-05,0.0310747598597516,Intermediate,Linear,2.03937195552277,3.08094131144849,0.924282393434547,0.0308094131144849,1.15889496223425,0.00025657513265847,0.000270059924184182,0.00490347039093054,0.147104111727916,0.03,1.25,0.96053982138029,2.12315190909233,0.308540567592719
13/05/26,1,1.12904032258064,1.2,3.13783526399755e-05,6.2756705279951e-05,0.0239901709186959,5.01848028653417e-06,0.123143792083083,1.28801644446894e-05,0.0137947499980981,Intermediate,Linear,2.43617639935592,2.57911755028936,0.773735265086808,0.0257911755028936,0.970134135607745,5.5933430965286e-05,5.8486638440788e-05,0.00410479306943611,0.123143792083083,0.03,0.833333333333333,1.77042109494224,1.37604347706634,0.175690081796696
13/05/26,1,1.00000714285714,1,5.72418779236181e-05,0.000114483755847236,0.0305806028880359,1.16699409156506e-05,0.131530131798973,2.50967724923807e-05,0.0220583032769482,Intermediate,Linear,2.28084619012251,2.75476063856901,0.826428191570703,0.0275476063856901,1.03620221986569,0.000116407418415928,0.000122645981205213,0.00438433772663244,0.131530131798973,0.03,1,1.3729489294698,1.66127533309146,0.224206303205842
13/05/26,1,0.800005714285712,0.8,0.000326385282591787,0.000652770565183574,0.0477821920125564,0.000103969361619155,0.147104111727916,0.000160042056922432,0.100551761786569,Intermediate,Linear,2.03937195552277,3.08094131144849,0.924282393434547,0.0308094131144849,1.15889496223425,0.000830226258734414,0.000869172347184662,0.00490347039093054,0.147104111727916,0.03,1.25,0.96053982138029,2.12315190909233,0.308540567592719
13/05/26,1,1.40001,1.4,0.000115952054375753,0.000231904108751506,0.0156023484122632,1.20608290099213e-05,0.108290978908002,4.18552049158138e-05,0.0659177886192366,Intermediate,Linear,2.7703138620149,2.26804095858284,0.680412287574851,0.0226804095858284,0.853122787920567,0.000159837721859443,0.000168253275737897,0.00360969929693339,0.108290978908002,0.03,0.714285714285714,2.15413303251683,1.28604585705561,0.142752654376357
13/05/26,1,0.800005714285712,0.8,0.000710171858147121,0.00142034371629424,0.0477821920125564,0.000226223787252664,0.147104111727916,0.000348230667889653,0.218787535212629,Intermediate,Linear,2.03937195552277,3.08094131144849,0.924282393434547,0.0308094131144849,1.15889496223425,0.0018064641890896,0.00188996340929428,0.00490347039093054,0.147104111727916,0.03,1.25,0.96053982138029,2.12315190909233,0.308540567592719
13/05/26,1,1.00000714285714,1,0.000319696505081995,0.00063939301016399,0.0305806028880359,6.51767457773696e-05,0.131530131798973,0.000140165744830353,0.123195861517489,Intermediate,Linear,2.28084619012251,2.75476063856901,0.826428191570703,0.0275476063856901,1.03620221986569,0.000650136686340872,0.000679465146449999,0.00438433772663244,0.131530131798973,0.03,1,1.3729489294698,1.66127533309146,0.224206303205842
13/05/26,1,1.20690517241379,1.2,0.00010389138782574,0.00020778277565148,0.0209945200235414,1.45409988132067e-05,0.11854181946175,4.10515804642318e-05,0.0492884443540083,Intermediate,Linear,2.53075244974454,2.48273406109468,0.744820218328404,0.0248273406109468,0.933879520936829,0.000171608580756037,0.000180879213596766,0.00395139398205834,0.11854181946175,0.03,0.833333333333333,1.77042109494224,1.42946356489675,0.17591460137071
13/05/26,1,0.800005714285712,0.8,0.000922823215476423,0.00184564643095285,0.0477821920125564,0.000293963440503594,0.147104111727916,0.000452503631315195,0.284300503370908,Intermediate,Linear,2.03937195552277,3.08094131144849,0.924282393434547,0.0308094131144849,1.15889496223425,0.00234738545676548,0.00245398910694616,0.00490347039093054,0.147104111727916,0.03,1.25,0.96053982138029,2.12315190909233,0.308540567592719
13/05/26,1,1.00000714285714,1,0.000752782829323025,0.00150556565864605,0.0305806028880359,0.000153470351763064,0.131530131798973,0.000330045415856205,0.290086778303182,Intermediate,Linear,2.28084619012251,2.75476063856901,0.826428191570703,0.0275476063856901,1.03620221986569,0.00153086357345337,0.00160077550428035,0.00438433772663244,0.131530131798973,0.03,1,1.3729489294698,1.66127533309146,0.224206303205842
13/05/26,1,1.41415151515152,1.4,0.000220434642557791,0.000440869285115582,0.0152918616788592,2.24723737548167e-05,0.107595984356256,7.90596078407501e-05,0.126939406107763,Intermediate,Linear,2.78820814545163,2.25348502672918,0.676045508018754,0.0225348502672918,0.847647579407784,0.000299977200499324,0.000314062020002417,0.00358653281187521,0.107595984356256,0.03,0.714285714285714,2.15413303251683,1.29435281078902,0.142493947163144
13/05/26,1,1.19658974358974,1.2,0.000251493710041893,0.000502987420083786,0.0213580547415471,3.58094428415302e-05,0.119134132678328,9.98716167329865e-05,0.118130883965069,Intermediate,Linear,2.51817000934588,2.49513944009352,0.748541832028057,0.0249513944009352,0.938545799769517,0.000419581002874899,0.000438405579901082,0.00397113775594428,0.119134132678328,0.03,0.833333333333333,1.77042109494224,1.42235653231868,0.175922331021513
13/05/26,1,1.00000714285714,1,0.00112219012982408,0.00224438025964816,0.0305806028880359,0.000228781671500158,0.131530131798973,0.000492006052264227,0.432438821295973,Intermediate,Linear,2.28084619012251,2.75476063856901,0.826428191570703,0.0275476063856901,1.03620221986569,0.00228209242469241,0.00238514402842533,0.00438433772663244,0.131530131798973,0.03,1,1.3729489294698,1.66127533309146,0.224206303205842
13/05/26,1,1.20690517241379,1.2,0.000878736974339243,0.00175747394867849,0.0209945200235414,0.000122991073354609,0.11854181946175,0.000347223599221624,0.416892866367106,Intermediate,Linear,2.53075244974454,2.48273406109468,0.744820218328404,0.0248273406109468,0.933879520936829,0.00145150438530238,0.00151655520648809,0.00395139398205834,0.11854181946175,0.03,0.833333333333333,1.77042109494224,1.42946356489675,0.17591460137071
13/05/26,1,1.41415151515152,1.4,0.000944258161439199,0.0018885163228784,0.0152918616788592,9.62631012924139e-05,0.107595984356256,0.000338661287888265,0.543760131505083,Intermediate,Linear,2.78820814545163,2.25348502672918,0.676045508018754,0.0225348502672918,0.847647579407784,0.00128498822385827,0.00134272708224445,0.00358653281187521,0.107595984356256,0.03,0.714285714285714,2.15413303251683,1.29435281078902,0.142493947163144
13/05/26,1,1.00000714285714,1,0.00167163128926573,0.00334326257853146,0.0305806028880359,0.000340796617548338,0.131530131798973,0.000732899612654697,0.644167369824276,Intermediate,Linear,2.28084619012251,2.75476063856901,0.826428191570703,0.0275476063856901,1.03620221986569,0.00339943918657542,0.00355278490674914,0.00438433772663244,0.131530131798973,0.03,1,1.3729489294698,1.66127533309146,0.224206303205842
13/05/26,1,1.19658974358974,1.2,0.00069429756887527,0.00138859513775054,0.0213580547415471,9.88589698864074e-05,0.119134132678328,0.000275715128962091,0.32612340695269,Intermediate,Linear,2.51817000934588,2.49513944009352,0.748541832028057,0.0249513944009352,0.938545799769517,0.00115833541202189,0.00121040503408602,0.00397113775594428,0.119134132678328,0.03,0.833333333333333,1.77042109494224,1.42235653231868,0.175922331021513
13/05/26,1,1.41415151515152,1.4,0.0015276885057362,0.0030553770114724,0.0152918616788592,0.000155741342120673,0.107595984356256,0.000547910495214749,0.879734098894954,Intermediate,Linear,2.78820814545163,2.25348502672918,0.676045508018754,0.0225348502672918,0.847647579407784,0.00207894601260596,0.00217210233763824,0.00358653281187521,0.107595984356256,0.03,0.714285714285714,2.15413303251683,1.29435281078902,0.142493947163144
13/05/26,1,1.20690517241379,1.2,0.000814824594835777,0.00162964918967155,0.0209945200235414,0.000114045675146358,0.11854181946175,0.000321969300046722,0.386571375561991,Intermediate,Linear,2.53075244974454,2.48273406109468,0.744820218328404,0.0248273406109468,0.933879520936829,0.00134593343309094,0.00140670228464953,0.00395139398205834,0.11854181946175,0.03,0.833333333333333,1.77042109494224,1.42946356489675,0.17591460137071
13/05/26,1,1.40001,1.4,0.00168512214633767,0.00337024429267534,0.0156023484122632,0.000175279085629208,0.108290978908002,0.000608278422688197,0.957978071521852,Intermediate,Linear,2.7703138620149,2.26804095858284,0.680412287574851,0.0226804095858284,0.853122787920567,0.00232290912287476,0.00242693359826088,0.00360969929693339,0.108290978908002,0.03,0.714285714285714,2.15413303251683,1.28604585705561,0.142752654376357
13/05/26,1,1.41415151515152,1.4,0.000557744292370805,0.00111548858474161,0.0152918616788592,5.68596571407169e-05,0.107595984356256,0.000200036820522401,0.321182407683417,Intermediate,Linear,2.78820814545163,2.25348502672918,0.676045508018754,0.0225348502672918,0.847647579407784,0.000759003074464608,0.000793043703737302,0.00358653281187521,0.107595984356256,0.03,0.714285714285714,2.15413303251683,1.29435281078902,0.142493947163144
13/05/26,1,0.598294871794871,0.6,9.00036301685547e-05,0.000180007260337109,0.0854322189661887,5.12613989354122e-05,0.168065728324771,5.04217521871716e-05,0.0212427355989208,Intermediate,Linear,1.7850159160366,3.51996038283546,1.05598811485064,0.0351996038283546,1.32403182747233,0.000298837176489858,0.000313545740273267,0.00560219094415904,0.168065728324771,0.03,1.66666666666667,0.560721398798084,3.1834274915543,0.492605400462729
13/05/26,1,0.58823949579832,0.6,4.59935319492773e-05,9.19870638985546e-05,0.0883779423464236,2.70987580994775e-05,0.169323835133317,2.59593374032613e-05,0.010694717302035,Intermediate,Linear,1.77175292399794,3.54631011021653,1.06389303306496,0.0354631011021653,1.33394326791578,0.000155006256758085,0.00016407220408762,0.00564412783777725,0.169323835133317,0.03,1.66666666666667,0.560721398798084,3.15977404785286,0.490360576978191
13/05/26,1,1.40001,1.4,0.000523501701353721,0.00104700340270744,0.0156023484122632,5.44523729262222e-05,0.108290978908002,0.000188968372331996,0.297606408764598,Intermediate,Linear,2.7703138620149,2.26804095858284,0.680412287574851,0.0226804095858284,0.853122787920567,0.000721637230012016,0.000754013237588601,0.00360969929693339,0.108290978908002,0.03,0.714285714285714,2.15413303251683,1.28604585705561,0.142752654376357
13/05/26,1,0.580917012448133,0.6,6.36860522732546e-05,0.000127372104546509,0.0906199998132658,3.84748669673998e-05,0.170256583850352,3.61432323298643e-05,0.0146468839177809,Intermediate,Linear,1.76204639618334,3.56584555366375,1.06975366609912,0.0356584555366375,1.34129151791712,0.000217004346904515,0.000228760435735522,0.00567521946167841,0.170256583850352,0.03,1.66666666666667,0.560721398798084,3.14246326243356,0.488695981196702
13/05/26,1,0.600862660944208,0.6,6.08728550194617e-05,0.000121745710038923,0.0847035892953353,3.43743287386865e-05,0.167748560115371,3.40377792654215e-05,0.014421645305878,Intermediate,Linear,1.78839090954742,3.51331762739144,1.05399528821743,0.0351331762739144,1.32153315740977,0.000201352741708288,0.000212177344667628,0.00559161867051238,0.167748560115371,0.03,1.66666666666667,0.560721398798084,3.18944651190568,0.493171122625164
13/05/26,1,0.736847368421051,0.8,1.51051818365007e-05,3.02103636730014e-05,0.0563244777682704,5.67194319023777e-06,0.152937320995092,7.70048681072713e-06,0.00430534285268456,Intermediate,Linear,1.96158791096928,3.20311176065257,0.960933528195769,0.0320311176065257,1.20484933260488,4.15306940167986e-05,4.34120105973009e-05,0.0050979106998364,0.152937320995092,0.03,1.25,0.96053982138029,2.04217239858987,0.302998650277681
13/05/26,1,0.598294871794871,0.6,0.000104352914318953,0.000208705828637906,0.0854322189661887,5.94340068390448e-05,0.168065728324771,5.84604951594242e-05,0.0246294662082289,Intermediate,Linear,1.7850159160366,3.51996038283546,1.05598811485064,0.0351996038283546,1.32403182747233,0.000346480805442658,0.000364505671328287,0.00560219094415904,0.168065728324771,0.03,1.66666666666667,0.560721398798084,3.1834274915543,0.492605400462729
13/05/26,1,0.886082278481012,0.8,0.000102066249081224,0.000204132498162448,0.038949702576374,2.65030002986652e-05,0.139935235877886,4.76088821345072e-05,0.0347485532380157,Intermediate,Linear,2.14384888922325,2.93079672674882,0.879239018024645,0.0293079672674882,1.10241813089422,0.000234937637579966,0.000247361533623744,0.00466450786259621,0.139935235877886,0.03,1.25,0.96053982138029,2.23192088605192,0.31469814433781
13/05/26,1,0.600862660944208,0.6,0.00013411383295135,0.0002682276659027,0.0847035892953353,7.57328201675624e-05,0.167748560115371,7.49913412304747e-05,0.0317734748734518,Intermediate,Linear,1.78839090954742,3.51331762739144,1.05399528821743,0.0351331762739144,1.32153315740977,0.000443616254850017,0.000464907942270362,0.00559161867051238,0.167748560115371,0.03,1.66666666666667,0.560721398798084,3.18944651190568,0.493171122625164
13/05/26,1,1.00000714285714,1,8.36643589936564e-05,0.000167328717987313,0.0305806028880359,1.70567102551139e-05,0.131530131798973,3.66812805510408e-05,0.032240273574115,Intermediate,Linear,2.28084619012251,2.75476063856901,0.826428191570703,0.0275476063856901,1.03620221986569,0.000170140330770955,0.000179122861048593,0.00438433772663244,0.131530131798973,0.03,1,1.3729489294698,1.66127533309146,0.224206303205842
13/05/26,1,0.598294871794871,0.6,0.000120614737581007,0.000241229475162014,0.0854322189661887,6.86958978104665e-05,0.168065728324771,6.75706790608436e-05,0.0284675959732757,Intermediate,Linear,1.7850159160366,3.51996038283546,1.05598811485064,0.0351996038283546,1.32403182747233,0.000400474598127558,0.00042134431692025,0.00560219094415904,0.168065728324771,0.03,1.66666666666667,0.560721398798084,3.1834274915543,0.492605400462729
13/05/26,1,0.828408284023666,0.8,9.60241479363904e-05,0.000192048295872781,0.0445618673002653,2.85267689197498e-05,0.144647935525534,4.62989825319912e-05,0.0305960050489141,Intermediate,Linear,2.07400125629199,3.02949927735965,0.908849783207896,0.0302949927735965,1.13954505967976,0.000236168089074544,0.00024832124770294,0.00482159785085114,0.144647935525534,0.03,1.25,0.96053982138029,2.15920382489886,0.310747203289573
13/05/26,1,1.166675,1.2,2.98785608470665e-05,5.9757121694133e-05,0.022467381713659,4.4752868773722e-06,0.120881092616689,1.20391769366921e-05,0.0136317515578103,Intermediate,Linear,2.48177769993603,2.53172768348331,0.759518305044994,0.0253172768348331,0.952308454314044,5.13207155475609e-05,5.36390859570433e-05,0.00402936975388963,0.120881092616689,0.03,0.833333333333333,1.77042109494224,1.40180079588184,0.175880134217348
13/05/26,1,1.00000714285714,1,5.75414784730793e-05,0.000115082956946159,0.0305806028880359,1.17310206851714e-05,0.131530131798973,2.5228127491573e-05,0.0221737551108446,Intermediate,Linear,2.28084619012251,2.75476063856901,0.826428191570703,0.0275476063856901,1.03620221986569,0.000117016687849145,0.000124362979305857,0.00438433772663244,0.131530131798973,0.03,1,1.3729489294698,1.66127533309146,0.224206303205842
13/05/26,1,0.800005714285712,0.8,0.000236942447365996,0.000473884894731992,0.0477821920125564,7.5477530106447e-05,0.147104111727916,0.000116184027501378,0.0729964915558723,Intermediate,Linear,2.03937195552277,3.08094131144849,0.924282393434547,0.0308094131144849,1.15889496223425,0.000602710514548785,0.000630023171177901,0.00490347039093054,0.147104111727916,0.03,1.25,0.96053982138029,2.12315190909233,0.308540567592719
13/05/26,1,1.41415151515152,1.4,2.37076642398514e-05,4.74153284797028e-05,0.0152918616788592,2.41689548189762e-06,0.107595984356256,8.50283156891476e-06,0.0136522861556119,Intermediate,Linear,2.78820814545163,2.25348502672918,0.676045508018754,0.0225348502672918,0.847647579407784,3.22624369133997e-05,3.37266815267751e-05,0.00358653281187521,0.107595984356256,0.03,0.714285714285714,2.15413303251683,1.29435281078902,0.142493947163144
13/05/26,1,0.800005714285712,0.8,0.000636779855030419,0.00127355971006084,0.0477821920125564,0.000202844915351942,0.147104111727916,0.00031224311646827,0.196177155370044,Intermediate,Linear,2.03937195552277,3.08094131144849,0.924282393434547,0.0308094131144849,1.15889496223425,0.00161977694729747,0.00169237267992567,0.00490347039093054,0.147104111727916,0.03,1.25,0.96053982138029,2.12315190909233,0.308540567592719
13/05/26,1,1.00000714285714,1,0.000253496355685117,0.000506992711370234,0.0305806028880359,5.16804759118058e-05,0.131530131798973,0.000111141363579409,0.0976854655391432,Intermediate,Linear,2.28084619012251,2.75476063856901,0.826428191570703,0.0275476063856901,1.03620221986569,0.000515511674556279,0.000538761596957935,0.00438433772663244,0.131530131798973,0.03,1,1.3729489294698,1.66127533309146,0.224206303205842
13/05/26,1,1.20690517241379,1.2,9.49197935267631e-05,0.000189839587053526,0.0209945200235414,1.32853033721869e-05,0.11854181946175,3.75065500919872e-05,0.045032115358639,Intermediate,Linear,2.53075244974454,2.48273406109468,0.744820218328404,0.0248273406109468,0.933879520936829,0.000156789233387718,0.000165762315137757,0.00395139398205834,0.11854181946175,0.03,0.833333333333333,1.77042109494224,1.42946356489675,0.17591460137071
13/05/26,1,0.800005714285712,0.8,0.000855038698889565,0.00171007739777913,0.0477821920125564,0.000272370821923384,0.147104111727916,0.000419265694310475,0.263417660521698,Intermediate,Linear,2.03937195552277,3.08094131144849,0.924282393434547,0.0308094131144849,1.15889496223425,0.002174961978724,0.00227270439747486,0.00490347039093054,0.147104111727916,0.03,1.25,0.96053982138029,2.12315190909233,0.308540567592719
13/05/26,1,1.00000714285714,1,0.000624429717588985,0.00124885943517797,0.0305806028880359,0.000127302914833848,0.131530131798973,0.000273771076845583,0.240625580175695,Intermediate,Linear,2.28084619012251,2.75476063856901,0.826428191570703,0.0275476063856901,1.03620221986569,0.00126984393320768,0.00132781968618171,0.00438433772663244,0.131530131798973,0.03,1,1.3729489294698,1.66127533309146,0.224206303205842
13/05/26,1,1.41415151515152,1.4,0.000155538832697409,0.000311077665394818,0.0152918616788592,1.5856522102e-05,0.107595984356256,5.57845126990026e-05,0.0895685307001035,Intermediate,Linear,2.78820814545163,2.25348502672918,0.676045508018754,0.0225348502672918,0.847647579407784,0.000211664115313768,0.000222699106223425,0.00358653281187521,0.107595984356256,0.03,0.714285714285714,2.15413303251683,1.29435281078902,0.142493947163144
13/05/26,1,1.19658974358974,1.2,0.000192921843594867,0.000385843687189734,0.0213580547415471,2.74695686422624e-05,0.119134132678328,7.66119217045954e-05,0.0906186795536005,Intermediate,Linear,2.51817000934588,2.49513944009352,0.748541832028057,0.0249513944009352,0.938545799769517,0.000321862286728861,0.000336833367992365,0.00397113775594428,0.119134132678328,0.03,0.833333333333333,1.77042109494224,1.42235653231868,0.175922331021513
13/05/26,1,1.00000714285714,1,0.00130176259380218,0.00260352518760436,0.0305806028880359,0.00026539123290376,0.131530131798973,0.00057073668511258,0.501637527108933,Intermediate,Linear,2.28084619012251,2.75476063856901,0.826428191570703,0.0275476063856901,1.03620221986569,0.00264727203983661,0.00276585248169923,0.00438433772663244,0.131530131798973,0.03,1,1.3729489294698,1.66127533309146,0.224206303205842
13/05/26,1,1.20690517241379,1.2,0.000579849348449065,0.00115969869689813,0.0209945200235414,8.11577250443421e-05,0.11854181946175,0.000229121322596209,0.275093758422763,Intermediate,Linear,2.53075244974454,2.48273406109468,0.744820218328404,0.0248273406109468,0.933879520936829,0.000957799542600808,0.00100075682275406,0.00395139398205834,0.11854181946175,0.03,0.833333333333333,1.77042109494224,1.42946356489675,0.17591460137071
13/05/26,1,1.41415151515152,1.4,0.00061638627188979,0.00123277254377958,0.0152918616788592,6.28379574032423e-05,0.107595984356256,0.000221068958892217,0.354951954823322,Intermediate,Linear,2.78820814545163,2.25348502672918,0.676045508018754,0.0225348502672918,0.847647579407784,0.000838805671024412,0.000876869262962914,0.00358653281187521,0.107595984356256,0.03,0.714285714285714,2.15413303251683,1.29435281078902,0.142493947163144
13/05/26,1,1.00000714285714,1,0.00193313696272097,0.00386627392544194,0.0305806028880359,0.000394109958567692,0.131530131798973,0.00084755253164052,0.744939246341245,Intermediate,Linear,2.28084619012251,2.75476063856901,0.826428191570703,0.0275476063856901,1.03620221986569,0.00393123865668825,0.00410744799916222,0.00438433772663244,0.131530131798973,0.03,1,1.3729489294698,1.66127533309146,0.224206303205842
13/05/26,1,1.19658974358974,1.2,0.00073487899708646,0.00146975799417292,0.0213580547415471,0.000104637238987906,0.119134132678328,0.000291830573138051,0.34518519575987,Intermediate,Linear,2.51817000934588,2.49513944009352,0.748541832028057,0.0249513944009352,0.938545799769517,0.00122603967525818,0.00128098158262618,0.00397113775594428,0.119134132678328,0.03,0.833333333333333,1.77042109494224,1.42235653231868,0.175922331021513
13/05/26,1,1.41415151515152,1.4,0.000726985721939711,0.00145397144387942,0.0152918616788592,7.41131006827175e-05,0.107595984356256,0.000260735814550156,0.418641710400201,Intermediate,Linear,2.78820814545163,2.25348502672918,0.676045508018754,0.0225348502672918,0.847647579407784,0.000989314288988315,0.00103367082247632,0.00358653281187521,0.107595984356256,0.03,0.714285714285714,2.15413303251683,1.29435281078902,0.142493947163144
13/05/26,1,1.20690517241379,1.2,0.00128031623727997,0.00256063247455994,0.0209945200235414,0.000179197499200263,0.11854181946175,0.000505903387511965,0.607411229529002,Intermediate,Linear,2.53075244974454,2.48273406109468,0.744820218328404,0.0248273406109468,0.933879520936829,0.00211483605134871,0.00220954143753451,0.00395139398205834,0.11854181946175,0.03,0.833333333333333,1.77042109494224,1.42946356489675,0.17591460137071
13/05/26,1,1.40001,1.4,0.000524083583590738,0.00104816716718148,0.0156023484122632,5.45128977888678e-05,0.108290978908002,0.000189178414322182,0.297937204027412,Intermediate,Linear,2.7703138620149,2.26804095858284,0.680412287574851,0.0226804095858284,0.853122787920567,0.000722439343710268,0.00075484931810562,0.00360969929693339,0.108290978908002,0.03,0.714285714285714,2.15413303251683,1.28604585705561,0.142752654376357
13/05/26,1,1.41415151515152,1.4,0.000423038722397501,0.000846077444795002,0.0152918616788592,4.31269975180259e-05,0.107595984356256,0.000151724225857241,0.24361091141855,Intermediate,Linear,2.78820814545163,2.25348502672918,0.676045508018754,0.0225348502672918,0.847647579407784,0.000575689783489196,0.000601511586367742,0.00358653281187521,0.107595984356256,0.03,0.714285714285714,2.15413303251683,1.29435281078902,0.142493947163144
13/05/26,1,0.544750972762645,0.6,9.42703454161898e-05,0.00018854069083238,0.103051951028158,6.47649534615781e-05,0.175084525417617,5.50175956271614e-05,0.0205016262851655,Intermediate,Linear,1.71345810992965,3.66696172539494,1.10008851761848,0.0366696172539494,1.37932632941588,0.00033969323596977,0.000357146697428523,0.0058361508472539,0.175084525417617,0.03,1.66666666666667,0.560721398798084,3.05581009321648,0.480093223153157
13/05/26,1,0.599432176656153,0.6,3.2715336471754e-05,6.5430672943508e-05,0.0851083447787219,1.85623209065996e-05,0.167925047634397,1.83124147846487e-05,0.0077344452921048,Intermediate,Linear,1.78651132887069,3.51701397334624,1.05510419200387,0.0351701397334624,1.32292353660647,0.00010844227644882,0.00011334963344539,0.00559750158781322,0.167925047634397,0.03,1.66666666666667,0.560721398798084,3.18609443602493,0.492856341123897
13/05/26,1,0.633488687782807,0.6,0.000128441266898185,0.00025688253379637,0.0762034298803344,6.52511005054478e-05,0.163855661821391,7.01527626426001e-05,0.031892636035762,Intermediate,Linear,1.83087966973648,3.43178495618117,1.02953548685435,0.0343178495618117,1.29086467256328,0.000405362677379422,0.000424885983975981,0.00546185539404637,0.163855661821391,0.03,1.66666666666667,0.560721398798084,3.26522168346169,0.500098763642661
13/05/26,1,0.598662054778612,0.6,4.44245285009691e-05,8.88490570019382e-05,0.0853274532245896,2.52708791846059e-05,0.168020273656488,2.48807381193109e-05,0.0104907899768273,Intermediate,Linear,1.78549881791849,3.51900838248913,1.05570251474674,0.0351900838248913,1.32367373288568,0.00014742206041851,0.000154096597839755,0.0056006757885496,0.168020273656488,0.03,1.66666666666667,0.560721398798084,3.1842887069153,0.492686482902057
13/05/26,1,1.40001,1.4,0.000623181055348177,0.00124636211069635,0.0156023484122632,6.4820586329761e-05,0.108290978908002,0.000224949621735252,0.35427330114251,Intermediate,Linear,2.7703138620149,2.26804095858284,0.680412287574851,0.0226804095858284,0.853122787920567,0.000859043341052222,0.00089761591236815,0.00360969929693339,0.108290978908002,0.03,0.714285714285714,2.15413303251683,1.28604585705561,0.142752654376357
13/05/26,1,1.40368421052632,1.4,0.00293615281118106,0.00587230562236212,0.0155207755269089,0.000303809124633625,0.108109744902705,0.00105808910470715,1.67477978548964,Intermediate,Linear,2.7749579861648,2.26424520245203,0.679273560735608,0.0226424520245203,0.851695015622043,0.00403389522599268,0.00421466809539425,0.0036036581634235,0.108109744902705,0.03,0.714285714285714,2.15413303251683,1.28820177039977,0.142687039703388
13/05/26,1,0.58823949579832,0.6,0.00010076122473822,0.00020152244947644,0.0883779423464236,5.93671314044629e-05,0.169323835133317,5.68709233513517e-05,0.0234296599524145,Intermediate,Linear,1.77175292399794,3.54631011021653,1.06389303306496,0.0354631011021653,1.33394326791578,0.000339582972019983,0.000361434024066853,0.00564412783777725,0.169323835133317,0.03,1.66666666666667,0.560721398798084,3.15977404785286,0.490360576978191
13/05/26,1,0.59733837899085,0.6,0.000211470358138406,0.000422940716276812,0.085706036049391,0.000120828574253252,0.168184294345426,0.000118553309861607,0.0498410711132877,Intermediate,Linear,1.78375752128106,3.52244362376515,1.05673308712954,0.0352244362376515,1.32496589765171,0.000703131654054021,0.000739758883482384,0.00560614314484752,0.168184294345426,0.03,1.66666666666667,0.560721398798084,3.1811832491226,0.492393891991042
13/05/26,1,0.557772908366532,0.6,0.000119162788798331,0.000238325577596662,0.0982963552321,7.8088452121123e-05,0.173301944549453,6.88371433889553e-05,0.0264510263382542,Intermediate,Linear,1.73108271104478,3.62962743899592,1.08888823169878,0.0362962743899592,1.36528305106272,0.000420691564965988,0.000440541285727465,0.00577673148498178,0.173301944549453,0.03,1.66666666666667,0.560721398798084,3.08724210410979,0.483265167475951
13/05/26,1,0.599432176656153,0.6,2.82241776119152e-05,5.64483552238304e-05,0.0851083447787219,1.60140869286051e-05,0.167925047634397,1.57984878997418e-05,0.00667266124077566,Intermediate,Linear,1.78651132887069,3.51701397334624,1.05510419200387,0.0351701397334624,1.32292353660647,9.35553291275015e-05,9.78696997358737e-05,0.00559750158781322,0.167925047634397,0.03,1.66666666666667,0.560721398798084,3.18609443602493,0.492856341123897
13/05/26,1,0.800005714285712,0.8,2.68028508733519e-05,5.36057017467038e-05,0.0477821920125564,8.53799311276276e-06,0.147104111727916,1.31426985650008e-05,0.0082573388567553,Intermediate,Linear,2.03937195552277,3.08094131144849,0.924282393434547,0.0308094131144849,1.15889496223425,6.81784130316644e-05,7.12544442320164e-05,0.00490347039093054,0.147104111727916,0.03,1.25,0.96053982138029,2.12315190909233,0.308540567592719
13/05/26,1,0.801772151898731,0.8,2.15905023428085e-05,4.3181004685617e-05,0.0475718796870911,6.84733853223963e-06,0.146948531228452,1.05756420258672e-05,0.00666562671497009,Intermediate,Linear,2.04153112312234,3.07768284108743,0.92330485232623,0.0307768284108743,1.15766928978408,5.48036545969447e-05,5.7351566214076e-05,0.00489828437428173,0.146948531228452,0.03,1.25,0.96053982138029,2.12539977800053,0.308682899919463
13/05/26,1,0.598294871794871,0.6,6.6079841846235e-05,0.00013215968369247,0.0854322189661887,3.76356501190578e-05,0.168065728324771,3.70191891582439e-05,0.015596222131588,Intermediate,Linear,1.7850159160366,3.51996038283546,1.05598811485064,0.0351996038283546,1.32403182747233,0.000219403520982917,0.000230077432303754,0.00560219094415904,0.168065728324771,0.03,1.66666666666667,0.560721398798084,3.1834274915543,0.492605400462729
13/05/26,1,0.598661971830985,0.6,0.000141722440668604,0.000283444881337208,0.0853274768696866,8.0618788520439e-05,0.168020283921004,7.93741490637217e-05,0.0334675511157682,Intermediate,Linear,1.7854987088407,3.51900859746865,1.0557025792406,0.0351900859746865,1.32367381375016,0.000470303624341171,0.000491372250631406,0.00560067613070014,0.168020283921004,0.03,1.66666666666667,0.560721398798084,3.18428851238412,0.492686464592354
13/05/26,1,0.78652247191011,0.8,7.92970532751893e-05,0.000158594106550379,0.049434480709415,2.6133391002972e-05,0.148304528740879,3.92003737217245e-05,0.0240357104493956,Intermediate,Linear,2.02286472670141,3.10608278657629,0.931824835972886,0.0310608278657629,1.16835191902874,0.000205013353445173,0.000215627199544504,0.00494348429136264,0.148304528740879,0.03,1.25,0.96053982138029,2.10596654264116,0.30743168972326
13/05/26,1,0.801772151898731,0.8,3.38190274035433e-05,6.76380548070866e-05,0.0475718796870911,1.0725564685172e-05,0.146948531228452,1.65655213484182e-05,0.0104409341179803,Intermediate,Linear,2.04153112312234,3.07768284108743,0.92330485232623,0.0307768284108743,1.15766928978408,8.58435930392208e-05,8.99483300365301e-05,0.00489828437428173,0.146948531228452,0.03,1.25,0.96053982138029,2.12539977800053,0.308682899919463
13/05/26,1,0.600862660944208,0.6,0.000145628629427363,0.000291257258854726,0.0847035892953353,8.22351174443863e-05,0.167748560115371,8.14299763267172e-05,0.0345014939632964,Intermediate,Linear,1.78839090954742,3.51331762739144,1.05399528821743,0.0351331762739144,1.32153315740977,0.000481704427976066,0.000504370973244718,0.00559161867051238,0.167748560115371,0.03,1.66666666666667,0.560721398798084,3.18944651190568,0.493171122625164
13/05/26,1,0.61508119883813,0.6,0.00160823086862987,0.00321646173725974,0.0808327479314872,0.000866651469463966,0.16602148608852,0.000890002929277874,0.388981136370537,Intermediate,Linear,1.8069950285835,3.47714587355836,1.04314376206751,0.0347714587355836,1.30792716526167,0.00521066631029189,0.00544436588225826,0.005534049536284,0.16602148608852,0.03,1.66666666666667,0.560721398798084,3.2226254115802,0.496249048817007
13/05/26,1,1.00000714285714,1,9.85995576143854e-05,0.000197199115228771,0.0305806028880359,2.01015594422769e-05,0.131530131798973,4.32293760278019e-05,0.0379955903566479,Intermediate,Linear,2.28084619012251,2.75476063856901,0.826428191570703,0.0275476063856901,1.03620221986569,0.000200512638214958,0.000211288838417637,0.00438433772663244,0.131530131798973,0.03,1,1.3729489294698,1.66127533309146,0.224206303205842
13/05/26,1,1.0001052631579,1,5.22676597269578e-05,0.000104535319453916,0.0305746026581205,1.06537528534772e-05,0.131523338181674,2.29147236207777e-05,0.0201435564428046,Intermediate,Linear,2.28096400340454,2.75461835338101,0.826385506014304,0.0275461835338102,1.03614869934358,0.000106280839339073,0.00011109392612007,0.00438411127272246,0.131523338181674,0.03,1,1.3729489294698,1.66136114348069,0.224208980039502
13/05/26,1,0.598294871794871,0.6,0.000159835591430905,0.00031967118286181,0.0854322189661887,9.10340616381023e-05,0.168065728324771,8.9542950286852e-05,0.0377245362404294,Intermediate,Linear,1.7850159160366,3.51996038283546,1.05598811485064,0.0351996038283546,1.32403182747233,0.00053069878133078,0.000555481036401341,0.00560219094415904,0.168065728324771,0.03,1.66666666666667,0.560721398798084,3.1834274915543,0.492605400462729
13/05/26,1,0.599325842696629,0.6,0.00112993881128412,0.00225987762256824,0.0851385477483694,0.000641342329581659,0.167938187067333,0.000632532918213576,0.26709437747985,Intermediate,Linear,1.78637155276493,3.51728916498615,1.05518674949584,0.0351728916498615,1.32302704984249,0.00374602025600193,0.0039137947979964,0.00559793956891111,0.167938187067333,0.03,1.66666666666667,0.560721398798084,3.18584515696039,0.492832904386734
13/05/26,1,0.823535294117647,0.8,9.27994501958283e-05,0.000185598900391657,0.0450907869114407,2.78960015618597e-05,0.14506260406018,4.48724330025328e-05,0.029399720757799,Intermediate,Linear,2.06807262246267,3.03818407484044,0.911455222452133,0.0303818407484044,1.14281184311737,0.000229547525808784,0.000241611357038553,0.00483542013533933,0.14506260406018,0.03,1.25,0.96053982138029,2.15303163536818,0.310380979629875
13/05/26,1,0.800099999999999,0.8,3.55194734901287e-05,7.10389469802574e-05,0.0477709311385317,1.13119888144923e-05,0.147095797701109,1.74158842898463e-05,0.0109439658433617,Intermediate,Linear,2.03948722321479,3.08076718287823,0.924230154863469,0.0308076718287823,1.1588294638354,9.03406737833553e-05,9.49159439370398e-05,0.00490319325670363,0.147095797701109,0.03,1.25,0.96053982138029,2.12327191212548,0.308548181918519
13/05/26,1,1.20690517241379,1.2,0.00022500588017525,0.0004500117603505,0.0209945200235414,3.14926030450256e-05,0.11854181946175,8.89086880852223e-05,0.106747922387411,Intermediate,Linear,2.53075244974454,2.48273406109468,0.744820218328404,0.0248273406109468,0.933879520936829,0.000371666415924718,0.000388450103271337,0.00395139398205834,0.11854181946175,0.03,0.833333333333333,1.77042109494224,1.42946356489675,0.17591460137071
13/05/26,1,1.2026582278481,1.2,7.17371947640399e-05,0.00014347438952808,0.021143057638707,1.01116242915683e-05,0.118785066897086,2.84043582635192e-05,0.0338945160673578,Intermediate,Linear,2.52556998818645,2.48782862346705,0.746348587040115,0.0248782862346705,0.935795838734311,0.000118982847231771,0.000124362118993807,0.00395950222990287,0.118785066897086,0.03,0.833333333333333,1.77042109494224,1.42653631692569,0.175919165009995
13/05/26,1,1.00000714285714,1,6.841142429276e-05,0.00013682284858552,0.0305806028880359,1.39470839953455e-05,0.131530131798973,2.99938788459407e-05,0.0263625163847926,Intermediate,Linear,2.28084619012251,2.75476063856901,0.826428191570703,0.0275476063856901,1.03620221986569,0.000139121873372207,0.000146497125855904,0.00438433772663244,0.131530131798973,0.03,1,1.3729489294698,1.66127533309146,0.224206303205842
13/05/26,1,1.00014285714286,1,5.74757228688078e-05,0.000114951445737616,0.0305723041873736,1.17144352195625e-05,0.131520735447871,2.51974978070121e-05,0.0221515808718831,Intermediate,Linear,2.28100914261467,2.75456384185173,0.826369152555519,0.0275456384185173,1.03612819485152,0.000116866267512194,0.000122317291020697,0.00438402451492905,0.131520735447871,0.03,1,1.3729489294698,1.6613940210402,0.224210005284016
13/05/26,1,0.800005714285712,0.8,0.00019002066670858,0.00038004133341716,0.0477821920125564,6.05306932201556e-05,0.147104111727916,9.31760712870403e-05,0.058540975443747,Intermediate,Linear,2.03937195552277,3.08094131144849,0.924282393434547,0.0308094131144849,1.15889496223425,0.000483355578875765,0.000506142355659305,0.00490347039093054,0.147104111727916,0.03,1.25,0.96053982138029,2.12315190909233,0.308540567592719
13/05/26,1,0.804833275411505,0.8,0.000640424300954287,0.00128084860190857,0.0472106956505655,0.00020156584506386,0.146679828033028,0.000313124421107157,0.198442988875861,Intermediate,Linear,2.0452710098109,3.0720551345225,0.921616540356751,0.030720551345225,1.15555242999101,0.00161966374653186,0.00169241694499779,0.00488932760110094,0.146679828033028,0.03,1.25,0.96053982138029,2.12929330391722,0.308927945087219
13/05/26,1,1.41415151515152,1.4,0.000108811433216877,0.000217622866433754,0.0152918616788592,1.1092862572206e-05,0.107595984356256,3.90255775539498e-05,0.0626601089103484,Intermediate,Linear,2.78820814545163,2.25348502672918,0.676045508018754,0.0225348502672918,0.847647579407784,0.000148075405662068,0.000156698022541817,0.00358653281187521,0.107595984356256,0.03,0.714285714285714,2.15413303251683,1.29435281078902,0.142493947163144
13/05/26,1,1.40512396694215,1.4,5.11748645835011e-05,0.000102349729167002,0.0154889851821201,5.28431146153901e-06,0.108038854845415,1.84295792215688e-05,0.029228430716214,Intermediate,Linear,2.77677878416287,2.26276048456406,0.678828145369219,0.0226276048456406,0.851136539524394,7.02154883660857e-05,7.37388027150536e-05,0.00360129516151383,0.108038854845415,0.03,0.714285714285714,2.15413303251683,1.28904702831587,0.142661021193024
13/05/26,1,0.800005714285712,0.8,0.000572868615063127,0.00114573723012625,0.0477821920125564,0.00018248612108609,0.147104111727916,0.000280904429185543,0.176487579523841,Intermediate,Linear,2.03937195552277,3.08094131144849,0.924282393434547,0.0308094131144849,1.15889496223425,0.001457205923176,0.00152257255857597,0.00490347039093054,0.147104111727916,0.03,1.25,0.96053982138029,2.12315190909233,0.308540567592719
13/05/26,1,0.796732192078924,0.8,0.00105881748926677,0.00211763497853354,0.0481756426611751,0.000340061420042123,0.147393451885989,0.000520209215534286,0.324917772549589,Intermediate,Linear,2.03536857412128,3.08700123754843,0.926100371264529,0.0308700123754843,1.16117440124941,0.00270391951568517,0.00282742021113679,0.00491311506286631,0.147393451885989,0.03,1.25,0.96053982138029,2.11898406376996,0.308275002742134
13/05/26,1,1.00000714285714,1,0.000124603018094847,0.000249206036189694,0.0305806028880359,2.54029027667284e-05,0.131530131798973,5.46301713085502e-05,0.0480160900036641,Intermediate,Linear,2.28084619012251,2.75476063856901,0.826428191570703,0.0275476063856901,1.03620221986569,0.000253393427843318,0.000266201912691241,0.00438433772663244,0.131530131798973,0.03,1,1.3729489294698,1.66127533309146,0.224206303205842
13/05/26,1,1.0053973965499,1,0.000158481514911525,0.00031696302982305,0.0302535773039552,3.19642184174917e-05,0.131157951841783,6.92870363352619e-05,0.0614183440128658,Intermediate,Linear,2.28731842627349,2.74696571977352,0.824089715932057,0.0274696571977352,1.03327016397434,0.000320467609191138,0.000335006953887158,0.00437193172805942,0.131157951841783,0.03,1,1.3729489294698,1.66598944591245,0.224351330701921
13/05/26,1,1.20690517241379,1.2,9.16035286349086e-05,0.000183207057269817,0.0209945200235414,1.28211474410176e-05,0.11854181946175,3.61961631783287e-05,0.043458803643336,Intermediate,Linear,2.53075244974454,2.48273406109468,0.744820218328404,0.0248273406109468,0.933879520936829,0.000151311401938813,0.000160154291821487,0.00395139398205834,0.11854181946175,0.03,0.833333333333333,1.77042109494224,1.42946356489675,0.17591460137071
13/05/26,1,1.2026582278481,1.2,9.28788476983303e-05,0.000185757695396661,0.021143057638707,1.30916188686832e-05,0.118785066897086,3.67754004572348e-05,0.0438835614632479,Intermediate,Linear,2.52556998818645,2.48782862346705,0.746348587040115,0.0248782862346705,0.935795838734311,0.000154048256042107,0.000161023324307195,0.00395950222990287,0.118785066897086,0.03,0.833333333333333,1.77042109494224,1.42653631692569,0.175919165009995
13/05/26,1,0.800005714285712,0.8,0.000822157466618364,0.00164431493323673,0.0477821920125564,0.00026189657289677,0.147104111727916,0.000403142479424561,0.253287712846582,Intermediate,Linear,2.03937195552277,3.08094131144849,0.924282393434547,0.0308094131144849,1.15889496223425,0.00209132198664372,0.00218512434501474,0.00490347039093054,0.147104111727916,0.03,1.25,0.96053982138029,2.12315190909233,0.308540567592719
13/05/26,1,0.788732789822399,0.8,0.00172157508670811,0.00344315017341622,0.0491578019201966,0.00056419231402095,0.148106163197913,0.000849919602498176,0.523224952808626,Intermediate,Linear,2.02557404447182,3.10192822835957,0.93057846850787,0.0310192822835957,1.16678918345511,0.00443903435500707,0.00463845931313144,0.00493687210659711,0.148106163197913,0.03,1.25,0.96053982138029,2.1087871625781,0.307616197299984
13/05/26,1,1.00000714285714,1,0.000477708253550609,0.000955416507101218,0.0305806028880359,9.73907093211222e-05,0.131530131798973,0.000209443431836563,0.18408609076001,Intermediate,Linear,2.28084619012251,2.75476063856901,0.826428191570703,0.0275476063856901,1.03620221986569,0.000971470304066735,0.00101534110639337,0.00438433772663244,0.131530131798973,0.03,1,1.3729489294698,1.66127533309146,0.224206303205842
13/05/26,1,1.00014285714286,1,0.00113440987196326,0.00226881974392652,0.0305723041873736,0.000231210157858802,0.131520735447871,0.000497328068866445,0.437210195303071,Intermediate,Linear,2.28100914261467,2.75456384185173,0.826369152555519,0.0275456384185173,1.03612819485152,0.00230661296540701,0.00241009987850917,0.00438402451492905,0.131520735447871,0.03,1,1.3729489294698,1.6613940210402,0.224210005284016
13/05/26,1,1.41415151515152,1.4,6.61289213014931e-05,0.000132257842602986,0.0152918616788592,6.74156211676397e-06,0.107595984356256,2.37173546061719e-05,0.0380809744745897,Intermediate,Linear,2.78820814545163,2.25348502672918,0.676045508018754,0.0225348502672918,0.847647579407784,8.99911577140663e-05,9.52702179754464e-05,0.00358653281187521,0.107595984356256,0.03,0.714285714285714,2.15413303251683,1.29435281078902,0.142493947163144
13/05/26,1,1.40755555555555,1.4,8.72481445571249e-05,0.00017449628911425,0.0154355161618905,8.97813430270975e-06,0.107919291651091,3.13858598615897e-05,0.0499420964049593,Intermediate,Linear,2.77985516222546,2.26025635887788,0.678076907663363,0.0226025635887788,0.850194613551401,0.000119445734754973,0.000124837730147643,0.00359730972170303,0.107919291651091,0.03,0.714285714285714,2.15413303251683,1.29047515648444,0.142616686628192
13/05/26,1,1.19658974358974,1.2,0.000134381386703872,0.000268762773407744,0.0213580547415471,1.91341667564421e-05,0.119134132678328,5.33646998435895e-05,0.0631212287461815,Intermediate,Linear,2.51817000934588,2.49513944009352,0.748541832028057,0.0249513944009352,0.938545799769517,0.000224195972899434,0.000235000667547574,0.00397113775594428,0.119134132678328,0.03,0.833333333333333,1.77042109494224,1.42235653231868,0.175922331021513
13/05/26,1,1.20013333333333,1.2,0.000246670185991122,0.000493340371982244,0.021232114653613,3.4915531137277e-05,0.11893008799681,9.77883564203792e-05,0.116263106191129,Intermediate,Linear,2.52249035591435,2.49086593827712,0.747259781483135,0.0249086593827712,0.936938323603797,0.000410125162916746,0.000428574245611533,0.00396433626656035,0.11893008799681,0.03,0.833333333333333,1.77042109494224,1.42479682552396,0.175920961970655
13/05/26,1,1.00000714285714,1,0.00134013188982984,0.00268026377965968,0.0305806028880359,0.000273213607603196,0.131530131798973,0.00058755908032442,0.516423232941828,Intermediate,Linear,2.28084619012251,2.75476063856901,0.826428191570703,0.0275476063856901,1.03620221986569,0.00272530006510469,0.00284735398059842,0.00438433772663244,0.131530131798973,0.03,1,1.3729489294698,1.66127533309146,0.224206303205842
13/05/26,1,1.00011428571429,1,0.00277470808110255,0.0055494161622051,0.0305740510015025,0.000565560442572736,0.13152271351623,0.00121645712014006,1.06936143800119,Intermediate,Linear,2.28097483681388,2.75460527041855,0.826381581125564,0.0275460527041855,1.03614377819197,0.00564202614215976,0.00589478704135404,0.00438409045054099,0.13152271351623,0.03,1,1.3729489294698,1.66136903409418,0.224209226116489
13/05/26,1,1.20690517241379,1.2,0.000542881885890992,0.00108576377178198,0.0209945200235414,7.59836308250422e-05,0.11854181946175,0.000214514021687815,0.257555550883764,Intermediate,Linear,2.53075244974454,2.48273406109468,0.744820218328404,0.0248273406109468,0.933879520936829,0.00089673640814366,0.000936990787140803,0.00395139398205834,0.11854181946175,0.03,0.833333333333333,1.77042109494224,1.42946356489675,0.17591460137071
13/05/26,1,1.20703448275862,1.2,0.00116818039630647,0.00233636079261294,0.0209900219528682,0.000163467547755887,0.1185344264668,0.000461565310953156,0.554280563044701,Intermediate,Linear,2.530910292834,2.48257922257053,0.744773766771159,0.0248257922257053,0.933821278481858,0.001929368543454,0.00201582335996492,0.00395114754889334,0.1185344264668,0.03,0.833333333333333,1.77042109494224,1.42955272057271,0.175914432104538
13/05/26,1,1.41415151515152,1.4,0.000402106761955442,0.000804213523910884,0.0152918616788592,4.09930732263771e-05,0.107595984356256,0.000144216909563009,0.231557040954475,Intermediate,Linear,2.78820814545163,2.25348502672918,0.676045508018754,0.0225348502672918,0.847647579407784,0.000547204646935737,0.000571980467153974,0.00358653281187521,0.107595984356256,0.03,0.714285714285714,2.15413303251683,1.29435281078902,0.142493947163144
13/05/26,1,1.41051282051282,1.4,0.000611061192915763,0.00122212238583153,0.0153708601602075,6.26169076375851e-05,0.107774154331556,0.00021952201103776,0.350722959315206,Intermediate,Linear,2.78359873812678,2.25721660996579,0.677164982989737,0.0225721660996579,0.849051213095318,0.0008343153333869,0.000871830745069779,0.00359247181105186,0.107774154331556,0.03,0.714285714285714,2.15413303251683,1.29221301382417,0.142562104262327
13/05/26,1,1.00000714285714,1,0.00195462138218243,0.00390924276436486,0.0305806028880359,0.000398490001899898,0.131530131798973,0.000856972026718487,0.753218322035485,Intermediate,Linear,2.28084619012251,2.75476063856901,0.826428191570703,0.0275476063856901,1.03620221986569,0.00397492949801618,0.00415310768033646,0.00438433772663244,0.131530131798973,0.03,1,1.3729489294698,1.66127533309146,0.224206303205842
13/05/26,1,1.01202518374957,1,0.00390925340958361,0.00781850681916722,0.0298586114706372,0.000778165857980138,0.130703169222294,0.00170317269975212,1.52556363574847,Intermediate,Linear,2.29527716722595,2.73744077486441,0.821232232459322,0.0273744077486441,1.02968735938481,0.00785022915432464,0.00820223177335794,0.00435677230740979,0.130703169222294,0.03,1,1.3729489294698,1.67178626819887,0.224524004530056
13/05/26,1,1.19658974358974,1.2,0.00096131235362443,0.00192262470724886,0.0213580547415471,0.000136878412482907,0.119134132678328,0.000381750378273364,0.451544804366194,Intermediate,Linear,2.51817000934588,2.49513944009352,0.748541832028057,0.0249513944009352,0.938545799769517,0.00160381109071308,0.00167565715490532,0.00397113775594428,0.119134132678328,0.03,0.833333333333333,1.77042109494224,1.42235653231868,0.175922331021513
13/05/26,1,1.20315789473684,1.2,0.00415429467908511,0.00830858935817022,0.0211255000227371,0.000585077015583128,0.118756403710055,0.00164449698679988,1.96377607871755,Intermediate,Linear,2.5261795627666,2.48722830308168,0.746168490924504,0.0248722830308168,0.93557002843804,0.00688696139269837,0.00719534973942622,0.00395854679033516,0.118756403710055,0.03,0.833333333333333,1.77042109494224,1.42688062743006,0.175918728400649
13/05/26,1,1.41415151515152,1.4,0.000641942685990069,0.00128388537198014,0.0152918616788592,6.5443325066103e-05,0.107595984356256,0.000230234850664669,0.3696688613426,Intermediate,Linear,2.78820814545163,2.25348502672918,0.676045508018754,0.0225348502672918,0.847647579407784,0.000873583968426524,0.000912742530927748,0.00358653281187521,0.107595984356256,0.03,0.714285714285714,2.15413303251683,1.29435281078902,0.142493947163144
13/05/26,1,1.40512396694215,1.4,0.00121855120618586,0.00243710241237172,0.0154889851821201,0.000125827477175116,0.108038854845415,0.000438836256289398,0.695973302402156,Intermediate,Linear,2.77677878416287,2.26276048456406,0.678828145369219,0.0226276048456406,0.851136539524394,0.00167193736100296,0.00174682721997038,0.00360129516151383,0.108038854845415,0.03,0.714285714285714,2.15413303251683,1.28904702831587,0.142661021193024
13/05/26,1,1.20690517241379,1.2,0.00152051949705197,0.00304103899410394,0.0209945200235414,0.000212817180180284,0.11854181946175,0.000600817159025353,0.721369135479608,Intermediate,Linear,2.53075244974454,2.48273406109468,0.744820218328404,0.0248273406109468,0.933879520936829,0.00251160561391907,0.00262408064365134,0.00395139398205834,0.11854181946175,0.03,0.833333333333333,1.77042109494224,1.42946356489675,0.17591460137071
13/05/26,1,1.20315789473684,1.2,0.00471743113057902,0.00943486226115804,0.0211255000227371,0.000664387276375386,0.118756403710055,0.00186741718605807,2.22997623492341,Intermediate,Linear,2.5261795627666,2.48722830308168,0.746168490924504,0.0248722830308168,0.93557002843804,0.00782052516220781,0.00817072845028807,0.00395854679033516,0.118756403710055,0.03,0.833333333333333,1.77042109494224,1.42688062743006,0.175918728400649
13/05/26,1,1.40001,1.4,0.000957186579228296,0.00191437315845659,0.0156023484122632,9.95623900310818e-05,0.108290978908002,0.000345515572207446,0.544152692579934,Intermediate,Linear,2.7703138620149,2.26804095858284,0.680412287574851,0.0226804095858284,0.853122787920567,0.0013194636614414,0.00137857153791623,0.00360969929693339,0.108290978908002,0.03,0.714285714285714,2.15413303251683,1.28604585705561,0.142752654376357
13/05/26,1,1.40368421052632,1.4,0.00228300297136488,0.00456600594272976,0.0155207755269089,0.000236226510972136,0.108109744902705,0.000822716229487915,1.30222351237798,Intermediate,Linear,2.7749579861648,2.26424520245203,0.679273560735608,0.0226424520245203,0.851695015622043,0.0031365515963767,0.00327702365731427,0.0036036581634235,0.108109744902705,0.03,0.714285714285714,2.15413303251683,1.28820177039977,0.142687039703388
13/05/26,1,1.41415151515152,1.4,0.000551047514204631,0.00110209502840926,0.0152918616788592,5.61769491046426e-05,0.107595984356256,0.000197634999059718,0.317326003656419,Intermediate,Linear,2.78820814545163,2.25348502672918,0.676045508018754,0.0225348502672918,0.847647579407784,0.000749889802869255,0.000783668651057814,0.00358653281187521,0.107595984356256,0.03,0.714285714285714,2.15413303251683,1.29435281078902,0.142493947163144
13/05/26,1,1.4287653172018,1.4,0.00114935382946771,0.00229870765893542,0.0149806427973321,0.000114787061113344,0.106884936135664,0.000409495368866456,0.670701818625961,Intermediate,Linear,2.80675660056741,2.23859286762144,0.671577860286431,0.0223859286762144,0.842045899134738,0.00154348717604024,0.00161275438089944,0.00356283120452213,0.106884936135664,0.03,0.714285714285714,2.15413303251683,1.30296344663917,0.14220916294109
14/05/26,1,0.598294871794871,0.6,0.0032245781867751,0.0064491563735502,0.0854322189661887,0.00183655246484111,0.168065728324771,0.00180647027166842,0.761067767060387,Intermediate,Linear,1.7850159160366,3.51996038283546,1.05598811485064,0.0351996038283546,1.32403182747233,0.010706499714534,0.011186611116681,0.00560219094415904,0.168065728324771,0.04,1.66666666666667,0.560721398798084,3.1834274915543,0.492605400462729
14/05/26,1,1.40001,1.4,0.00565277076016267,0.0113055415203253,0.0156023484122632,0.00058797665929808,0.108290978908002,0.00204048026386848,3.2135536544605,Intermediate,Linear,2.7703138620149,2.26804095858284,0.680412287574851,0.0226804095858284,0.853122787920567,0.00779223796734221,0.00817324060146142,0.00360969929693339,0.108290978908002,0.03,0.714285714285714,2.15413303251683,1.28604585705561,0.142752654376357
14/05/26,1,0.598294871794871,0.6,0.0060912255546704,0.0121824511093408,0.0854322189661887,0.00346924610239364,0.168065728324771,0.00341242086412046,1.43765638884708,Intermediate,Stokes-2nd,1.7850159160366,3.51996038283546,1.05598811485064,0.0351996038283546,1.32403182747233,0.0202245691947272,0.0211303006250045,0.00560219094415904,0.168065728324771,0.07,1.66666666666667,0.560721398798084,3.1834274915543,0.492605400462729
14/05/26,1,0.800005714285712,0.8,0.00444082830646157,0.00888165661292314,0.0477821920125564,0.00141461673889428,0.147104111727916,0.00217754701119405,1.36811655985377,Intermediate,Linear,2.03937195552277,3.08094131144849,0.924282393434547,0.0308094131144849,1.15889496223425,0.0112961351727575,0.0118022305685062,0.00490347039093054,0.147104111727916,0.03,1.25,0.96053982138029,2.12315190909233,0.308540567592719
14/05/26,1,0.600862660944208,0.6,0.00757437262966724,0.0151487452593345,0.0847035892953353,0.00427717698928775,0.167748560115371,0.00423530034134653,1.79447662582423,Intermediate,Stokes-2nd,1.78839090954742,3.51331762739144,1.05399528821743,0.0351331762739144,1.32153315740977,0.0250542001885096,0.0261763341097618,0.00559161867051238,0.167748560115371,0.08,1.66666666666667,0.560721398798084,3.18944651190568,0.493171122625164
14/05/26,1,0.598294871794871,0.6,0.009202090857121,0.018404181714242,0.0854322189661887,0.0052410336070155,0.168065728324771,0.00515518700670919,2.17188554138301,Intermediate,Stokes-2nd,1.7850159160366,3.51996038283546,1.05598811485064,0.0351996038283546,1.32403182747233,0.0305535103905836,0.0319221138999446,0.00560219094415904,0.168065728324771,0.1,1.66666666666667,0.560721398798084,3.1834274915543,0.492605400462729
14/05/26,1,1.00000714285714,1,0.00477397053985196,0.00954794107970392,0.0305806028880359,0.000973272648522634,0.131530131798973,0.00209306991437048,1.8396616921581,Intermediate,Linear,2.28084619012251,2.75476063856901,0.826428191570703,0.0275476063856901,1.03620221986569,0.00970837446806702,0.0101431155253543,0.00438433772663244,0.131530131798973,0.03,1,1.3729489294698,1.66127533309146,0.224206303205842
14/05/26,1,0.800005714285712,0.8,0.00618912717231388,0.0123782543446278,0.0477821920125564,0.00197153375291755,0.147104111727916,0.00303482018351448,1.9067270317934,Intermediate,Linear,2.03937195552277,3.08094131144849,0.924282393434547,0.0308094131144849,1.15889496223425,0.0157432830803473,0.0164484362231249,0.00490347039093054,0.147104111727916,0.04,1.25,0.96053982138029,2.12315190909233,0.308540567592719
14/05/26,1,0.800005714285712,0.8,0.00647799276484218,0.0129559855296844,0.0477821920125564,0.00206355129430427,0.147104111727916,0.00317646457150659,1.99571984426825,Intermediate,Linear,2.03937195552277,3.08094131144849,0.924282393434547,0.0308094131144849,1.15889496223425,0.0164780705016963,0.0172160166830679,0.00490347039093054,0.147104111727916,0.04,1.25,0.96053982138029,2.12315190909233,0.308540567592719
14/05/26,1,1.20690517241379,1.2,0.00556175450279842,0.0111235090055968,0.0209945200235414,0.000778442441833485,0.11854181946175,0.00219766832720436,2.63862321082515,Intermediate,Linear,2.53075244974454,2.48273406109468,0.744820218328404,0.0248273406109468,0.933879520936829,0.00918694818419072,0.00959841553752297,0.00395139398205834,0.11854181946175,0.03,0.833333333333333,1.77042109494224,1.42946356489675,0.17591460137071
14/05/26,1,0.800005714285712,0.8,0.00681889642505905,0.0136377928501181,0.0477821920125564,0.00217214545530604,0.147104111727916,0.00334362567190992,2.1007443826362,Intermediate,Stokes-2nd,2.03937195552277,3.08094131144849,0.924282393434547,0.0308094131144849,1.15889496223425,0.0173452271582809,0.0181219867727244,0.00490347039093054,0.147104111727916,0.04,1.25,0.96053982138029,2.12315190909233,0.308540567592719
14/05/26,1,1.00000714285714,1,0.00783860723047685,0.0156772144609537,0.0305806028880359,0.00159806223273666,0.131530131798973,0.00343671014048335,3.02062723709831,Intermediate,Stokes-2nd,2.28084619012251,2.75476063856901,0.826428191570703,0.0275476063856901,1.03620221986569,0.0159406376026625,0.0166544339204067,0.00438433772663244,0.131530131798973,0.04,1,1.3729489294698,1.66127533309146,0.224206303205842
14/05/26,1,1.41415151515152,1.4,0.00666217136087425,0.0133243427217485,0.0152918616788592,0.000679180019542306,0.107595984356256,0.00238940961841108,3.83647536578019,Intermediate,Linear,2.78820814545163,2.25348502672918,0.676045508018754,0.0225348502672918,0.847647579407784,0.00906617712575683,0.00947232540358716,0.00358653281187521,0.107595984356256,0.03,0.714285714285714,2.15413303251683,1.29435281078902,0.142493947163144
14/05/26,1,1.00000714285714,1,0.00930394520809766,0.0186078904161953,0.0305806028880359,0.00189680169133919,0.131530131798973,0.00407916379823837,3.58529895448537,Intermediate,Stokes-2nd,2.28084619012251,2.75476063856901,0.826428191570703,0.0275476063856901,1.03620221986569,0.0189205575016788,0.0197680358152896,0.00438433772663244,0.131530131798973,0.04,1,1.3729489294698,1.66127533309146,0.224206303205842
14/05/26,1,1.20690517241379,1.2,0.00933509343359312,0.0186701868671862,0.0209945200235414,0.001306572040088,0.11854181946175,0.00368866320154522,4.42878127697055,Intermediate,Stokes-2nd,2.53075244974454,2.48273406109468,0.744820218328404,0.0248273406109468,0.933879520936829,0.0154197779901734,0.0161102786421385,0.00395139398205834,0.11854181946175,0.03,0.833333333333333,1.77042109494224,1.42946356489675,0.17591460137071
14/05/26,1,1.00000714285714,1,0.0110244743275846,0.0220489486551692,0.0305806028880359,0.00224756714307474,0.131530131798973,0.004833501871072,4.24830922757783,Intermediate,Stokes-2nd,2.28084619012251,2.75476063856901,0.826428191570703,0.0275476063856901,1.03620221986569,0.0224194356023616,0.0234234793759859,0.00438433772663244,0.131530131798973,0.05,1,1.3729489294698,1.66127533309146,0.224206303205842
14/05/26,1,1.19658974358974,1.2,0.0101945808036831,0.0203891616073662,0.0213580547415471,0.00145157609914793,0.119134132678328,0.00404840847355308,4.78856843692751,Intermediate,Stokes-2nd,2.51817000934588,2.49513944009352,0.748541832028057,0.0249513944009352,0.938545799769517,0.0170081885419163,0.0177702367092506,0.00397113775594428,0.119134132678328,0.04,0.833333333333333,1.77042109494224,1.42235653231868,0.175922331021513
14/05/26,1,1.41415151515152,1.4,0.016177975494148,0.032355950988296,0.0152918616788592,0.0016492757566699,0.107595984356256,0.00580228399394749,9.31624257160351,Intermediate,Stokes-2nd,2.78820814545163,2.25348502672918,0.676045508018754,0.0225348502672918,0.847647579407784,0.0220157038030394,0.0230630854335561,0.00358653281187521,0.107595984356256,0.05,0.714285714285714,2.15413303251683,1.29435281078902,0.142493947163144
14/05/26,1,1.20690517241379,1.2,0.0143626416730512,0.0287252833461024,0.0209945200235414,0.00201024512130549,0.11854181946175,0.00567524558733549,6.8139648501582,Intermediate,Stokes-2nd,2.53075244974454,2.48273406109468,0.744820218328404,0.0248273406109468,0.933879520936829,0.0237243202252147,0.0247968470808853,0.00395139398205834,0.11854181946175,0.05,0.833333333333333,1.77042109494224,1.42946356489675,0.17591460137071
14/05/26,1,1.40001,1.4,0.0116277468619043,0.0232554937238086,0.0156023484122632,0.00120946771859354,0.108290978908002,0.00419726696723354,6.61027839383654,Intermediate,Stokes-2nd,2.7703138620149,2.26804095858284,0.680412287574851,0.0226804095858284,0.853122787920567,0.016028629926144,0.0167475603808023,0.00360969929693339,0.108290978908002,0.03,0.714285714285714,2.15413303251683,1.28604585705561,0.142752654376357
14/05/26,1,1.41415151515152,1.4,0.0172545532570616,0.0345091065141232,0.0152918616788592,0.00175902827824997,0.107595984356256,0.00618840214106997,9.93620021649705,Intermediate,Stokes-2nd,2.78820814545163,2.25348502672918,0.676045508018754,0.0225348502672918,0.847647579407784,0.0234807583865265,0.0245326595814934,0.00358653281187521,0.107595984356256,0.05,0.714285714285714,2.15413303251683,1.29435281078902,0.142493947163144
14/05/26,1,0.598294871794871,0.6,0.00011104744392474,0.00022209488784948,0.0854322189661887,6.32468636334263e-05,0.168065728324771,6.22108984727187e-05,0.0262095149474693,Intermediate,Linear,1.7850159160366,3.51996038283546,1.05598811485064,0.0351996038283546,1.32403182747233,0.000368708512498191,0.000386812214183132,0.00560219094415904,0.168065728324771,0.03,1.66666666666667,0.560721398798084,3.1834274915543,0.492605400462729
14/05/26,1,1.40001,1.4,0.00469985506304012,0.00939971012608024,0.0156023484122632,0.000488858507871275,0.108290978908002,0.00169650635167448,2.67182892320803,Intermediate,Linear,2.7703138620149,2.26804095858284,0.680412287574851,0.0226804095858284,0.853122787920567,0.0064786616363995,0.0068165195700098,0.00360969929693339,0.108290978908002,0.03,0.714285714285714,2.15413303251683,1.28604585705561,0.142752654376357
14/05/26,1,0.598294871794871,0.6,0.000186099449220099,0.000372198898440198,0.0854322189661887,0.000105992592635057,0.168065728324771,0.000104256464913382,0.043923354952282,Intermediate,Linear,1.7850159160366,3.51996038283546,1.05598811485064,0.0351996038283546,1.32403182747233,0.000617902120693374,0.000645995127747254,0.00560219094415904,0.168065728324771,0.03,1.66666666666667,0.560721398798084,3.1834274915543,0.492605400462729
14/05/26,1,0.800005714285712,0.8,0.000204350019199797,0.000408700038399594,0.0477821920125564,6.50952790344952e-05,0.147104111727916,0.000100202426853229,0.0629555177503457,Intermediate,Linear,2.03937195552277,3.08094131144849,0.924282393434547,0.0308094131144849,1.15889496223425,0.000519805153484032,0.000543732463237959,0.00490347039093054,0.147104111727916,0.03,1.25,0.96053982138029,2.12315190909233,0.308540567592719
14/05/26,1,0.598294871794871,0.6,0.000245226991151139,0.000490453982302278,0.0854322189661887,0.000139668573362958,0.168065728324771,0.000137380842909028,0.0578786891705013,Intermediate,Linear,1.7850159160366,3.51996038283546,1.05598811485064,0.0351996038283546,1.32403182747233,0.000814222065237467,0.000851093134523933,0.00560219094415904,0.168065728324771,0.03,1.66666666666667,0.560721398798084,3.1834274915543,0.492605400462729
14/05/26,1,0.598294871794871,0.6,0.000303992441548845,0.00060798488309769,0.0854322189661887,0.000173138325536448,0.168065728324771,0.000170302370313773,0.0717485622279783,Intermediate,Linear,1.7850159160366,3.51996038283546,1.05598811485064,0.0351996038283546,1.32403182747233,0.00100933976481378,0.00105522280888257,0.00560219094415904,0.168065728324771,0.03,1.66666666666667,0.560721398798084,3.1834274915543,0.492605400462729
14/05/26,1,1.00000714285714,1,0.000379580436222555,0.00075916087244511,0.0305806028880359,7.73853238945959e-05,0.131530131798973,0.000166420882682215,0.146272286722772,Intermediate,Linear,2.28084619012251,2.75476063856901,0.826428191570703,0.0275476063856901,1.03620221986569,0.000771916999662731,0.000806640970598691,0.00438433772663244,0.131530131798973,0.03,1,1.3729489294698,1.66127533309146,0.224206303205842
14/05/26,1,0.795460227272727,0.8,0.000363512744397004,0.000727025488794008,0.0483298344418265,0.000117123405028008,0.147506238749661,0.000178734658878564,0.111380100166115,Intermediate,Linear,2.03381228172418,3.08936344009732,0.926809032029196,0.0308936344009732,1.16206294288553,0.00092972967686481,0.000971496885868692,0.00491687462498871,0.147506238749661,0.03,1.25,0.96053982138029,2.11736383693245,0.308171183616391
14/05/26,1,0.795460227272727,0.8,0.000404113236273534,0.000808226472547068,0.0483298344418265,0.000130204838699004,0.147506238749661,0.000198697411705541,0.123820068012367,Intermediate,Linear,2.03381228172418,3.08936344009732,0.926809032029196,0.0308936344009732,1.16206294288553,0.00103357055390348,0.00108051284146308,0.00491687462498871,0.147506238749661,0.03,1.25,0.96053982138029,2.11736383693245,0.308171183616391
14/05/26,1,1.20690517241379,1.2,0.00044715437452255,0.0008943087490451,0.0209945200235414,6.25852764635186e-05,0.11854181946175,0.000176688310453947,0.21214023575538,Intermediate,Linear,2.53075244974454,2.48273406109468,0.744820218328404,0.0248273406109468,0.933879520936829,0.000738612980311506,0.000771977348882171,0.00395139398205834,0.11854181946175,0.03,0.833333333333333,1.77042109494224,1.42946356489675,0.17591460137071
14/05/26,1,0.800005714285712,0.8,0.000421154888639135,0.00084230977727827,0.0477821920125564,0.00013415802503988,0.147104111727916,0.000206512052643765,0.129748086989131,Intermediate,Linear,2.03937195552277,3.08094131144849,0.924282393434547,0.0308094131144849,1.15889496223425,0.00107129171011027,0.0011198641006328,0.00490347039093054,0.147104111727916,0.03,1.25,0.96053982138029,2.12315190909233,0.308540567592719
14/05/26,1,1.00000714285714,1,0.00136980590987611,0.00273961181975222,0.0305806028880359,0.00027926327042404,0.131530131798973,0.000600569172883391,0.527858192055159,Intermediate,Linear,2.28084619012251,2.75476063856901,0.826428191570703,0.0275476063856901,1.03620221986569,0.00278564532617768,0.00291060543089066,0.00438433772663244,0.131530131798973,0.03,1,1.3729489294698,1.66127533309146,0.224206303205842
14/05/26,1,1.41415151515152,1.4,0.000940588589353002,0.001881177178706,0.0152918616788592,9.58890040339958e-05,0.107595984356256,0.000337345183818996,0.541646973174403,Intermediate,Linear,2.78820814545163,2.25348502672918,0.676045508018754,0.0225348502672918,0.847647579407784,0.00127999450803995,0.00133763243319474,0.00358653281187521,0.107595984356256,0.03,0.714285714285714,2.15413303251683,1.29435281078902,0.142493947163144
14/05/26,1,1.00000714285714,1,0.00107215103757468,0.00214430207514936,0.0305806028880359,0.000218580167440446,0.131530131798973,0.000470067224268679,0.413156129801937,Intermediate,Linear,2.28084619012251,2.75476063856901,0.826428191570703,0.0275476063856901,1.03620221986569,0.00218033263343606,0.00228113806321096,0.00438433772663244,0.131530131798973,0.03,1,1.3729489294698,1.66127533309146,0.224206303205842
14/05/26,1,1.19658974358974,1.2,0.000624321615277456,0.00124864323055491,0.0213580547415471,8.88953015695135e-05,0.119134132678328,0.000247926713828043,0.293254508349097,Intermediate,Linear,2.51817000934588,2.49513944009352,0.748541832028057,0.0249513944009352,0.938545799769517,0.00104159062034178,0.00109432152254869,0.00397113775594428,0.119134132678328,0.03,0.833333333333333,1.77042109494224,1.42235653231868,0.175922331021513
14/05/26,1,1.00000714285714,1,0.00216648657670907,0.00433297315341814,0.0305806028880359,0.000441683104430669,0.131530131798973,0.000949860883250834,0.83486111371563,Intermediate,Linear,2.28084619012251,2.75476063856901,0.826428191570703,0.0275476063856901,1.03620221986569,0.00440577979925793,0.0046050907231299,0.00438433772663244,0.131530131798973,0.03,1,1.3729489294698,1.66127533309146,0.224206303205842
14/05/26,1,1.20690517241379,1.2,0.00219158370481371,0.00438316740962742,0.0209945200235414,0.000306741653159856,0.11854181946175,0.000865981066237802,1.03973730395292,Intermediate,Linear,2.53075244974454,2.48273406109468,0.744820218328404,0.0248273406109468,0.933879520936829,0.00362007455153042,0.00380195086290255,0.00395139398205834,0.11854181946175,0.03,0.833333333333333,1.77042109494224,1.42946356489675,0.17591460137071
14/05/26,1,1.40001,1.4,0.00625716127748667,0.0125143225549733,0.0156023484122632,0.000650842735487127,0.108290978908002,0.00225864706641425,3.55714468938369,Intermediate,Linear,2.7703138620149,2.26804095858284,0.680412287574851,0.0226804095858284,0.853122787920567,0.00862537890583272,0.00904009554445071,0.00360969929693339,0.108290978908002,0.03,0.714285714285714,2.15413303251683,1.28604585705561,0.142752654376357
14/05/26,1,1.20690517241379,1.2,0.00780848686394205,0.0156169737278841,0.0209945200235414,0.00109290289212394,0.11854181946175,0.00308544080031622,3.70452429539168,Intermediate,Linear,2.53075244974454,2.48273406109468,0.744820218328404,0.0248273406109468,0.933879520936829,0.0128981177036626,0.0135001154055655,0.00395139398205834,0.11854181946175,0.03,0.833333333333333,1.77042109494224,1.42946356489675,0.17591460137071
14/05/26,1,1.40001,1.4,0.00921851191601433,0.0184370238320287,0.0156023484122632,0.000958869565041705,0.108290978908002,0.0033276055982009,5.24064815526732,Intermediate,Stokes-2nd,2.7703138620149,2.26804095858284,0.680412287574851,0.0226804095858284,0.853122787920567,0.0127075449548738,0.0132776415215549,0.00360969929693339,0.108290978908002,0.03,0.714285714285714,2.15413303251683,1.28604585705561,0.142752654376357
14/05/26,1,1.41415151515152,1.4,0.00837752572726868,0.0167550514545374,0.0152918616788592,0.000854053097549844,0.107595984356256,0.00300462709031779,4.82427865299436,Intermediate,Linear,2.78820814545163,2.25348502672918,0.676045508018754,0.0225348502672918,0.847647579407784,0.0114005071327129,0.011911519335547,0.00358653281187521,0.107595984356256,0.03,0.714285714285714,2.15413303251683,1.29435281078902,0.142493947163144
14/05/26,1,0.566805668016195,0.6,4.94565392331783e-05,9.89130784663566e-05,0.0951883674283765,3.13845815217579e-05,0.172095275478342,2.83707891451308e-05,0.0111325477916117,Intermediate,Linear,1.74322042930083,3.60435502106847,1.08130650632054,0.0360435502106847,1.3557768401814,0.000172178092767177,0.000179953593339882,0.00573650918261139,0.172095275478342,0.03,1.66666666666667,0.560721398798084,3.10888871556794,0.485415769474568
14/05/26,1,0.597547169811322,0.6,7.05959108884032e-05,0.000141191821776806,0.0856461528864204,4.03084545140286e-05,0.168158393187602,3.95709831353634e-05,0.0166437502169438,Intermediate,Linear,1.78403227048746,3.52190115118423,1.05657034535527,0.0352190115118423,1.3247618467862,0.000234656678016498,0.000245397882970218,0.00560527977292007,0.168158393187602,0.03,1.66666666666667,0.560721398798084,3.18167324149133,0.492440097870074
14/05/26,1,1.40001,1.4,0.00235557001866765,0.0047111400373353,0.0156023484122632,0.000245016160938227,0.108290978908002,0.000850289944026199,1.33912216910936,Intermediate,Linear,2.7703138620149,2.26804095858284,0.680412287574851,0.0226804095858284,0.853122787920567,0.00324710888040095,0.00341180165788873,0.00360969929693339,0.108290978908002,0.03,0.714285714285714,2.15413303251683,1.28604585705561,0.142752654376357
14/05/26,1,1.4065625,1.4,0.00339991413704751,0.00679982827409502,0.0154573192969782,0.000350357055991023,0.107968096414189,0.0012236075244957,1.94440084649317,Intermediate,Linear,2.77859858572606,2.26127852344594,0.678383557033781,0.0226127852344594,0.850579100384726,0.00465881121534081,0.00486857693866894,0.00359893654713963,0.107968096414189,0.03,0.714285714285714,2.15413303251683,1.2898918236631,0.142634852260497
14/05/26,1,0.598294871794871,0.6,0.000135634377835006,0.000271268755670012,0.0854322189661887,7.72503057769534e-05,0.168065728324771,7.59849683223916e-05,0.0320125446171148,Intermediate,Linear,1.7850159160366,3.51996038283546,1.05598811485064,0.0351996038283546,1.32403182747233,0.000450343996472855,0.000472128348182802,0.00560219094415904,0.168065728324771,0.03,1.66666666666667,0.560721398798084,3.1834274915543,0.492605400462729
14/05/26,1,0.59768924302789,0.6,0.00010850982549924,0.00021701965099848,0.0856054408328768,6.19268763104065e-05,0.168140774830995,6.08164204540609e-05,0.0255877275114119,Intermediate,Linear,1.78421920739655,3.52153215318633,1.0564596459559,0.0352153215318633,1.32462304832248,0.000360604737547373,0.00037695134728797,0.0056046924943665,0.168140774830995,0.03,1.66666666666667,0.560721398798084,3.18200662792798,0.492471527450797
14/05/26,1,0.800005714285712,0.8,0.000148984607554021,0.000297969215108042,0.0477821920125564,4.74587408337439e-05,0.147104111727916,7.30541611845548e-05,0.0458987140893049,Intermediate,Linear,2.03937195552277,3.08094131144849,0.924282393434547,0.0308094131144849,1.15889496223425,0.000378972153267374,0.000397384258975689,0.00490347039093054,0.147104111727916,0.03,1.25,0.96053982138029,2.12315190909233,0.308540567592719
14/05/26,1,0.798215962441317,0.8,0.00016028689626307,0.00032057379252614,0.0479967057391983,5.12882866252532e-05,0.147262139279744,7.86806374740336e-05,0.0492747636723217,Intermediate,Linear,2.03718349785827,3.0842510327544,0.925275309826321,0.030842510327544,1.16013991270882,0.000408598251688873,0.000426934907699025,0.00490873797599147,0.147262139279744,0.03,1.25,0.96053982138029,2.12087354684665,0.30839566336159
14/05/26,1,0.600862660944208,0.6,0.000113762974236456,0.000227525948472912,0.0847035892953353,6.42408816449372e-05,0.167748560115371,6.36119170753586e-05,0.0269520669410917,Intermediate,Linear,1.78839090954742,3.51331762739144,1.05399528821743,0.0351331762739144,1.32153315740977,0.000376300516216568,0.000394459571471274,0.00559161867051238,0.167748560115371,0.03,1.66666666666667,0.560721398798084,3.18944651190568,0.493171122625164
14/05/26,1,0.598661971830985,0.6,0.000531324636795081,0.00106264927359016,0.0853274768696866,0.000302243937709513,0.168020283921004,0.000297577721095113,0.125471550991611,Intermediate,Linear,1.7854987088407,3.51900859746865,1.0557025792406,0.0351900859746865,1.32367381375016,0.00176319220306682,0.00184222923558476,0.00560067613070014,0.168020283921004,0.03,1.66666666666667,0.560721398798084,3.18428851238412,0.492686464592354
14/05/26,1,0.598294871794871,0.6,0.000177181034589654,0.000354362069179308,0.0854322189661887,0.000100913126291461,0.168065728324771,9.92601987454888e-05,0.041818422922304,Intermediate,Linear,1.7850159160366,3.51996038283546,1.05598811485064,0.0351996038283546,1.32403182747233,0.000588290494562996,0.000615634042561234,0.00560219094415904,0.168065728324771,0.03,1.66666666666667,0.560721398798084,3.1834274915543,0.492605400462729
14/05/26,1,0.598922155688624,0.6,0.00011478154618743,0.00022956309237486,0.0852533570207574,6.52367475767435e-05,0.167988095433892,6.42731111166121e-05,0.0271158859776571,Intermediate,Linear,1.78584083131092,3.51833444337103,1.05550033301131,0.0351833444337103,1.32342023092967,0.000380754774149289,0.000397875968189324,0.00559960318112972,0.167988095433892,0.03,1.66666666666667,0.560721398798084,3.18489865936792,0.492743881448472
14/05/26,1,1.00000714285714,1,0.000314480824888653,0.000628961649777306,0.0305806028880359,6.41134214788123e-05,0.131530131798973,0.000137879014486181,0.121185985886682,Intermediate,Linear,2.28084619012251,2.75476063856901,0.826428191570703,0.0275476063856901,1.03620221986569,0.000639530048532794,0.000668260439814415,0.00438433772663244,0.131530131798973,0.03,1,1.3729489294698,1.66127533309146,0.224206303205842
14/05/26,1,1.00011428571429,1,0.000299987466015119,0.000599974932030238,0.0305740510015025,6.11455472383849e-05,0.13152271351623,0.000131517218503887,0.115613974033907,Intermediate,Linear,2.28097483681388,2.75460527041855,0.826381581125564,0.0275460527041855,1.03614377819197,0.000609987456736357,0.000637338762448237,0.00438409045054099,0.13152271351623,0.03,1,1.3729489294698,1.66136903409418,0.224209226116489
14/05/26,1,0.800005714285712,0.8,0.000133380181219245,0.00026676036243849,0.0477821920125564,4.24879828645835e-05,0.147104111727916,6.54025769345517e-05,0.0410913510024317,Intermediate,Linear,2.03937195552277,3.08094131144849,0.924282393434547,0.0308094131144849,1.15889496223425,0.000339279173263061,0.000357745294551214,0.00490347039093054,0.147104111727916,0.03,1.25,0.96053982138029,2.12315190909233,0.308540567592719
14/05/26,1,0.810919937434071,0.8,0.000156004638096571,0.000312009276193142,0.0465046404459969,4.83662640172594e-05,0.146148928672684,7.59997024192789e-05,0.0486917046405836,Intermediate,Linear,2.0527006439567,3.06093600432082,0.918280801296247,0.0306093600432082,1.1513699731791,0.000391692320484347,0.000410065137141759,0.00487163095575614,0.146148928672684,0.03,1.25,0.96053982138029,2.13702815673688,0.309409142636357
14/05/26,1,0.800005714285712,0.8,0.000277056713589128,0.000554113427178256,0.0477821920125564,8.82558472472236e-05,0.147104111727916,0.000135853939169281,0.0853547698136459,Intermediate,Linear,2.03937195552277,3.08094131144849,0.924282393434547,0.0308094131144849,1.15889496223425,0.000704749175433997,0.000736584986695003,0.00490347039093054,0.147104111727916,0.03,1.25,0.96053982138029,2.12315190909233,0.308540567592719
14/05/26,1,0.819783909700812,0.8,0.000271389824598239,0.000542779649196478,0.0455044078684474,8.23295551324311e-05,0.145383692416726,0.000131518849281398,0.0855994376884427,Intermediate,Linear,2.06350516356459,3.04490893365429,0.913472680096287,0.0304490893365429,1.14534139633286,0.000674281468596976,0.000704801752967479,0.00484612308055752,0.145383692416726,0.03,1.25,0.96053982138029,2.14827653953935,0.310095572337368
14/05/26,1,1.20690517241379,1.2,0.000371899514538757,0.000743799029077514,0.0209945200235414,5.20523453648617e-05,0.11854181946175,0.000146952150367886,0.176437613465827,Intermediate,Linear,2.53075244974454,2.48273406109468,0.744820218328404,0.0248273406109468,0.933879520936829,0.000614306432992351,0.000642105547823937,0.00395139398205834,0.11854181946175,0.03,0.833333333333333,1.77042109494224,1.42946356489675,0.17591460137071
14/05/26,1,1.20581560283688,1.2,0.000522888714186408,0.00104577742837282,0.0210324782737333,7.33176368047066e-05,0.118604144182882,0.000206722561496555,0.247809688070981,Intermediate,Linear,2.52942257681498,2.48403938700164,0.745211816100492,0.0248403938700164,0.934370518805574,0.00086461998703851,0.000903435079423413,0.00395347147276273,0.118604144182882,0.03,0.833333333333333,1.77042109494224,1.42871240296507,0.175915956480228
14/05/26,1,0.800005714285712,0.8,0.00022648146535427,0.00045296293070854,0.0477821920125564,7.21452057656191e-05,0.147104111727916,0.000111054515945922,0.0697737047839202,Intermediate,Linear,2.03937195552277,3.08094131144849,0.924282393434547,0.0308094131144849,1.15889496223425,0.00057610091411179,0.000601945846609478,0.00490347039093054,0.147104111727916,0.03,1.25,0.96053982138029,2.12315190909233,0.308540567592719
14/05/26,1,0.814670028659609,0.8,0.000364053325043598,0.000728106650087196,0.0460774852876722,0.00011183107819083,0.145824045824043,0.000176959095845176,0.114134109887879,Intermediate,Linear,2.05727387623021,3.05413167385036,0.916239502155108,0.0305413167385036,1.14881052672866,0.000909996166803811,0.000951301941263348,0.00486080152746809,0.145824045824043,0.03,1.25,0.96053982138029,2.14178926311865,0.309701621923203
14/05/26,1,1.00000714285714,1,0.000453370666596061,0.000906741333192122,0.0305806028880359,9.24289887750551e-05,0.131530131798973,0.000198773011770561,0.174707539714063,Intermediate,Linear,2.28084619012251,2.75476063856901,0.826428191570703,0.0275476063856901,1.03620221986569,0.000921977244603653,0.000963709877949821,0.00438433772663244,0.131530131798973,0.03,1,1.3729489294698,1.66127533309146,0.224206303205842
14/05/26,1,1.00015398829689,1,0.000439473640991653,0.000878947281983306,0.0305716236858962,8.95694851484496e-05,0.131519964827443,0.000192665192686035,0.169378469651414,Intermediate,Linear,2.2810225078269,2.75454770201522,0.826364310604565,0.0275454770201522,1.03612212385784,0.000893578012890573,0.00093366051136046,0.00438399882758143,0.131519964827443,0.03,1,1.3729489294698,1.66140375571565,0.22421030880882
14/05/26,1,1.41415151515152,1.4,0.00099584235660218,0.00199168471320436,0.0152918616788592,0.000101521890474064,0.107595984356256,0.000357162128740885,0.573465385736251,Intermediate,Linear,2.78820814545163,2.25348502672918,0.676045508018754,0.0225348502672918,0.847647579407784,0.00135518627565018,0.00141595669152271,0.00358653281187521,0.107595984356256,0.03,0.714285714285714,2.15413303251683,1.29435281078902,0.142493947163144
14/05/26,1,1.40512396694215,1.4,0.000878841467738133,0.00175768293547627,0.0154889851821201,9.07490831415242e-05,0.108038854845415,0.000316496752550305,0.501948703907297,Intermediate,Linear,2.77677878416287,2.26276048456406,0.678828145369219,0.0226276048456406,0.851136539524394,0.00120583187382767,0.00125992564069901,0.00360129516151383,0.108038854845415,0.03,0.714285714285714,2.15413303251683,1.28904702831587,0.142661021193024
14/05/26,1,1.00000714285714,1,0.00069893896701545,0.0013978779340309,0.0305806028880359,0.000142493166621823,0.131530131798973,0.000306438448169934,0.269337908988175,Intermediate,Linear,2.28084619012251,2.75476063856901,0.826428191570703,0.0275476063856901,1.03620221986569,0.00142136637950857,0.00148578442263362,0.00438433772663244,0.131530131798973,0.03,1,1.3729489294698,1.66127533309146,0.224206303205842
14/05/26,1,1.00014304105278,1,0.000694828300804322,0.00138965660160864,0.0305722929438825,0.000141616629052599,0.131520722715539,0.000304614400949981,0.267792165268444,Intermediate,Linear,2.2810093634359,2.75456357518638,0.826369072555913,0.0275456357518638,1.03612809454544,0.0014128047513225,0.00147700932565223,0.00438402409051796,0.131520722715539,0.03,1,1.3729489294698,1.66139418187738,0.224210010299023
14/05/26,1,1.20690517241379,1.2,0.000715816993062017,0.00143163398612403,0.0209945200235414,0.000100188227960211,0.11854181946175,0.000282847495864035,0.339599910719929,Intermediate,Linear,2.53075244974454,2.48273406109468,0.744820218328404,0.0248273406109468,0.933879520936829,0.00118239192710055,0.00123537290976695,0.00395139398205834,0.11854181946175,0.03,0.833333333333333,1.77042109494224,1.42946356489675,0.17591460137071
14/05/26,1,1.20724137931035,1.2,0.00095584376921121,0.00191168753842242,0.0209828280459884,0.000133708702987921,0.118522599313445,0.000377630293548244,0.453621175462211,Intermediate,Linear,2.53116284774197,2.4823315152499,0.74469945457497,0.024823315152499,0.933728103462614,0.0015783580241605,0.00164912821296225,0.00395075331044816,0.118522599313445,0.03,0.833333333333333,1.77042109494224,1.42969537302342,0.175914157553433
14/05/26,1,1.00000714285714,1,0.000960081971283059,0.00192016394256612,0.0305806028880359,0.000195732570025133,0.131530131798973,0.000420932360735596,0.369970030011087,Intermediate,Linear,2.28084619012251,2.75476063856901,0.826428191570703,0.0275476063856901,1.03620221986569,0.00195242832343598,0.00204134840808284,0.00438433772663244,0.131530131798973,0.03,1,1.3729489294698,1.66127533309146,0.224206303205842
14/05/26,1,1.00025138260432,1,0.00115970735368214,0.00231941470736428,0.0305656704681184,0.000236314885414013,0.131513222509044,0.000508389504167247,0.447011105537011,Intermediate,Linear,2.2811394495285,2.75440649122889,0.826321947368667,0.0275440649122889,1.03606900747153,0.00235778132936861,0.00246493846154495,0.00438377408363481,0.131513222509044,0.03,1,1.3729489294698,1.66148893128124,0.224212963810674
14/05/26,1,1.19658974358974,1.2,0.0011566034692418,0.0023132069384836,0.0213580547415471,0.000164685334735531,0.119134132678328,0.000459303170536225,0.543276371388532,Intermediate,Linear,2.51817000934588,2.49513944009352,0.748541832028057,0.0249513944009352,0.938545799769517,0.00192962616628553,0.00201828246887584,0.00397113775594428,0.119134132678328,0.03,0.833333333333333,1.77042109494224,1.42235653231868,0.175922331021513
14/05/26,1,1.20388940313346,1.2,0.00108593176494206,0.00217186352988412,0.0210998352304728,0.000152753208745427,0.118714462392303,0.000429719352232737,0.513693437651103,Intermediate,Linear,2.52707205132785,2.4863498861768,0.745904965853041,0.024863498861768,0.935239612236335,0.00179897890760275,0.00188197129330834,0.00395714874641009,0.118714462392303,0.03,0.833333333333333,1.77042109494224,1.42738473832425,0.17591804094804
14/05/26,1,1.41415151515152,1.4,0.00190624832423745,0.0038124966484749,0.0152918616788592,0.000194333904665308,0.107595984356256,0.000683682216245975,1.0977314063019,Intermediate,Linear,2.78820814545163,2.25348502672918,0.676045508018754,0.0225348502672918,0.847647579407784,0.00259410693857415,0.00271526337773708,0.00358653281187521,0.107595984356256,0.03,0.714285714285714,2.15413303251683,1.29435281078902,0.142493947163144
14/05/26,1,1.4004,1.4,0.00211606611592259,0.00423213223184518,0.0155936593683029,0.000219981428083364,0.108271719581715,0.000763700390398462,1.20339417579212,Intermediate,Linear,2.77080664423718,2.26763759219632,0.680291277658898,0.0226763759219633,0.852971061799876,0.00291591980652734,0.00305091970343845,0.00360905731939049,0.108271719581715,0.03,0.714285714285714,2.15413303251683,1.28627461833211,0.142745743149666
14/05/26,1,1.20690517241379,1.2,0.00293474693800698,0.00586949387601396,0.0209945200235414,0.000410757355693428,0.11854181946175,0.00115963413897049,1.39231089481332,Intermediate,Linear,2.53075244974454,2.48273406109468,0.744820218328404,0.0248273406109468,0.933879520936829,0.00484763720506124,0.0050660551465205,0.00395139398205834,0.11854181946175,0.03,0.833333333333333,1.77042109494224,1.42946356489675,0.17591460137071
14/05/26,1,1.21232323232323,1.2,0.00314789663523409,0.00629579327046818,0.0208072838442247,0.000436661192010638,0.118232728397398,0.00124061469298905,1.50125262889086,Intermediate,Linear,2.53736849404046,2.47626047298094,0.742878141894283,0.0247626047298094,0.931444483104492,0.00517263889316858,0.00540583961917449,0.00394109094657992,0.118232728397398,0.03,0.833333333333333,1.77042109494224,1.43320055397512,0.175905974998365
14/05/26,1,1.40001,1.4,0.00292354036472433,0.00584708072944866,0.0156023484122632,0.000304093969118294,0.108290978908002,0.00105531015991018,1.66200863640759,Intermediate,Linear,2.7703138620149,2.26804095858284,0.680412287574851,0.0226804095858284,0.853122787920567,0.00403004529913165,0.00421205036098686,0.00360969929693339,0.108290978908002,0.03,0.714285714285714,2.15413303251683,1.28604585705561,0.142752654376357
14/05/26,1,1.40205607476636,1.4,0.0025311564625524,0.0050623129251048,0.0155568434167015,0.000262512031673998,0.108189996593002,0.000912819363532996,1.44162902792182,Intermediate,Linear,2.77289961592812,2.2659259899232,0.679777796976959,0.022659259899232,0.852327243222642,0.00348264718798301,0.00363951964885746,0.00360633321976673,0.108189996593002,0.03,0.714285714285714,2.15413303251683,1.28724622577666,0.142716254233623
14/05/26,1,1.41415151515152,1.4,0.00744189476324352,0.014883789526487,0.0152918616788592,0.000758669502320975,0.107595984356256,0.00266905997508952,4.2854865759811,Intermediate,Linear,2.78820814545163,2.25348502672918,0.676045508018754,0.0225348502672918,0.847647579407784,0.0101272591802493,0.0105817836553512,0.00358653281187521,0.107595984356256,0.03,0.714285714285714,2.15413303251683,1.29435281078902,0.142493947163144
14/05/26,1,1.41528304402851,1.4,0.00556388392854155,0.0111277678570831,0.0152674195488745,0.00056630766838856,0.107540670690662,0.00199447936440117,3.20731282538937,Intermediate,Linear,2.78964226346461,2.25232654002601,0.675697962007803,0.0225232654002601,0.847211815052544,0.00756379616969625,0.00790506935297048,0.00358468902302205,0.107540670690662,0.03,0.714285714285714,2.15413303251683,1.29501856262112,0.142472528193405
14/05/26,1,0.622226666666665,0.6,5.48332081139115e-05,0.000109666416227823,0.0789868888370828,2.88740300924944e-05,0.165171624457767,3.01896335280186e-05,0.0133992816681515,Intermediate,Linear,1.81629260464594,3.45934641318676,1.03780392395603,0.0345934641318676,1.30123190466761,0.000175845318293464,0.00018429982698198,0.00550572081525891,0.165171624457767,0.03,1.66666666666667,0.560721398798084,3.23920686554713,0.497761338592823
14/05/26,1,1.40001,1.4,0.000627240412186708,0.00125448082437342,0.0156023484122632,6.52428229945908e-05,0.108290978908002,0.000226414927487857,0.35658101209643,Intermediate,Linear,2.7703138620149,2.26804095858284,0.680412287574851,0.0226804095858284,0.853122787920567,0.00086463908795622,0.000907210472578617,0.00360969929693339,0.108290978908002,0.03,0.714285714285714,2.15413303251683,1.28604585705561,0.142752654376357
14/05/26,1,0.600862660944208,0.6,8.37774981604769e-05,0.000167554996320954,0.0847035892953353,4.73083653091716e-05,0.167748560115371,4.68451822882939e-05,0.019848081097855,Intermediate,Linear,1.78839090954742,3.51331762739144,1.05399528821743,0.0351331762739144,1.32153315740977,0.00027711578408274,0.000290926002400731,0.00559161867051238,0.167748560115371,0.03,1.66666666666667,0.560721398798084,3.18944651190568,0.493171122625164
14/05/26,1,0.800005714285712,0.8,0.000131096889874359,0.000262193779748718,0.0477821920125564,4.17606450948372e-05,0.147104111727916,6.42829717842001e-05,0.0403879217130434,Intermediate,Linear,2.03937195552277,3.08094131144849,0.924282393434547,0.0308094131144849,1.15889496223425,0.000333471164961301,0.00034927440678622,0.00490347039093054,0.147104111727916,0.03,1.25,0.96053982138029,2.12315190909233,0.308540567592719
14/05/26,1,0.590721518987341,0.6,5.94702575350246e-05,0.000118940515070049,0.0876368307968415,3.47452326469436e-05,0.169010874276118,3.35037340647347e-05,0.0138796739298373,Intermediate,Linear,1.77503371475306,3.53975547335093,1.06192664200528,0.0353975547335093,1.33147774362468,0.000199684975821499,0.000209494125213932,0.00563369580920393,0.169010874276118,0.03,1.66666666666667,0.560721398798084,3.16562506542086,0.490919068176216
14/05/26,1,0.598294871794871,0.6,0.000128593412445249,0.000257186824890498,0.0854322189661887,7.32401371308795e-05,0.168065728324771,7.20404850679282e-05,0.0303507298008051,Intermediate,Linear,1.7850159160366,3.51996038283546,1.05598811485064,0.0351996038283546,1.32403182747233,0.000426966025907698,0.000447350030169772,0.00560219094415904,0.168065728324771,0.03,1.66666666666667,0.560721398798084,3.1834274915543,0.492605400462729
14/05/26,1,1.00000714285714,1,0.000150450996390332,0.000300901992780664,0.0305806028880359,3.06725478314804e-05,0.131530131798973,6.59627979483574e-05,0.0579766741951644,Intermediate,Linear,2.28084619012251,2.75476063856901,0.826428191570703,0.0275476063856901,1.03620221986569,0.000305958027989095,0.000321614309496368,0.00438433772663244,0.131530131798973,0.03,1,1.3729489294698,1.66127533309146,0.224206303205842
14/05/26,1,0.800005714285712,0.8,0.000204599517068515,0.00040919903413703,0.0477821920125564,6.51747560682939e-05,0.147104111727916,0.000100324767394415,0.0630323822770253,Intermediate,Linear,2.03937195552277,3.08094131144849,0.924282393434547,0.0308094131144849,1.15889496223425,0.000520439801224467,0.000544654856428485,0.00490347039093054,0.147104111727916,0.03,1.25,0.96053982138029,2.12315190909233,0.308540567592719
14/05/26,1,0.800005714285712,0.8,0.000280329729296469,0.000560659458592938,0.0477821920125564,8.92984596804788e-05,0.147104111727916,0.000137458852730281,0.0863631103034954,Intermediate,Linear,2.03937195552277,3.08094131144849,0.924282393434547,0.0308094131144849,1.15889496223425,0.000713074745643249,0.000745035609679,0.00490347039093054,0.147104111727916,0.03,1.25,0.96053982138029,2.12315190909233,0.308540567592719
14/05/26,1,1.20690517241379,1.2,0.000261442865114428,0.000522885730228856,0.0209945200235414,3.65924497777125e-05,0.11854181946175,0.000103306376386524,0.124034459242755,Intermediate,Linear,2.53075244974454,2.48273406109468,0.744820218328404,0.0248273406109468,0.933879520936829,0.000431853303435833,0.000451230213106261,0.00395139398205834,0.11854181946175,0.03,0.833333333333333,1.77042109494224,1.42946356489675,0.17591460137071
14/05/26,1,0.800005714285712,0.8,0.000137653176443874,0.000275306352887748,0.0477821920125564,4.38491367198632e-05,0.147104111727916,6.74978274910073e-05,0.0424077620689178,Intermediate,Linear,2.03937195552277,3.08094131144849,0.924282393434547,0.0308094131144849,1.15889496223425,0.000350148391417639,0.000367239557871819,0.00490347039093054,0.147104111727916,0.03,1.25,0.96053982138029,2.12315190909233,0.308540567592719
14/05/26,1,1.00000714285714,1,0.000420953673376836,0.000841907346753672,0.0305806028880359,8.58201141319799e-05,0.131530131798973,0.000184560307135057,0.162215568910614,Intermediate,Linear,2.28084619012251,2.75476063856901,0.826428191570703,0.0275476063856901,1.03620221986569,0.000856053857210738,0.000894406924554497,0.00438433772663244,0.131530131798973,0.03,1,1.3729489294698,1.66127533309146,0.224206303205842
14/05/26,1,1.41415151515152,1.4,0.000543182874665382,0.00108636574933076,0.0152918616788592,5.53751825713874e-05,0.107595984356256,0.000194814320283609,0.312797075440873,Intermediate,Linear,2.78820814545163,2.25348502672918,0.676045508018754,0.0225348502672918,0.847647579407784,0.000739187253920753,0.000772593687214904,0.00358653281187521,0.107595984356256,0.03,0.714285714285714,2.15413303251683,1.29435281078902,0.142493947163144
14/05/26,1,1.00000714285714,1,0.000374881141289781,0.000749762282579562,0.0305806028880359,7.64272754133098e-05,0.131530131798973,0.000164360553075981,0.144461401465771,Intermediate,Linear,2.28084619012251,2.75476063856901,0.826428191570703,0.0275476063856901,1.03620221986569,0.00076236048594686,0.00079720264576187,0.00438433772663244,0.131530131798973,0.03,1,1.3729489294698,1.66127533309146,0.224206303205842
14/05/26,1,1.20690517241379,1.2,0.000630012985782329,0.00126002597156466,0.0209945200235414,8.81788016339879e-05,0.11854181946175,0.00024894295206389,0.298892532306143,Intermediate,Linear,2.53075244974454,2.48273406109468,0.744820218328404,0.0248273406109468,0.933879520936829,0.00104066021843239,0.00108727150461451,0.00395139398205834,0.11854181946175,0.03,0.833333333333333,1.77042109494224,1.42946356489675,0.17591460137071
14/05/26,1,1.00000714285714,1,0.000325515134875392,0.000651030269750784,0.0305806028880359,6.63629938244654e-05,0.131530131798973,0.000142716828642403,0.125438085310536,Intermediate,Linear,2.28084619012251,2.75476063856901,0.826428191570703,0.0275476063856901,1.03620221986569,0.000661969485989255,0.000691924325696351,0.00438433772663244,0.131530131798973,0.03,1,1.3729489294698,1.66127533309146,0.224206303205842
14/05/26,1,1.20690517241379,1.2,0.000529171781754133,0.00105834356350827,0.0209945200235414,7.40647171195347e-05,0.11854181946175,0.000209096619389837,0.251051164726457,Intermediate,Linear,2.53075244974454,2.48273406109468,0.744820218328404,0.0248273406109468,0.933879520936829,0.000874089954359731,0.000914099026337704,0.00395139398205834,0.11854181946175,0.03,0.833333333333333,1.77042109494224,1.42946356489675,0.17591460137071
14/05/26,1,1.41415151515152,1.4,0.000418156112919696,0.000836312225839392,0.0152918616788592,4.26292362595827e-05,0.107595984356256,0.000149973061947269,0.24079921385515,Intermediate,Linear,2.78820814545163,2.25348502672918,0.676045508018754,0.0225348502672918,0.847647579407784,0.000569045312795804,0.000595077989865175,0.00358653281187521,0.107595984356256,0.03,0.714285714285714,2.15413303251683,1.29435281078902,0.142493947163144
14/05/26,1,1.20690517241379,1.2,0.000679382782941374,0.00135876556588275,0.0209945200235414,9.50887696007462e-05,0.11854181946175,0.000268450904002859,0.322314690301797,Intermediate,Linear,2.53075244974454,2.48273406109468,0.744820218328404,0.0248273406109468,0.933879520936829,0.00112220962305569,0.00117292908985139,0.00395139398205834,0.11854181946175,0.03,0.833333333333333,1.77042109494224,1.42946356489675,0.17591460137071
14/05/26,1,1.40001,1.4,0.000742299643735359,0.00148459928747072,0.0156023484122632,7.72107844523862e-05,0.108290978908002,0.000267947850210543,0.421991238286452,Intermediate,Linear,2.7703138620149,2.26804095858284,0.680412287574851,0.0226804095858284,0.853122787920567,0.0010232460703736,0.00106912325436023,0.00360969929693339,0.108290978908002,0.03,0.714285714285714,2.15413303251683,1.28604585705561,0.142752654376357
14/05/26,1,1.41415151515152,1.4,0.00132731951311376,0.00265463902622752,0.0152918616788592,0.000135314575987909,0.107595984356256,0.000476047498562473,0.764349690025395,Intermediate,Linear,2.78820814545163,2.25348502672918,0.676045508018754,0.0225348502672918,0.847647579407784,0.00180627503504856,0.00188724738884217,0.00358653281187521,0.107595984356256,0.03,0.714285714285714,2.15413303251683,1.29435281078902,0.142493947163144
14/05/26,1,0.562253012048192,0.6,8.13320804028742e-05,0.000162664160805748,0.0967361203908733,5.24516661432842e-05,0.17270047924169,4.68202975443334e-05,0.018179567074893,Intermediate,Linear,1.73711156632147,3.61703037904753,1.08510911371426,0.0361703037904752,1.36054467151004,0.000285144658785965,0.000298060400371388,0.00575668264138966,0.17270047924169,0.03,1.66666666666667,0.560721398798084,3.09799406629567,0.484336856883252
14/05/26,1,1.38614851485149,1.4,0.0158643870936479,0.0317287741872958,0.0159159556153497,0.00168331253898151,0.108978950127955,0.00576294749963074,8.90526401784946,Intermediate,Stokes-2nd,2.752825198332,2.28244979411941,0.684734938235822,0.0228244979411941,0.858542666206773,0.0221475051741358,0.0232738634563247,0.00363263167093182,0.108978950127955,0.05,0.714285714285714,2.15413303251683,1.27792720169918,0.142990029299655
14/05/26,1,0.616744493392072,0.6,0.000130581107152597,0.000261162214305194,0.0803973411335507,6.99891587822939e-05,0.165822601674258,7.21776630584956e-05,0.0316593240421237,Intermediate,Linear,1.80916230339529,3.47298044812663,1.04189413443799,0.0347298044812663,1.30636034198903,0.000422069597470498,0.000442377734845518,0.00552742005580859,0.165822601674258,0.03,1.66666666666667,0.560721398798084,3.22649056603379,0.496603118513219
14/05/26,1,0.800005714285712,0.8,0.00017328021722825,0.0003465604344565,0.0477821920125564,5.51980574105181e-05,0.147104111727916,8.49674414512736e-05,0.05338362988276,Intermediate,Linear,2.03937195552277,3.08094131144849,0.924282393434547,0.0308094131144849,1.15889496223425,0.000440772896742485,0.000461504914403235,0.00490347039093054,0.147104111727916,0.03,1.25,0.96053982138029,2.12315190909233,0.308540567592719
14/05/26,1,0.600862660944208,0.6,0.00724899428815465,0.0144979885763093,0.0847035892953353,0.00409343889992055,0.167748560115371,0.00405336118040832,1.71738986802374,Intermediate,Stokes-2nd,1.78839090954742,3.51331762739144,1.05399528821743,0.0351331762739144,1.32153315740977,0.0239779270100114,0.0252356634863136,0.00559161867051238,0.167748560115371,0.08,1.66666666666667,0.560721398798084,3.18944651190568,0.493171122625164
14/05/26,1,0.598294871794871,0.6,0.000150794392374969,0.000301588784749938,0.0854322189661887,8.58846636550115e-05,0.168065728324771,8.44778979393016e-05,0.0355906245228377,Intermediate,Linear,1.7850159160366,3.51996038283546,1.05598811485064,0.0351996038283546,1.32403182747233,0.000500679476632749,0.000524860517688551,0.00560219094415904,0.168065728324771,0.03,1.66666666666667,0.560721398798084,3.1834274915543,0.492605400462729
14/05/26,1,1.00000714285714,1,0.00023595295040046,0.00047190590080092,0.0305806028880359,4.8103889843046e-05,0.131530131798973,0.000103449742215097,0.0909250696835818,Intermediate,Linear,2.28084619012251,2.75476063856901,0.826428191570703,0.0275476063856901,1.03620221986569,0.000479835302754915,0.000502352758281809,0.00438433772663244,0.131530131798973,0.03,1,1.3729489294698,1.66127533309146,0.224206303205842
14/05/26,1,0.800005714285712,0.8,0.000205728481438526,0.000411456962877052,0.0477821920125564,6.55343853503152e-05,0.147104111727916,0.000100878351730492,0.0633801901055445,Intermediate,Linear,2.03937195552277,3.08094131144849,0.924282393434547,0.0308094131144849,1.15889496223425,0.000523311547945752,0.000547725805958847,0.00490347039093054,0.147104111727916,0.03,1.25,0.96053982138029,2.12315190909233,0.308540567592719
14/05/26,1,0.765032786885248,0.8,4.63608203321519e-05,9.27216406643038e-05,0.052250704597828,1.61492368539216e-05,0.15026661619363,2.32216119842444e-05,0.0136878374587596,Intermediate,Linear,1.99645142480234,3.14717665009137,0.944152995027412,0.0314717665009137,1.18380936095709,0.000123053054851572,0.000128590210693772,0.00500888720645434,0.15026661619363,0.03,1.25,0.96053982138029,2.07846814922619,0.305581621863721
14/05/26,1,1.20690517241379,1.2,0.000217317424864792,0.000434634849729584,0.0209945200235414,3.04165001852555e-05,0.11854181946175,8.58706764807155e-05,0.103100343799151,Intermediate,Linear,2.53075244974454,2.48273406109468,0.744820218328404,0.0248273406109468,0.933879520936829,0.000358966567249609,0.00037526641963317,0.00395139398205834,0.11854181946175,0.03,0.833333333333333,1.77042109494224,1.42946356489675,0.17591460137071
14/05/26,1,0.800005714285712,0.8,6.85379811553761e-05,0.000137075962310752,0.0477821920125564,2.1832633171461e-05,0.147104111727916,3.36073961249542e-05,0.0211149678678593,Intermediate,Linear,2.03937195552277,3.08094131144849,0.924282393434547,0.0308094131144849,1.15889496223425,0.000174340065899986,0.000183378295134903,0.00490347039093054,0.147104111727916,0.03,1.25,0.96053982138029,2.12315190909233,0.308540567592719
14/05/26,1,1.00000714285714,1,0.000425345542041753,0.000850691084083506,0.0305806028880359,8.67154874091682e-05,0.131530131798973,0.000186485850682858,0.163907986673227,Intermediate,Linear,2.28084619012251,2.75476063856901,0.826428191570703,0.0275476063856901,1.03620221986569,0.000864985187066599,0.000903934155863186,0.00438433772663244,0.131530131798973,0.03,1,1.3729489294698,1.66127533309146,0.224206303205842
14/05/26,1,1.41415151515152,1.4,0.00062345007399706,0.00124690014799412,0.0152918616788592,6.35580819682503e-05,0.107595984356256,0.000223602414695648,0.359019713111925,Intermediate,Linear,2.78820814545163,2.25348502672918,0.676045508018754,0.0225348502672918,0.847647579407784,0.0008484184050141,0.0008864984245879,0.00358653281187521,0.107595984356256,0.03,0.714285714285714,2.15413303251683,1.29435281078902,0.142493947163144
14/05/26,1,1.00000714285714,1,0.000286727532684713,0.000573455065369426,0.0305806028880359,5.84553387606503e-05,0.131530131798973,0.000125711033881382,0.110491184133581,Intermediate,Linear,2.28084619012251,2.75476063856901,0.826428191570703,0.0275476063856901,1.03620221986569,0.000583090790856544,0.000609913072928979,0.00438433772663244,0.131530131798973,0.03,1,1.3729489294698,1.66127533309146,0.224206303205842
14/05/26,1,1.20690517241379,1.2,0.00078057281740351,0.00156114563480702,0.0209945200235414,0.000109251677632067,0.11854181946175,0.000308435073324655,0.370321550996861,Intermediate,Linear,2.53075244974454,2.48273406109468,0.744820218328404,0.0248273406109468,0.933879520936829,0.0012893560878794,0.00134712544370234,0.00395139398205834,0.11854181946175,0.03,0.833333333333333,1.77042109494224,1.42946356489675,0.17591460137071
14/05/26,1,1.00000714285714,1,0.000230259635623829,0.000460519271247658,0.0305806028880359,4.69431898543744e-05,0.131530131798973,0.000100953600738619,0.0887311363510375,Intermediate,Linear,2.28084619012251,2.75476063856901,0.826428191570703,0.0275476063856901,1.03620221986569,0.000468257344459046,0.000489986328115442,0.00438433772663244,0.131530131798973,0.03,1,1.3729489294698,1.66127533309146,0.224206303205842
14/05/26,1,1.20690517241379,1.2,0.000564808799009033,0.00112961759801807,0.0209945200235414,7.90525976017833e-05,0.11854181946175,0.000223178208941789,0.267958178663523,Intermediate,Linear,2.53075244974454,2.48273406109468,0.744820218328404,0.0248273406109468,0.933879520936829,0.000932955449195065,0.00097534198618981,0.00395139398205834,0.11854181946175,0.03,0.833333333333333,1.77042109494224,1.42946356489675,0.17591460137071
14/05/26,1,1.41415151515152,1.4,0.000721650020276945,0.00144330004055389,0.0152918616788592,7.35691486041397e-05,0.107595984356256,0.000258822147641367,0.415569095350313,Intermediate,Linear,2.78820814545163,2.25348502672918,0.676045508018754,0.0225348502672918,0.847647579407784,0.000982053230431802,0.00102687461799032,0.00358653281187521,0.107595984356256,0.03,0.714285714285714,2.15413303251683,1.29435281078902,0.142493947163144
14/05/26,1,1.20690517241379,1.2,0.000434251922053781,0.000868503844107562,0.0209945200235414,6.07794044854629e-05,0.11854181946175,0.000171590043150058,0.206019017973557,Intermediate,Linear,2.53075244974454,2.48273406109468,0.744820218328404,0.0248273406109468,0.933879520936829,0.000717300611665978,0.000749659642170554,0.00395139398205834,0.11854181946175,0.03,0.833333333333333,1.77042109494224,1.42946356489675,0.17591460137071
14/05/26,1,1.40001,1.4,0.00131168943186201,0.00262337886372402,0.0156023484122632,0.000136436236830631,0.108290978908002,0.000473480441998725,0.745684646719352,Intermediate,Linear,2.7703138620149,2.26804095858284,0.680412287574851,0.0226804095858284,0.853122787920567,0.0018081391632486,0.00188959928168569,0.00360969929693339,0.108290978908002,0.03,0.714285714285714,2.15413303251683,1.28604585705561,0.142752654376357
14/05/26,1,1.41415151515152,1.4,0.000932433686796357,0.00186486737359271,0.0152918616788592,9.50576464213238e-05,0.107595984356256,0.000334420401259291,0.536950894212423,Intermediate,Linear,2.78820814545163,2.25348502672918,0.676045508018754,0.0225348502672918,0.847647579407784,0.00126889695635342,0.00132584295746313,0.00358653281187521,0.107595984356256,0.03,0.714285714285714,2.15413303251683,1.29435281078902,0.142493947163144
14/05/26,1,0.663511848341232,0.6,0.000149057500420886,0.000298115000841772,0.0694632153662371,6.90267550245932e-05,0.160479629224335,7.97356413354997e-05,0.0385853772372276,Intermediate,Linear,1.86939614361041,3.36107749481323,1.00832324844397,0.0336107749481323,1.26426808649162,0.000451242433765233,0.000471578843555251,0.00534932097414449,0.160479629224335,0.03,1.66666666666667,0.560721398798084,3.33391261260493,0.506060527965255
14/05/26,1,0.599432176656153,0.6,1.81188848318382e-05,3.62377696636764e-05,0.0851083447787219,1.02804553151603e-05,0.167925047634397,1.01420486615619e-05,0.00428360330656524,Intermediate,Linear,1.78651132887069,3.51701397334624,1.05510419200387,0.0351701397334624,1.32292353660647,6.00590832857536e-05,6.29864421064371e-05,0.00559750158781322,0.167925047634397,0.03,1.66666666666667,0.560721398798084,3.18609443602493,0.492856341123897
14/05/26,1,1.40001,1.4,0.000175988141882308,0.000351976283764616,0.0156023484122632,1.83055220404972e-05,0.108290978908002,6.35264272021181e-05,0.100047810265586,Intermediate,Linear,2.7703138620149,2.26804095858284,0.680412287574851,0.0226804095858284,0.853122787920567,0.000242596337116962,0.000255096733805216,0.00360969929693339,0.108290978908002,0.03,0.714285714285714,2.15413303251683,1.28604585705561,0.142752654376357
14/05/26,1,1.41051417966059,1.4,0.000268084050508423,0.000536168101016846,0.0153708305380165,2.74711634020668e-05,0.107774087695917,9.63083798979051e-05,0.153868956001208,Intermediate,Linear,2.78360045919799,2.25721521435224,0.677164564305672,0.0225721521435224,0.849050688135786,0.000366029392779747,0.000383122557703081,0.00359246958986391,0.107774087695917,0.03,0.714285714285714,2.15413303251683,1.29221381278653,0.14256207900925
14/05/26,1,0.61135807860262,0.6,5.81159075188089e-05,0.000116231815037618,0.0818202753087495,3.17003970200451e-05,0.166469027112348,3.2248328614691e-05,0.013980956424311,Intermediate,Linear,1.80213704137007,3.48651915084261,1.04595574525278,0.0348651915084261,1.31145292012885,0.00018931201628921,0.000199260877989353,0.00554896757041159,0.166469027112348,0.03,1.66666666666667,0.560721398798084,3.21396159524673,0.495451977304926
14/05/26,1,0.598661971830985,0.6,9.67645749023714e-05,0.000193529149804743,0.0853274768696866,5.50445135119144e-05,0.168020283921004,5.41947044953057e-05,0.0228508155904072,Intermediate,Linear,1.7854987088407,3.51900859746865,1.0557025792406,0.0351900859746865,1.32367381375016,0.000321111674832309,0.000335760807947432,0.00560067613070014,0.168020283921004,0.03,1.66666666666667,0.560721398798084,3.18428851238412,0.492686464592354
14/05/26,1,0.813959302325579,0.8,0.000188632565575048,0.000377265131150096,0.0461579875428398,5.80459974132465e-05,0.145885489996836,9.17291808609205e-05,0.0590882619587346,Intermediate,Linear,2.05640739189694,3.05541855759604,0.916625567278813,0.0305541855759605,1.1492945875851,0.000471907785785019,0.00049372409256344,0.00486284966656119,0.145885489996836,0.03,1.25,0.96053982138029,2.14088718252398,0.309646424037519
14/05/26,1,0.800089037284362,0.8,0.000112053151678579,0.000224106303357158,0.0477722402496362,3.568686721812e-05,0.147096764326721,5.4942186815101e-05,0.034524434829068,Intermediate,Linear,2.03947382101254,3.08078742783771,0.924236228351313,0.0308078742783771,1.1588370789696,0.000285001135207805,0.000297926128860755,0.00490322547755738,0.147096764326721,0.03,1.25,0.96053982138029,2.12325795934398,0.308547296691021
14/05/26,1,0.58823949579832,0.6,8.87610070926141e-05,0.000177522014185228,0.0883779423464236,5.22967677829436e-05,0.169323835133317,5.00978471040567e-05,0.0206392907451925,Intermediate,Linear,1.77175292399794,3.54631011021653,1.06389303306496,0.0354631011021653,1.33394326791578,0.000299140137154006,0.000313179774534261,0.00564412783777725,0.169323835133317,0.03,1.66666666666667,0.560721398798084,3.15977404785286,0.490360576978191
14/05/26,1,0.599325880168548,0.6,0.000308352249471551,0.000616704498943102,0.085138537102059,0.00017501772954758,0.16793818243652,0.000172613721088216,0.0728881562759532,Intermediate,Linear,1.78637160202325,3.51728906799863,1.05518672039959,0.0351728906799863,1.32302701336067,0.0010222621767361,0.00106807592524693,0.00559793941455068,0.16793818243652,0.03,1.66666666666667,0.560721398798084,3.18584524480851,0.492832912646723
14/05/26,1,0.598294871794871,0.6,0.000134549102037589,0.000269098204075178,0.0854322189661887,7.66321889798625e-05,0.168065728324771,7.53769760979711e-05,0.0317563968731486,Intermediate,Linear,1.7850159160366,3.51996038283546,1.05598811485064,0.0351996038283546,1.32403182747233,0.0004467405778729,0.000468415482525445,0.00560219094415904,0.168065728324771,0.03,1.66666666666667,0.560721398798084,3.1834274915543,0.492605400462729
14/05/26,1,0.600066785396261,0.6,0.000385272328864357,0.000770544657728714,0.0849284250064579,0.000218137147260133,0.167846689219535,0.000215555616159274,0.0911697997014482,Intermediate,Linear,1.78734535304188,3.51537283854307,1.05461185156292,0.0351537283854307,1.32230622434263,0.001275879474081,0.00133302866545626,0.00559488964065117,0.167846689219535,0.03,1.66666666666667,0.560721398798084,3.18758184879885,0.492996104755085
14/05/26,1,1.00000714285714,1,0.000243786801632702,0.000487573603265404,0.0305806028880359,4.97009824671603e-05,0.131530131798973,0.000106884367165331,0.0939438641846614,Intermediate,Linear,2.28084619012251,2.75476063856901,0.826428191570703,0.0275476063856901,1.03620221986569,0.000495766268531694,0.000518047766394278,0.00438433772663244,0.131530131798973,0.03,1,1.3729489294698,1.66127533309146,0.224206303205842
14/05/26,1,1.00011766090128,1,0.000285366284110406,0.000570732568220812,0.0305738446398527,5.81649629056241e-05,0.13152247984088,0.000125106937830592,0.109979419588014,Intermediate,Linear,2.28097888941076,2.75460037633347,0.826380112900042,0.0275460037633347,1.03614193728364,0.000580255027513594,0.000606342074985853,0.00438408266136267,0.13152247984088,0.03,1,1.3729489294698,1.66137198584045,0.224209318166791
14/05/26,1,0.800005714285712,0.8,0.000127825126120961,0.000255650252241922,0.0477821920125564,4.07184314689399e-05,0.147104111727916,6.26786721151094e-05,0.0393799669212673,Intermediate,Linear,2.03937195552277,3.08094131144849,0.924282393434547,0.0308094131144849,1.15889496223425,0.000325148779347352,0.000341293840053088,0.00490347039093054,0.147104111727916,0.03,1.25,0.96053982138029,2.12315190909233,0.308540567592719
14/05/26,1,0.82536645229235,0.8,0.000140565046318614,0.000281130092637228,0.0448909319991547,4.20673062383129e-05,0.144906462086329,6.78959451834377e-05,0.0446283237101815,Intermediate,Linear,2.07030104579652,3.03491384498733,0.910474153496198,0.0303491384498733,1.14158174733851,0.000346951780583249,0.000362856481567992,0.00483021540287763,0.144906462086329,0.03,1.25,0.96053982138029,2.15535160512295,0.310519196047329
14/05/26,1,0.800005714285712,0.8,0.00016473332826158,0.00032946665652316,0.0477821920125564,5.2475463479082e-05,0.147104111727916,8.07764997530099e-05,0.0507505309373405,Intermediate,Linear,2.03937195552277,3.08094131144849,0.924282393434547,0.0308094131144849,1.15889496223425,0.000419032174874546,0.000438316420445634,0.00490347039093054,0.147104111727916,0.03,1.25,0.96053982138029,2.12315190909233,0.308540567592719
14/05/26,1,0.800089166295142,0.8,0.00024660955486502,0.00049321910973004,0.0477722248435195,7.85405806904799e-05,0.147096752951249,0.000120918215891324,0.075982305668873,Intermediate,Linear,2.03947397873172,3.08078718959037,0.924236156877111,0.0308078718959037,1.15883698935295,0.000627237977389939,0.000655397012771396,0.00490322509837495,0.147096752951249,0.03,1.25,0.96053982138029,2.12325812354246,0.308547307108656
14/05/26,1,1.20690517241379,1.2,0.000215537083342462,0.000431074166684924,0.0209945200235414,3.01673174136601e-05,0.11854181946175,8.51671934029812e-05,0.102255709167821,Intermediate,Linear,2.53075244974454,2.48273406109468,0.744820218328404,0.0248273406109468,0.933879520936829,0.000356025785647764,0.000372028386482018,0.00395139398205834,0.11854181946175,0.03,0.833333333333333,1.77042109494224,1.42946356489675,0.17591460137071
14/05/26,1,1.2002,1.2,0.000449473320356146,0.000898946640712292,0.0212297559883938,6.36147260963608e-05,0.118926254993738,0.000178180595698524,0.211864002633472,Intermediate,Linear,2.52257165598795,2.4907856600485,0.74723569801455,0.024907856600485,0.93690812697708,0.000747266784447619,0.000780878153515271,0.00396420849979128,0.118926254993738,0.03,0.833333333333333,1.77042109494224,1.42484274684394,0.175920923308836
14/05/26,1,0.800005714285712,0.8,0.000105154391433335,0.00021030878286667,0.0477821920125564,3.34967154828742e-05,0.147104111727916,5.15621444869678e-05,0.0323956375552653,Intermediate,Linear,2.03937195552277,3.08094131144849,0.924282393434547,0.0308094131144849,1.15889496223425,0.000267481230452358,0.000280673160738147,0.00490347039093054,0.147104111727916,0.03,1.25,0.96053982138029,2.12315190909233,0.308540567592719
14/05/26,1,0.813494846285255,0.8,0.000345020802660079,0.000690041605320158,0.046210709391588,0.000106291040305182,0.1459256758137,0.000167824645993191,0.108016623006672,Intermediate,Linear,2.05584108709562,3.0562602073763,0.916878062212891,0.030562602073763,1.14961117384615,0.00086362455512977,0.000902335504929497,0.00486418919379,0.1459256758137,0.03,1.25,0.96053982138029,2.14029761321232,0.309610293530562
14/05/26,1,1.00000714285714,1,0.00019753958971975,0.0003950791794395,0.0305806028880359,4.02725316525681e-05,0.131530131798973,8.66080275711794e-05,0.0761223834245364,Intermediate,Linear,2.28084619012251,2.75476063856901,0.826428191570703,0.0275476063856901,1.03620221986569,0.000401717667350148,0.000419826538387688,0.00438433772663244,0.131530131798973,0.03,1,1.3729489294698,1.66127533309146,0.224206303205842
14/05/26,1,1.00013333333333,1,0.000322928932024479,0.000645857864048958,0.0305728864421158,6.58191304510541e-05,0.131521394797424,0.000141573545201007,0.124458019374531,Intermediate,Linear,2.28099770734697,2.75457765123647,0.826373295370942,0.0275457765123647,1.0361333892466,0.000656622926542914,0.000686065446395498,0.00438404649324748,0.131521394797424,0.03,1,1.3729489294698,1.66138569205763,0.224209745574387
14/05/26,1,1.41415151515152,1.4,0.000646340998825397,0.00129268199765079,0.0152918616788592,6.58917143427576e-05,0.107595984356256,0.000231812319994748,0.372201672032945,Intermediate,Linear,2.78820814545163,2.25348502672918,0.676045508018754,0.0225348502672918,0.847647579407784,0.000879569386852378,0.000918957853535356,0.00358653281187521,0.107595984356256,0.03,0.714285714285714,2.15413303251683,1.29435281078902,0.142493947163144
14/05/26,1,1.41610619469027,1.4,0.000874009246883507,0.00174801849376701,0.0152496754926977,8.88557159506042e-05,0.107500459158465,0.000313187984495737,0.504201495999797,Intermediate,Linear,2.7906857547257,2.25148435166509,0.675445305499526,0.0225148435166509,0.84689502620457,0.00118727942042036,0.00124045538063154,0.0035833486386155,0.107500459158465,0.03,0.714285714285714,2.15413303251683,1.2955029761858,0.14245687984627
14/05/26,1,1.00000714285714,1,0.000144145180119206,0.000288290360238412,0.0305806028880359,2.9386976742999e-05,0.131530131798973,6.31981151308863e-05,0.0555467118535582,Intermediate,Linear,2.28084619012251,2.75476063856901,0.826428191570703,0.0275476063856901,1.03620221986569,0.000293134483064409,0.000307777356969426,0.00438433772663244,0.131530131798973,0.03,1,1.3729489294698,1.66127533309146,0.224206303205842
14/05/26,1,1.01706328824973,1,0.000394374672156399,0.000788749344312798,0.0295635300906892,7.77273832486758e-05,0.130359538443822,0.000171368334120806,0.15471489548267,Intermediate,Linear,2.30132757127922,2.73024378866978,0.819073136600933,0.0273024378866978,1.02698021562546,0.000787790824076191,0.000824337722496703,0.00434531794812739,0.130359538443822,0.03,1,1.3729489294698,1.67619313572569,0.224651097476251
14/05/26,1,1.20690517241379,1.2,0.000403402980082827,0.000806805960165654,0.0209945200235414,5.64616796193678e-05,0.11854181946175,0.000159400410784368,0.191383576176728,Intermediate,Linear,2.53075244974454,2.48273406109468,0.744820218328404,0.0248273406109468,0.933879520936829,0.000666344095825219,0.000696194580776055,0.00395139398205834,0.11854181946175,0.03,0.833333333333333,1.77042109494224,1.42946356489675,0.17591460137071
14/05/26,1,1.24102807377141,1.2,0.000641677929681828,0.00128335585936366,0.019855875243038,8.49405127864886e-05,0.116617710115132,0.000249436702636378,0.314555167525729,Intermediate,Linear,2.57250806677495,2.44243560917442,0.732730682752326,0.0244243560917442,0.918721272792766,0.00102579929249806,0.00107193802057263,0.00388725700383773,0.116617710115132,0.03,0.833333333333333,1.77042109494224,1.45304869791945,0.175807926984591
14/05/26,1,1.00000714285714,1,0.000147882539215368,0.000295765078430736,0.0305806028880359,3.01489147054638e-05,0.131530131798973,6.48366995792139e-05,0.0569869126888279,Intermediate,Linear,2.28084619012251,2.75476063856901,0.826428191570703,0.0275476063856901,1.03620221986569,0.000300734798425446,0.000315493326280022,0.00438433772663244,0.131530131798973,0.03,1,1.3729489294698,1.66127533309146,0.224206303205842
14/05/26,1,1.00013460761879,1,0.000463367836859924,0.000926735673719848,0.0305728085354831,9.44430410521294e-05,0.131521306576091,0.000203142477763848,0.178583938648743,Intermediate,Linear,2.28099923738543,2.7545758035332,0.826372741059959,0.027545758035332,1.03613269423368,0.000942181101643531,0.000985528321665411,0.00438404355253638,0.131521306576091,0.03,1,1.3729489294698,1.66138680647524,0.224209780324275
14/05/26,1,1.19658974358974,1.2,0.000212104766873509,0.000424209533747018,0.0213580547415471,3.02009681455166e-05,0.119134132678328,8.42297247947152e-05,0.0996292257162167,Intermediate,Linear,2.51817000934588,2.49513944009352,0.748541832028057,0.0249513944009352,0.938545799769517,0.00035386622903813,0.000369858984347162,0.00397113775594428,0.119134132678328,0.03,0.833333333333333,1.77042109494224,1.42235653231868,0.175922331021513
14/05/26,1,1.18202899490805,1.2,0.000404292901930532,0.000808585803861064,0.0218874913619411,5.89930493246575e-05,0.119978932735826,0.000161688769620985,0.187238377351004,Intermediate,Linear,2.50043897840423,2.51283289112278,0.753849867336833,0.0251283289112278,0.945201184987711,0.00068410439345825,0.000714953144864708,0.00399929775786088,0.119978932735826,0.03,0.833333333333333,1.77042109494224,1.41234138338473,0.17591380911417
14/05/26,1,1.41415151515152,1.4,0.00049690271785401,0.00099380543570802,0.0152918616788592,5.06571175284847e-05,0.107595984356256,0.000178215790189338,0.286146202637749,Intermediate,Linear,2.78820814545163,2.25348502672918,0.676045508018754,0.0225348502672918,0.847647579407784,0.000676207171852639,0.000706727515712004,0.00358653281187521,0.107595984356256,0.03,0.714285714285714,2.15413303251683,1.29435281078902,0.142493947163144
14/05/26,1,1.40873375300032,1.4,0.000831763321862435,0.00166352664372487,0.0154097079058219,8.5448198911175e-05,0.107861431854261,0.000299050609533129,0.476624259920461,Intermediate,Linear,2.78134635191336,2.25904454612681,0.677713363838043,0.0225904454612681,0.849738790622492,0.00113749213394423,0.00118906425471734,0.00359538106180869,0.107861431854261,0.03,0.714285714285714,2.15413303251683,1.29116740235106,0.142595027780332
14/05/26,1,1.20690517241379,1.2,0.0001309443847723,0.0002618887695446,0.0209945200235414,1.83274300538157e-05,0.11854181946175,5.17412853973598e-05,0.0621230032381984,Intermediate,Linear,2.53075244974454,2.48273406109468,0.744820218328404,0.0248273406109468,0.933879520936829,0.000216294925874303,0.000226222896089064,0.00395139398205834,0.11854181946175,0.03,0.833333333333333,1.77042109494224,1.42946356489675,0.17591460137071
14/05/26,1,1.21516953184524,1.2,0.000446956143806859,0.000893912287613718,0.0207099239279205,6.17095182490451e-05,0.118070901596343,0.000175908382911002,0.213741027721829,Intermediate,Linear,2.54084618601144,2.4728711803853,0.741861354115589,0.024728711803853,0.930169601918005,0.000732431383277567,0.00076549526569312,0.0039356967198781,0.118070901596343,0.03,0.833333333333333,1.77042109494224,1.43516488437138,0.175900184381555
14/05/26,1,1.40001,1.4,0.000259048845925541,0.000518097691851082,0.0156023484122632,2.69451356661666e-05,0.108290978908002,9.35088437008831e-05,0.147267136918859,Intermediate,Linear,2.7703138620149,2.26804095858284,0.680412287574851,0.0226804095858284,0.853122787920567,0.000357093952375152,0.000373396271271443,0.00360969929693339,0.108290978908002,0.03,0.714285714285714,2.15413303251683,1.28604585705561,0.142752654376357
14/05/26,1,1.39806451612903,1.4,0.000553484351766836,0.00110696870353367,0.0156458016814776,5.77313760103008e-05,0.108387131463332,0.00019996860399283,0.31409327852264,Intermediate,Linear,2.76785625700863,2.2700547729925,0.681016431897749,0.022700547729925,0.853880283483873,0.000764323242249717,0.000798597482288467,0.00361290438211106,0.108387131463332,0.03,0.714285714285714,2.15413303251683,1.28490497811769,0.142786940684124
14/05/26,1,1.41415151515152,1.4,0.00019959538247094,0.00039919076494188,0.0152918616788592,2.03478998698974e-05,0.107595984356256,7.15855388330809e-05,0.114938918033587,Intermediate,Linear,2.78820814545163,2.25348502672918,0.676045508018754,0.0225348502672918,0.847647579407784,0.000271618214684778,0.000283890584729435,0.00358653281187521,0.107595984356256,0.03,0.714285714285714,2.15413303251683,1.29435281078902,0.142493947163144
14/05/26,1,1.41683362797093,1.4,0.000503404703683371,0.00100680940736674,0.0152340204806645,5.11258504398356e-05,0.107464942657342,0.000180327858715899,0.290597843781432,Intermediate,Linear,2.79160805916555,2.25074049580503,0.675222148741508,0.0225074049580503,0.846615225091304,0.00068338771272029,0.000714211185982209,0.00358216475524473,0.107464942657342,0.03,0.714285714285714,2.15413303251683,1.29593113193381,0.142443004349472
20/05/26,0,0.598294871794871,0.6,0.00104874290264806,0.00209748580529612,0.0854322189661887,0.000597309555321769,0.535025059937172,0.00187034578115987,0.0244247162479304,Deep,Linear,0.560721398798084,11.2055386519004,3.36166159557012,NaN,NaN,NaN,NaN,NaN,0.535025059937172,0.03,1.66666666666667,0.560721398798084,NaN,NaN
20/05/26,0,0.598294871794871,0.6,0.00190753952831962,0.00381507905663924,0.0854322189661887,0.00108643556446708,0.535025059937172,0.0034019381682391,0.0444256753426182,Deep,Stokes-2nd,0.560721398798084,11.2055386519004,3.36166159557012,NaN,NaN,NaN,NaN,NaN,0.535025059937172,0.03,1.66666666666667,0.560721398798084,NaN,NaN
20/05/26,0,1.40001,1.4,0.0192560035808019,0.0385120071616038,0.0156023484122632,0.00200292584596973,0.139267164781132,0.00893909674571199,6.61877214407073,Intermediate,Stokes-2nd,2.15413303251683,2.91680467841788,0.875041403525364,NaN,NaN,NaN,NaN,NaN,0.139267164781132,0.06,0.714285714285714,2.15413303251683,NaN,NaN
20/05/26,0,0.600862660944208,0.6,0.00321778418712779,0.00643556837425558,0.0847035892953353,0.00181705246818331,0.535025059937172,0.0057386505919431,0.0749406413328056,Deep,Stokes-2nd,0.560721398798084,11.2055386519004,3.36166159557012,NaN,NaN,NaN,NaN,NaN,0.535025059937172,0.04,1.66666666666667,0.560721398798084,NaN,NaN
20/05/26,0,0.800005714285712,0.8,0.000735005087489341,0.00147001017497868,0.0477821920125564,0.00023413436147081,0.312324375650456,0.000765200016833392,0.050232792890424,Intermediate,Linear,0.96053982138029,6.54130642720328,1.96239192816099,NaN,NaN,NaN,NaN,NaN,0.312324375650456,0.03,1.25,0.96053982138029,NaN,NaN
20/05/26,0,0.598294871794871,0.6,0.00365892777186888,0.00731785554373776,0.0854322189661887,0.00208393545725181,0.535025059937172,0.00652539350149977,0.0852146625964439,Deep,Stokes-2nd,0.560721398798084,11.2055386519004,3.36166159557012,NaN,NaN,NaN,NaN,NaN,0.535025059937172,0.04,1.66666666666667,0.560721398798084,NaN,NaN
20/05/26,0,0.800005714285712,0.8,0.00134273189634076,0.00268546379268152,0.0477821920125564,0.000427724488615587,0.312324375650456,0.0013978930039686,0.0917669474733123,Intermediate,Linear,0.96053982138029,6.54130642720328,1.96239192816099,NaN,NaN,NaN,NaN,NaN,0.312324375650456,0.03,1.25,0.96053982138029,NaN,NaN
20/05/26,0,0.600862660944208,0.6,0.00510170408702193,0.0102034081740439,0.0847035892953353,0.00288088431795626,0.535025059937172,0.00909846511646875,0.11881622692443,Deep,Stokes-2nd,0.560721398798084,11.2055386519004,3.36166159557012,NaN,NaN,NaN,NaN,NaN,0.535025059937172,0.06,1.66666666666667,0.560721398798084,NaN,NaN
20/05/26,0,1.00000714285714,1,0.00348855821657256,0.00697711643314512,0.0305806028880359,0.000711214756485334,0.218507763515904,0.002540923512661,0.487103187931431,Intermediate,Linear,1.3729489294698,4.57641589742599,1.3729247692278,NaN,NaN,NaN,NaN,NaN,0.218507763515904,0.03,1,1.3729489294698,NaN,NaN
20/05/26,0,0.598294871794871,0.6,0.0054692227535623,0.0109384455071246,0.0854322189661887,0.00311498557238131,0.535025059937172,0.00975390410511472,0.127375559362724,Deep,Stokes-2nd,0.560721398798084,11.2055386519004,3.36166159557012,NaN,NaN,NaN,NaN,NaN,0.535025059937172,0.06,1.66666666666667,0.560721398798084,NaN,NaN
20/05/26,0,0.800005714285712,0.8,0.00193876220423703,0.00387752440847406,0.0477821920125564,0.000617588719396938,0.312324375650456,0.00201840898324344,0.132501722677713,Intermediate,Linear,0.96053982138029,6.54130642720328,1.96239192816099,NaN,NaN,NaN,NaN,NaN,0.312324375650456,0.03,1.25,0.96053982138029,NaN,NaN
20/05/26,0,1.20690517241379,1.2,0.00281169273652337,0.00562338547304674,0.0209945200235414,0.000393534263046571,0.169451211837141,0.0015881491383919,0.652810666368623,Intermediate,Linear,1.77042109494224,3.54897788166299,1.0646933644989,NaN,NaN,NaN,NaN,NaN,0.169451211837141,0.03,0.833333333333333,1.77042109494224,NaN,NaN
20/05/26,0,1.00000714285714,1,0.00496460273449517,0.00992920546899034,0.0305806028880359,0.00101213696480303,0.218507763515904,0.00361601413419826,0.693201508662683,Intermediate,Stokes-2nd,1.3729489294698,4.57641589742599,1.3729247692278,NaN,NaN,NaN,NaN,NaN,0.218507763515904,0.03,1,1.3729489294698,NaN,NaN
20/05/26,0,0.800005714285712,0.8,0.00266582144718686,0.00533164289437372,0.0477821920125564,0.000849191948404489,0.312324375650456,0.00277533673029411,0.182191469037049,Intermediate,Linear,0.96053982138029,6.54130642720328,1.96239192816099,NaN,NaN,NaN,NaN,NaN,0.312324375650456,0.03,1.25,0.96053982138029,NaN,NaN
20/05/26,0,1.41415151515152,1.4,0.00367417200649008,0.00734834401298016,0.0152918616788592,0.000374566200717218,0.139267164781132,0.00170563839420692,1.26290521431593,Intermediate,Linear,2.15413303251683,2.91680467841788,0.875041403525364,NaN,NaN,NaN,NaN,NaN,0.139267164781132,0.03,0.714285714285714,2.15413303251683,NaN,NaN
20/05/26,0,0.800005714285712,0.8,0.00349121283094568,0.00698242566189136,0.0477821920125564,0.00111211867896631,0.312324375650456,0.00363463622562657,0.238601574408597,Intermediate,Stokes-2nd,0.96053982138029,6.54130642720328,1.96239192816099,NaN,NaN,NaN,NaN,NaN,0.312324375650456,0.03,1.25,0.96053982138029,NaN,NaN
20/05/26,0,1.00000714285714,1,0.00644666333279793,0.0128933266655959,0.0305806028880359,0.00131428567555437,0.218507763515904,0.00469548662329886,0.9001398474616,Intermediate,Stokes-2nd,1.3729489294698,4.57641589742599,1.3729247692278,NaN,NaN,NaN,NaN,NaN,0.218507763515904,0.03,1,1.3729489294698,NaN,NaN
20/05/26,0,1.20690517241379,1.2,0.00391497332012099,0.00782994664024198,0.0209945200235414,0.000547953238406069,0.169451211837141,0.00221132324468192,0.908967153033836,Intermediate,Linear,1.77042109494224,3.54897788166299,1.0646933644989,NaN,NaN,NaN,NaN,NaN,0.169451211837141,0.03,0.833333333333333,1.77042109494224,NaN,NaN
20/05/26,0,0.800005714285712,0.8,0.00437600517336554,0.00875201034673108,0.0477821920125564,0.00139396746294461,0.312324375650456,0.00455577694538187,0.299071346991572,Intermediate,Stokes-2nd,0.96053982138029,6.54130642720328,1.96239192816099,NaN,NaN,NaN,NaN,NaN,0.312324375650456,0.03,1.25,0.96053982138029,NaN,NaN
20/05/26,0,1.00000714285714,1,0.00790939248531899,0.015818784970638,0.0305806028880359,0.00161249327119437,0.218507763515904,0.00576087887578849,1.10437895973683,Intermediate,Stokes-2nd,1.3729489294698,4.57641589742599,1.3729247692278,NaN,NaN,NaN,NaN,NaN,0.218507763515904,0.04,1,1.3729489294698,NaN,NaN
20/05/26,0,1.41415151515152,1.4,0.00513801560616576,0.0102760312123315,0.0152918616788592,0.000523798826355377,0.139267164781132,0.00238518955357304,1.76606503146871,Intermediate,Linear,2.15413303251683,2.91680467841788,0.875041403525364,NaN,NaN,NaN,NaN,NaN,0.139267164781132,0.03,0.714285714285714,2.15413303251683,NaN,NaN
20/05/26,0,1.19658974358974,1.2,0.00403686989583045,0.0080737397916609,0.0213580547415471,0.000574797921464336,0.169451211837141,0.0022801749862578,0.937268746512837,Intermediate,Linear,1.77042109494224,3.54897788166299,1.0646933644989,NaN,NaN,NaN,NaN,NaN,0.169451211837141,0.03,0.833333333333333,1.77042109494224,NaN,NaN
20/05/26,0,1.00000714285714,1,0.00938993639483463,0.0187798727896693,0.0305806028880359,0.00191433277356235,0.218507763515904,0.00683924667063967,1.31110552510459,Intermediate,Stokes-2nd,1.3729489294698,4.57641589742599,1.3729247692278,NaN,NaN,NaN,NaN,NaN,0.218507763515904,0.04,1,1.3729489294698,NaN,NaN
20/05/26,0,1.20690517241379,1.2,0.0060061225462152,0.0120122450924304,0.0209945200235414,0.000840637733735722,0.169451211837141,0.00339248247966179,1.39448411654485,Intermediate,Stokes-2nd,1.77042109494224,3.54897788166299,1.0646933644989,NaN,NaN,NaN,NaN,NaN,0.169451211837141,0.03,0.833333333333333,1.77042109494224,NaN,NaN
20/05/26,0,1.41415151515152,1.4,0.00661198687956564,0.0132239737591313,0.0152918616788592,0.000674063925231662,0.139267164781132,0.00306944222095716,2.272705984489,Intermediate,Linear,2.15413303251683,2.91680467841788,0.875041403525364,NaN,NaN,NaN,NaN,NaN,0.139267164781132,0.03,0.714285714285714,2.15413303251683,NaN,NaN
20/05/26,0,1.00000714285714,1,0.0108430433410307,0.0216860866820614,0.0305806028880359,0.00221057868339881,0.218507763515904,0.00789763050051543,1.51400110028374,Intermediate,Stokes-2nd,1.3729489294698,4.57641589742599,1.3729247692278,NaN,NaN,NaN,NaN,NaN,0.218507763515904,0.05,1,1.3729489294698,NaN,NaN
20/05/26,0,1.19658974358974,1.2,0.00586211774802251,0.011724235496045,0.0213580547415471,0.000834689545091065,0.169451211837141,0.00331114318778141,1.36104950007794,Intermediate,Stokes-2nd,1.77042109494224,3.54897788166299,1.0646933644989,NaN,NaN,NaN,NaN,NaN,0.169451211837141,0.03,0.833333333333333,1.77042109494224,NaN,NaN
20/05/26,0,1.41415151515152,1.4,0.00800811726519076,0.0160162345303815,0.0152918616788592,0.000816393476849207,0.139267164781132,0.00371755928919315,2.75259106900774,Intermediate,Stokes-2nd,2.15413303251683,2.91680467841788,0.875041403525364,NaN,NaN,NaN,NaN,NaN,0.139267164781132,0.03,0.714285714285714,2.15413303251683,NaN,NaN
20/05/26,0,1.20690517241379,1.2,0.00818177115181586,0.0163635423036317,0.0209945200235414,0.00114514905516554,0.169451211837141,0.00462137012216452,1.89961990096285,Intermediate,Stokes-2nd,1.77042109494224,3.54897788166299,1.0646933644989,NaN,NaN,NaN,NaN,NaN,0.169451211837141,0.03,0.833333333333333,1.77042109494224,NaN,NaN
20/05/26,0,1.40001,1.4,0.0143515253924697,0.0287030507849394,0.0156023484122632,0.0014927833294717,0.139267164781132,0.0066623208389789,4.93297978960214,Intermediate,Stokes-2nd,2.15413303251683,2.91680467841788,0.875041403525364,NaN,NaN,NaN,NaN,NaN,0.139267164781132,0.04,0.714285714285714,2.15413303251683,NaN,NaN
20/05/26,0,1.41415151515152,1.4,0.0106167351702759,0.0212334703405518,0.0152918616788592,0.00108233097136626,0.139267164781132,0.0049285420213215,3.64923857181126,Intermediate,Stokes-2nd,2.15413303251683,2.91680467841788,0.875041403525364,NaN,NaN,NaN,NaN,NaN,0.139267164781132,0.03,0.714285714285714,2.15413303251683,NaN,NaN
20/05/26,0,0.598294871794871,0.6,0.00135824299128484,0.00271648598256968,0.0854322189661887,0.000773584750938251,0.535025059937172,0.00242231345940472,0.0316328239972894,Deep,Linear,0.560721398798084,11.2055386519004,3.36166159557012,NaN,NaN,NaN,NaN,NaN,0.535025059937172,0.03,1.66666666666667,0.560721398798084,NaN,NaN
20/05/26,0,0.598294871794871,0.6,0.00238912638672816,0.00477825277345632,0.0854322189661887,0.0013607224573924,0.535025059937172,0.00426080829418905,0.0556416009385487,Deep,Stokes-2nd,0.560721398798084,11.2055386519004,3.36166159557012,NaN,NaN,NaN,NaN,NaN,0.535025059937172,0.03,1.66666666666667,0.560721398798084,NaN,NaN
20/05/26,0,1.40001,1.4,0.0210627256881714,0.0421254513763428,0.0156023484122632,0.00219085323132518,0.139267164781132,0.00977782029718113,7.2397879174712,Intermediate,Stokes-2nd,2.15413303251683,2.91680467841788,0.875041403525364,NaN,NaN,NaN,NaN,NaN,0.139267164781132,0.06,0.714285714285714,2.15413303251683,NaN,NaN
20/05/26,0,0.600862660944208,0.6,0.00381246401192932,0.00762492802385864,0.0847035892953353,0.00215286257246472,0.535025059937172,0.00679921262163599,0.0887904475555426,Deep,Stokes-2nd,0.560721398798084,11.2055386519004,3.36166159557012,NaN,NaN,NaN,NaN,NaN,0.535025059937172,0.04,1.66666666666667,0.560721398798084,NaN,NaN
20/05/26,0,0.800005714285712,0.8,0.00101834857606119,0.00203669715212238,0.0477821920125564,0.000324392847980461,0.312324375650456,0.00106018361070947,0.0695974680750516,Intermediate,Linear,0.96053982138029,6.54130642720328,1.96239192816099,NaN,NaN,NaN,NaN,NaN,0.312324375650456,0.03,1.25,0.96053982138029,NaN,NaN
20/05/26,0,0.598294871794871,0.6,0.00453322725922955,0.0090664545184591,0.0854322189661887,0.00258189109222663,0.535025059937172,0.00808463395359371,0.105576675860682,Deep,Stokes-2nd,0.560721398798084,11.2055386519004,3.36166159557012,NaN,NaN,NaN,NaN,NaN,0.535025059937172,0.05,1.66666666666667,0.560721398798084,NaN,NaN
20/05/26,0,0.800005714285712,0.8,0.00159807722133529,0.00319615444267058,0.0477821920125564,0.000509064217604902,0.312324375650456,0.0016637282346492,0.109218131205662,Intermediate,Linear,0.96053982138029,6.54130642720328,1.96239192816099,NaN,NaN,NaN,NaN,NaN,0.312324375650456,0.03,1.25,0.96053982138029,NaN,NaN
20/05/26,0,0.600862660944208,0.6,0.00591657288719187,0.0118331457743837,0.0847035892953353,0.00334103306581744,0.535025059937172,0.0105517158786416,0.137794128155693,Deep,Stokes-2nd,0.560721398798084,11.2055386519004,3.36166159557012,NaN,NaN,NaN,NaN,NaN,0.535025059937172,0.07,1.66666666666667,0.560721398798084,NaN,NaN
20/05/26,0,1.00000714285714,1,0.00273078872849863,0.00546157745699726,0.0305806028880359,0.000556727771182274,0.218507763515904,0.00198899512566225,0.381296745715705,Intermediate,Linear,1.3729489294698,4.57641589742599,1.3729247692278,NaN,NaN,NaN,NaN,NaN,0.218507763515904,0.03,1,1.3729489294698,NaN,NaN
20/05/26,0,0.598294871794871,0.6,0.00657995613241424,0.0131599122648285,0.0854322189661887,0.0037476016872822,0.535025059937172,0.0117348047470963,0.153244003894804,Deep,Stokes-2nd,0.560721398798084,11.2055386519004,3.36166159557012,NaN,NaN,NaN,NaN,NaN,0.535025059937172,0.07,1.66666666666667,0.560721398798084,NaN,NaN
20/05/26,0,0.800005714285712,0.8,0.00226506313858566,0.00453012627717132,0.0477821920125564,0.000721531212056424,0.312324375650456,0.00235811476855876,0.15480225846186,Intermediate,Linear,0.96053982138029,6.54130642720328,1.96239192816099,NaN,NaN,NaN,NaN,NaN,0.312324375650456,0.03,1.25,0.96053982138029,NaN,NaN
20/05/26,0,1.20690517241379,1.2,0.00328947110065299,0.00657894220130598,0.0209945200235414,0.000460405779263466,0.169451211837141,0.00185801621436301,0.763739861515894,Intermediate,Linear,1.77042109494224,3.54897788166299,1.0646933644989,NaN,NaN,NaN,NaN,NaN,0.169451211837141,0.03,0.833333333333333,1.77042109494224,NaN,NaN
20/05/26,0,1.00000714285714,1,0.00393438848917032,0.00786877697834064,0.0305806028880359,0.000802106479963847,0.218507763515904,0.00286564809857107,0.549353932673787,Intermediate,Linear,1.3729489294698,4.57641589742599,1.3729247692278,NaN,NaN,NaN,NaN,NaN,0.218507763515904,0.03,1,1.3729489294698,NaN,NaN
20/05/26,0,0.800005714285712,0.8,0.00298848512077096,0.00597697024154192,0.0477821920125564,0.000951975799115638,0.312324375650456,0.00311125583161823,0.204243421825265,Intermediate,Linear,0.96053982138029,6.54130642720328,1.96239192816099,NaN,NaN,NaN,NaN,NaN,0.312324375650456,0.03,1.25,0.96053982138029,NaN,NaN
20/05/26,0,1.41415151515152,1.4,0.00454587127375802,0.00909174254751604,0.0152918616788592,0.00046343223152138,0.139267164781132,0.0021103020125209,1.56253014967646,Intermediate,Linear,2.15413303251683,2.91680467841788,0.875041403525364,NaN,NaN,NaN,NaN,NaN,0.139267164781132,0.03,0.714285714285714,2.15413303251683,NaN,NaN
20/05/26,0,0.800005714285712,0.8,0.00378251862558983,0.00756503725117966,0.0477821920125564,0.00120491354172669,0.312324375650456,0.00393790922707855,0.258510421162467,Intermediate,Stokes-2nd,0.96053982138029,6.54130642720328,1.96239192816099,NaN,NaN,NaN,NaN,NaN,0.312324375650456,0.03,1.25,0.96053982138029,NaN,NaN
20/05/26,0,1.00000714285714,1,0.00515972721327789,0.0103194544265558,0.0305806028880359,0.00105191712613229,0.218507763515904,0.00375813484575166,0.720446504949975,Intermediate,Stokes-2nd,1.3729489294698,4.57641589742599,1.3729247692278,NaN,NaN,NaN,NaN,NaN,0.218507763515904,0.03,1,1.3729489294698,NaN,NaN
20/05/26,0,1.20690517241379,1.2,0.00462525925587112,0.00925051851174224,0.0209945200235414,0.000647367320409708,0.169451211837141,0.00261251928656104,1.07387928194684,Intermediate,Linear,1.77042109494224,3.54897788166299,1.0646933644989,NaN,NaN,NaN,NaN,NaN,0.169451211837141,0.03,0.833333333333333,1.77042109494224,NaN,NaN
20/05/26,0,0.800005714285712,0.8,0.00463454677346536,0.00926909354693072,0.0477821920125564,0.00147632535880597,0.312324375650456,0.00482493975815135,0.316740975232834,Intermediate,Stokes-2nd,0.96053982138029,6.54130642720328,1.96239192816099,NaN,NaN,NaN,NaN,NaN,0.312324375650456,0.03,1.25,0.96053982138029,NaN,NaN
20/05/26,0,1.00000714285714,1,0.0063749426746364,0.0127498853492728,0.0305806028880359,0.00129966393578033,0.218507763515904,0.00464324822125631,0.890125578224223,Intermediate,Stokes-2nd,1.3729489294698,4.57641589742599,1.3729247692278,NaN,NaN,NaN,NaN,NaN,0.218507763515904,0.03,1,1.3729489294698,NaN,NaN
20/05/26,0,1.41415151515152,1.4,0.00633979632666999,0.01267959265334,0.0152918616788592,0.000646315256663846,0.139267164781132,0.00294308486568387,2.17914725399619,Intermediate,Linear,2.15413303251683,2.91680467841788,0.875041403525364,NaN,NaN,NaN,NaN,NaN,0.139267164781132,0.03,0.714285714285714,2.15413303251683,NaN,NaN
20/05/26,0,1.19658974358974,1.2,0.00562288808938984,0.0112457761787797,0.0213580547415471,0.00080062634412521,0.169451211837141,0.00317601733590578,1.30550585164207,Intermediate,Linear,1.77042109494224,3.54897788166299,1.0646933644989,NaN,NaN,NaN,NaN,NaN,0.169451211837141,0.03,0.833333333333333,1.77042109494224,NaN,NaN
20/05/26,0,1.00000714285714,1,0.007608816216488,0.015217632432976,0.0305806028880359,0.00155121458109645,0.218507763515904,0.00554195138156111,1.06240985683679,Intermediate,Stokes-2nd,1.3729489294698,4.57641589742599,1.3729247692278,NaN,NaN,NaN,NaN,NaN,0.218507763515904,0.03,1,1.3729489294698,NaN,NaN
20/05/26,0,1.20690517241379,1.2,0.00724558410420636,0.0144911682084127,0.0209945200235414,0.00101411707038676,0.169451211837141,0.0040925766897523,1.68225870695439,Intermediate,Stokes-2nd,1.77042109494224,3.54897788166299,1.0646933644989,NaN,NaN,NaN,NaN,NaN,0.169451211837141,0.03,0.833333333333333,1.77042109494224,NaN,NaN
20/05/26,0,1.41415151515152,1.4,0.00811929212687467,0.0162385842537493,0.0152918616788592,0.000827727280896118,0.139267164781132,0.003769169315132,2.79080466169569,Intermediate,Stokes-2nd,2.15413303251683,2.91680467841788,0.875041403525364,NaN,NaN,NaN,NaN,NaN,0.139267164781132,0.03,0.714285714285714,2.15413303251683,NaN,NaN
20/05/26,0,1.00000714285714,1,0.00881081772138175,0.0176216354427635,0.0305806028880359,0.0017962674523763,0.218507763515904,0.00641744025015138,1.2302438812629,Intermediate,Stokes-2nd,1.3729489294698,4.57641589742599,1.3729247692278,NaN,NaN,NaN,NaN,NaN,0.218507763515904,0.04,1,1.3729489294698,NaN,NaN
20/05/26,0,1.19658974358974,1.2,0.00818284565225903,0.0163656913045181,0.0213580547415471,0.00116513110255053,0.169451211837141,0.0046219770401719,1.89986937535996,Intermediate,Stokes-2nd,1.77042109494224,3.54897788166299,1.0646933644989,NaN,NaN,NaN,NaN,NaN,0.169451211837141,0.03,0.833333333333333,1.77042109494224,NaN,NaN
20/05/26,0,1.41415151515152,1.4,0.00984490764156347,0.0196898152831269,0.0152918616788592,0.00100364643930621,0.139267164781132,0.00457024124924214,3.3839420617835,Intermediate,Stokes-2nd,2.15413303251683,2.91680467841788,0.875041403525364,NaN,NaN,NaN,NaN,NaN,0.139267164781132,0.03,0.714285714285714,2.15413303251683,NaN,NaN
20/05/26,0,1.20690517241379,1.2,0.0098989773996233,0.0197979547992466,0.0209945200235414,0.00138549519485983,0.169451211837141,0.00559131238771545,2.29831586811524,Intermediate,Stokes-2nd,1.77042109494224,3.54897788166299,1.0646933644989,NaN,NaN,NaN,NaN,NaN,0.169451211837141,0.04,0.833333333333333,1.77042109494224,NaN,NaN
20/05/26,0,1.40001,1.4,0.0155065437169283,0.0310130874338566,0.0156023484122632,0.00161292331827671,0.139267164781132,0.00719850793003758,5.32998860193117,Intermediate,Stokes-2nd,2.15413303251683,2.91680467841788,0.875041403525364,NaN,NaN,NaN,NaN,NaN,0.139267164781132,0.05,0.714285714285714,2.15413303251683,NaN,NaN
20/05/26,0,1.41415151515152,1.4,0.0131664206060204,0.0263328412120408,0.0152918616788592,0.00134226055141963,0.139267164781132,0.0061121668937211,4.525629504511,Intermediate,Stokes-2nd,2.15413303251683,2.91680467841788,0.875041403525364,NaN,NaN,NaN,NaN,NaN,0.139267164781132,0.04,0.714285714285714,2.15413303251683,NaN,NaN
20/05/26,0,0.598294871794871,0.6,0.00110851114247647,0.00221702228495294,0.0854322189661887,0.000631350444336732,0.535025059937172,0.00197693746814832,0.0258166897189891,Deep,Linear,0.560721398798084,11.2055386519004,3.36166159557012,NaN,NaN,NaN,NaN,NaN,0.535025059937172,0.03,1.66666666666667,0.560721398798084,NaN,NaN
20/05/26,0,0.599325964617599,0.6,0.000646754477462343,0.00129350895492469,0.0851385131088783,0.000367091430384356,0.535025059937172,0.00115343284356308,0.0150625997603508,Deep,Linear,0.560721398798084,11.2055386519004,3.36166159557012,NaN,NaN,NaN,NaN,NaN,0.535025059937172,0.03,1.66666666666667,0.560721398798084,NaN,NaN
20/05/26,0,0.598294871794871,0.6,0.00210264617753714,0.00420529235507428,0.0854322189661887,0.00119755819098515,0.535025059937172,0.00374989465721158,0.0489696150757881,Deep,Stokes-2nd,0.560721398798084,11.2055386519004,3.36166159557012,NaN,NaN,NaN,NaN,NaN,0.535025059937172,0.03,1.66666666666667,0.560721398798084,NaN,NaN
20/05/26,0,0.608442438840753,0.6,0.00180416979215787,0.00360833958431574,0.0826063152546089,0.000993572124158902,0.535025059937172,0.003217586837287,0.0420182440570294,Deep,Stokes-2nd,0.560721398798084,11.2055386519004,3.36166159557012,NaN,NaN,NaN,NaN,NaN,0.535025059937172,0.03,1.66666666666667,0.560721398798084,NaN,NaN
20/05/26,0,1.40001,1.4,0.00579389652992857,0.0115877930598571,0.0156023484122632,0.000602655948830323,0.139267164781132,0.00268966514252796,1.99150778078128,Intermediate,Linear,2.15413303251683,2.91680467841788,0.875041403525364,NaN,NaN,NaN,NaN,NaN,0.139267164781132,0.03,0.714285714285714,2.15413303251683,NaN,NaN
20/05/26,0,1.40205607476636,1.4,0.0049917610188275,0.009983522037655,0.0155568434167015,0.000517706963623292,0.139267164781132,0.00231729468119026,1.71579365586604,Intermediate,Linear,2.15413303251683,2.91680467841788,0.875041403525364,NaN,NaN,NaN,NaN,NaN,0.139267164781132,0.03,0.714285714285714,2.15413303251683,NaN,NaN
20/05/26,0,1.40205607476636,1.4,0.0049917610188275,0.009983522037655,0.0155568434167015,0.000517706963623292,0.139267164781132,0.00231729468119026,1.71579365586604,Intermediate,Linear,2.15413303251683,2.91680467841788,0.875041403525364,NaN,NaN,NaN,NaN,NaN,0.139267164781132,0.03,0.714285714285714,2.15413303251683,NaN,NaN
20/05/26,0,0.600862660944208,0.6,0.00337690585575573,0.00675381171151146,0.0847035892953353,0.00190690697796631,0.535025059937172,0.00602243085959299,0.0786465082286113,Deep,Stokes-2nd,0.560721398798084,11.2055386519004,3.36166159557012,NaN,NaN,NaN,NaN,NaN,0.535025059937172,0.04,1.66666666666667,0.560721398798084,NaN,NaN
20/05/26,0,0.557225470259279,0.6,0.00170886402950536,0.00341772805901072,0.0984895897719226,0.00112203544827985,0.535025059937172,0.00304761693270194,0.0397986188240934,Deep,Linear,0.560721398798084,11.2055386519004,3.36166159557012,NaN,NaN,NaN,NaN,NaN,0.535025059937172,0.03,1.66666666666667,0.560721398798084,NaN,NaN
20/05/26,0,0.800005714285712,0.8,0.00202877746712837,0.00405755493425674,0.0477821920125564,0.00064626289656717,0.312324375650456,0.00211212218584861,0.138653677452942,Intermediate,Linear,0.96053982138029,6.54130642720328,1.96239192816099,NaN,NaN,NaN,NaN,NaN,0.312324375650456,0.03,1.25,0.96053982138029,NaN,NaN
20/05/26,0,0.828613105096476,0.8,0.000779664285080254,0.00155932857016051,0.0445398399358555,0.000231507483074518,0.312324375650456,0.000811693870182166,0.0532849571018307,Intermediate,Linear,0.96053982138029,6.54130642720328,1.96239192816099,NaN,NaN,NaN,NaN,NaN,0.312324375650456,0.03,1.25,0.96053982138029,NaN,NaN
20/05/26,0,0.598294871794871,0.6,0.00401762272990501,0.00803524545981002,0.0854322189661887,0.00228822949856521,0.535025059937172,0.00716509613957458,0.0935684951205777,Deep,Stokes-2nd,0.560721398798084,11.2055386519004,3.36166159557012,NaN,NaN,NaN,NaN,NaN,0.535025059937172,0.05,1.66666666666667,0.560721398798084,NaN,NaN
20/05/26,0,0.630726108394541,0.6,0.00250590856529886,0.00501181713059772,0.0768724336086005,0.0012842352654344,0.535025059937172,0.00446907960115365,0.0583614015371533,Deep,Stokes-2nd,0.560721398798084,11.2055386519004,3.36166159557012,NaN,NaN,NaN,NaN,NaN,0.535025059937172,0.03,1.66666666666667,0.560721398798084,NaN,NaN
20/05/26,0,0.800005714285712,0.8,0.00322886391572579,0.00645772783145158,0.0477821920125564,0.00102854797069083,0.312324375650456,0.00336150968846448,0.220671741067873,Intermediate,Stokes-2nd,0.96053982138029,6.54130642720328,1.96239192816099,NaN,NaN,NaN,NaN,NaN,0.312324375650456,0.03,1.25,0.96053982138029,NaN,NaN
20/05/26,0,0.777216653451891,0.8,0.00135238644435889,0.00270477288871778,0.0506253515448613,0.000456433594467826,0.312324375650456,0.00140794417290844,0.0924267727171102,Intermediate,Linear,0.96053982138029,6.54130642720328,1.96239192816099,NaN,NaN,NaN,NaN,NaN,0.312324375650456,0.03,1.25,0.96053982138029,NaN,NaN
20/05/26,0,0.600862660944208,0.6,0.00540366548469858,0.0108073309693972,0.0847035892953353,0.00305139907936858,0.535025059937172,0.00963698816610429,0.125848762198288,Deep,Stokes-2nd,0.560721398798084,11.2055386519004,3.36166159557012,NaN,NaN,NaN,NaN,NaN,0.535025059937172,0.06,1.66666666666667,0.560721398798084,NaN,NaN
20/05/26,0,0.599325842696629,0.6,0.00310066387366251,0.00620132774732502,0.0851385477483694,0.00175990679506307,0.535025059937172,0.00552977624950436,0.0722129657356358,Deep,Stokes-2nd,0.560721398798084,11.2055386519004,3.36166159557012,NaN,NaN,NaN,NaN,NaN,0.535025059937172,0.03,1.66666666666667,0.560721398798084,NaN,NaN
20/05/26,0,0.599325842696629,0.6,0.00310066387366251,0.00620132774732502,0.0851385477483694,0.00175990679506307,0.535025059937172,0.00552977624950436,0.0722129657356358,Deep,Stokes-2nd,0.560721398798084,11.2055386519004,3.36166159557012,NaN,NaN,NaN,NaN,NaN,0.535025059937172,0.03,1.66666666666667,0.560721398798084,NaN,NaN
20/05/26,0,1.00000714285714,1,0.00395064319207201,0.00790128638414402,0.0305806028880359,0.000805420337393844,0.218507763515904,0.00287748736116328,0.551623557289675,Intermediate,Linear,1.3729489294698,4.57641589742599,1.3729247692278,NaN,NaN,NaN,NaN,NaN,0.218507763515904,0.03,1,1.3729489294698,NaN,NaN
20/05/26,0,1.01278634756316,1,0.00146980882571239,0.00293961765142478,0.0298137476072297,0.000292136729071119,0.218507763515904,0.0010705487976745,0.205227638527891,Intermediate,Linear,1.3729489294698,4.57641589742599,1.3729247692278,NaN,NaN,NaN,NaN,NaN,0.218507763515904,0.03,1,1.3729489294698,NaN,NaN
20/05/26,0,0.598294871794871,0.6,0.00596660287908402,0.011933205758168,0.0854322189661887,0.00339826749100132,0.535025059937172,0.0106409402100108,0.138959302530429,Deep,Stokes-2nd,0.560721398798084,11.2055386519004,3.36166159557012,NaN,NaN,NaN,NaN,NaN,0.535025059937172,0.07,1.66666666666667,0.560721398798084,NaN,NaN
20/05/26,0,0.599325842696629,0.6,0.00360604060719774,0.00721208121439548,0.0851385477483694,0.00204675373612309,0.535025059937172,0.00643107364000616,0.0839829460460973,Deep,Stokes-2nd,0.560721398798084,11.2055386519004,3.36166159557012,NaN,NaN,NaN,NaN,NaN,0.535025059937172,0.04,1.66666666666667,0.560721398798084,NaN,NaN
20/05/26,0,0.599325842696629,0.6,0.00360604060719774,0.00721208121439548,0.0851385477483694,0.00204675373612309,0.535025059937172,0.00643107364000616,0.0839829460460973,Deep,Stokes-2nd,0.560721398798084,11.2055386519004,3.36166159557012,NaN,NaN,NaN,NaN,NaN,0.535025059937172,0.04,1.66666666666667,0.560721398798084,NaN,NaN
20/05/26,0,0.800005714285712,0.8,0.00436960789074023,0.00873921578148046,0.0477821920125564,0.00139192962169954,0.312324375650456,0.00454911685437583,0.298634134544136,Intermediate,Stokes-2nd,0.96053982138029,6.54130642720328,1.96239192816099,NaN,NaN,NaN,NaN,NaN,0.312324375650456,0.03,1.25,0.96053982138029,NaN,NaN
20/05/26,0,0.791114245571021,0.8,0.00104188830415986,0.00208377660831972,0.0488622923154581,0.00033939367251944,0.312324375650456,0.00108469038031414,0.0712062546078313,Intermediate,Linear,0.96053982138029,6.54130642720328,1.96239192816099,NaN,NaN,NaN,NaN,NaN,0.312324375650456,0.03,1.25,0.96053982138029,NaN,NaN
20/05/26,0,0.791114245571021,0.8,0.00104188830415986,0.00208377660831972,0.0488622923154581,0.00033939367251944,0.312324375650456,0.00108469038031414,0.0712062546078313,Intermediate,Linear,0.96053982138029,6.54130642720328,1.96239192816099,NaN,NaN,NaN,NaN,NaN,0.312324375650456,0.03,1.25,0.96053982138029,NaN,NaN
20/05/26,0,1.20690517241379,1.2,0.00301858572698531,0.00603717145397062,0.0209945200235414,0.000422491723253128,0.169451211837141,0.00170501003157319,0.700846480956762,Intermediate,Linear,1.77042109494224,3.54897788166299,1.0646933644989,NaN,NaN,NaN,NaN,NaN,0.169451211837141,0.03,0.833333333333333,1.77042109494224,NaN,NaN
20/05/26,0,1.20706896551724,1.2,0.00311903200959037,0.00623806401918074,0.0209888227114948,0.000436432065871798,0.169451211837141,0.0017617458459464,0.724167807583206,Intermediate,Linear,1.77042109494224,3.54897788166299,1.0646933644989,NaN,NaN,NaN,NaN,NaN,0.169451211837141,0.03,0.833333333333333,1.77042109494224,NaN,NaN
20/05/26,0,1.00000714285714,1,0.00553173772188584,0.0110634754437717,0.0305806028880359,0.00112775916369173,0.218507763515904,0.00402909212655278,0.772389884832842,Intermediate,Stokes-2nd,1.3729489294698,4.57641589742599,1.3729247692278,NaN,NaN,NaN,NaN,NaN,0.218507763515904,0.03,1,1.3729489294698,NaN,NaN
20/05/26,0,1.0068465021777,1,0.00459820844639661,0.00919641689279322,0.0301665549421841,0.000924747384892257,0.218507763515904,0.0033491474793402,0.642042314894656,Intermediate,Stokes-2nd,1.3729489294698,4.57641589742599,1.3729247692278,NaN,NaN,NaN,NaN,NaN,0.218507763515904,0.03,1,1.3729489294698,NaN,NaN
20/05/26,0,0.800005714285712,0.8,0.00567026826021481,0.0113405365204296,0.0477821920125564,0.00180625231181525,0.312324375650456,0.00590320998047397,0.387525768184082,Intermediate,Stokes-2nd,0.96053982138029,6.54130642720328,1.96239192816099,NaN,NaN,NaN,NaN,NaN,0.312324375650456,0.04,1.25,0.96053982138029,NaN,NaN
20/05/26,0,0.819783924946115,0.8,0.00289581656887213,0.00579163313774426,0.0455044061759808,0.000878482755740617,0.312324375650456,0.00301478033957078,0.197910132091326,Intermediate,Linear,0.96053982138029,6.54130642720328,1.96239192816099,NaN,NaN,NaN,NaN,NaN,0.312324375650456,0.03,1.25,0.96053982138029,NaN,NaN
20/05/26,0,0.819783924946115,0.8,0.00289581656887213,0.00579163313774426,0.0455044061759808,0.000878482755740617,0.312324375650456,0.00301478033957078,0.197910132091326,Intermediate,Linear,0.96053982138029,6.54130642720328,1.96239192816099,NaN,NaN,NaN,NaN,NaN,0.312324375650456,0.03,1.25,0.96053982138029,NaN,NaN
20/05/26,0,1.41415151515152,1.4,0.00076188229009719,0.00152376458019438,0.0152918616788592,7.76706573049245e-05,0.139267164781132,0.000353683954795971,0.261878081689996,Intermediate,Linear,2.15413303251683,2.91680467841788,0.875041403525364,NaN,NaN,NaN,NaN,NaN,0.139267164781132,0.03,0.714285714285714,2.15413303251683,NaN,NaN
20/05/26,0,1.41528301886792,1.4,0.00110296752312774,0.00220593504625548,0.0152674200917162,0.000112263123487406,0.139267164781132,0.000512023865972225,0.379117644388626,Intermediate,Linear,2.15413303251683,2.91680467841788,0.875041403525364,NaN,NaN,NaN,NaN,NaN,0.139267164781132,0.03,0.714285714285714,2.15413303251683,NaN,NaN
20/05/26,0,0.800005714285712,0.8,0.0068589991341229,0.0137179982682458,0.0477821920125564,0.00218492009093745,0.312324375650456,0.00714077540717319,0.468767752502107,Intermediate,Stokes-2nd,0.96053982138029,6.54130642720328,1.96239192816099,NaN,NaN,NaN,NaN,NaN,0.312324375650456,0.04,1.25,0.96053982138029,NaN,NaN
20/05/26,0,0.773106491823298,0.8,0.00292649862850572,0.00585299725701144,0.0511650740694095,0.000998230127276804,0.312324375650456,0.00304672285663322,0.200007050294015,Intermediate,Linear,0.96053982138029,6.54130642720328,1.96239192816099,NaN,NaN,NaN,NaN,NaN,0.312324375650456,0.03,1.25,0.96053982138029,NaN,NaN
20/05/26,0,0.773106491823298,0.8,0.00292649862850572,0.00585299725701144,0.0511650740694095,0.000998230127276804,0.312324375650456,0.00304672285663322,0.200007050294015,Intermediate,Linear,0.96053982138029,6.54130642720328,1.96239192816099,NaN,NaN,NaN,NaN,NaN,0.312324375650456,0.03,1.25,0.96053982138029,NaN,NaN
20/05/26,0,1.00000714285714,1,0.00708112504835776,0.0141622500967155,0.0305806028880359,0.00144363382069568,0.218507763515904,0.00515760265831033,0.988728973709082,Intermediate,Stokes-2nd,1.3729489294698,4.57641589742599,1.3729247692278,NaN,NaN,NaN,NaN,NaN,0.218507763515904,0.03,1,1.3729489294698,NaN,NaN
20/05/26,0,1.00013340448239,1,0.0023927463228655,0.004785492645731,0.0305728820922321,0.000487687674703926,0.218507763515904,0.00174277882556747,0.334096291196221,Intermediate,Linear,1.3729489294698,4.57641589742599,1.3729247692278,NaN,NaN,NaN,NaN,NaN,0.218507763515904,0.03,1,1.3729489294698,NaN,NaN
20/05/26,0,1.20690517241379,1.2,0.00421273493556376,0.00842546987112752,0.0209945200235414,0.000589628986390437,0.169451211837141,0.00237951013326646,0.978100581474009,Intermediate,Linear,1.77042109494224,3.54897788166299,1.0646933644989,NaN,NaN,NaN,NaN,NaN,0.169451211837141,0.03,0.833333333333333,1.77042109494224,NaN,NaN
20/05/26,0,1.20016,1.2,0.00389800564278649,0.00779601128557298,0.0212311711403582,0.00055172816605388,0.169451211837141,0.00220173926639394,0.905027646912282,Intermediate,Linear,1.77042109494224,3.54897788166299,1.0646933644989,NaN,NaN,NaN,NaN,NaN,0.169451211837141,0.03,0.833333333333333,1.77042109494224,NaN,NaN
20/05/26,0,0.800005714285712,0.8,0.00816365595290424,0.0163273119058085,0.0477821920125564,0.00260051584177413,0.312324375650456,0.00849902916171983,0.557932517326776,Intermediate,Stokes-2nd,0.96053982138029,6.54130642720328,1.96239192816099,NaN,NaN,NaN,NaN,NaN,0.312324375650456,0.05,1.25,0.96053982138029,NaN,NaN
20/05/26,0,0.867190441388171,0.8,0.00355584052478196,0.00711168104956392,0.0406652346761219,0.000963993929407487,0.312324375650456,0.00370191890605039,0.243018454801293,Intermediate,Stokes-2nd,0.96053982138029,6.54130642720328,1.96239192816099,NaN,NaN,NaN,NaN,NaN,0.312324375650456,0.03,1.25,0.96053982138029,NaN,NaN
20/05/26,0,1.00000714285714,1,0.00861701830759256,0.0172340366151851,0.0305806028880359,0.00175675743295615,0.218507763515904,0.00627628466189215,1.20318390220694,Intermediate,Stokes-2nd,1.3729489294698,4.57641589742599,1.3729247692278,NaN,NaN,NaN,NaN,NaN,0.218507763515904,0.04,1,1.3729489294698,NaN,NaN
20/05/26,0,1.00013333333333,1,0.00296035654229542,0.00592071308459084,0.0305728864421158,0.000603377629305149,0.218507763515904,0.00215620295755548,0.413351023444437,Intermediate,Linear,1.3729489294698,4.57641589742599,1.3729247692278,NaN,NaN,NaN,NaN,NaN,0.218507763515904,0.03,1,1.3729489294698,NaN,NaN
20/05/26,0,1.41415151515152,1.4,0.00115977912843625,0.0023195582568725,0.0152918616788592,0.000118234546733833,0.139267164781132,0.000538397169965495,0.398645220248178,Intermediate,Linear,2.15413303251683,2.91680467841788,0.875041403525364,NaN,NaN,NaN,NaN,NaN,0.139267164781132,0.03,0.714285714285714,2.15413303251683,NaN,NaN
20/05/26,0,1.40205607476636,1.4,0.00356007744314747,0.00712015488629494,0.0155568434167015,0.000369223782229175,0.139267164781132,0.00165267297302803,1.2236880468246,Intermediate,Linear,2.15413303251683,2.91680467841788,0.875041403525364,NaN,NaN,NaN,NaN,NaN,0.139267164781132,0.03,0.714285714285714,2.15413303251683,NaN,NaN
20/05/26,0,1.19658974358974,1.2,0.00462780304207898,0.00925560608415796,0.0213580547415471,0.000658939138038808,0.169451211837141,0.00261395611207963,1.07446989085225,Intermediate,Linear,1.77042109494224,3.54897788166299,1.0646933644989,NaN,NaN,NaN,NaN,NaN,0.169451211837141,0.03,0.833333333333333,1.77042109494224,NaN,NaN
20/05/26,0,1.20016,1.2,0.00500669293186843,0.0100133858637369,0.0212311711403582,0.000708653029891469,0.169451211837141,0.00282796728200517,1.16243944677877,Intermediate,Linear,1.77042109494224,3.54897788166299,1.0646933644989,NaN,NaN,NaN,NaN,NaN,0.169451211837141,0.03,0.833333333333333,1.77042109494224,NaN,NaN
20/05/26,0,1.00000714285714,1,0.0101388646899788,0.0202777293799576,0.0305806028880359,0.00206701729879847,0.218507763515904,0.00738473549332544,1.41567748218525,Intermediate,Stokes-2nd,1.3729489294698,4.57641589742599,1.3729247692278,NaN,NaN,NaN,NaN,NaN,0.218507763515904,0.05,1,1.3729489294698,NaN,NaN
20/05/26,0,1.00013333333333,1,0.00362432770623802,0.00724865541247604,0.0305728864421158,0.00073870772927886,0.218507763515904,0.00263981247112931,0.506060518477241,Intermediate,Linear,1.3729489294698,4.57641589742599,1.3729247692278,NaN,NaN,NaN,NaN,NaN,0.218507763515904,0.03,1,1.3729489294698,NaN,NaN
20/05/26,0,1.20690517241379,1.2,0.00647775526145446,0.0129555105229089,0.0209945200235414,0.000906649083628041,0.169451211837141,0.00365887826345957,1.50398643275358,Intermediate,Stokes-2nd,1.77042109494224,3.54897788166299,1.0646933644989,NaN,NaN,NaN,NaN,NaN,0.169451211837141,0.03,0.833333333333333,1.77042109494224,NaN,NaN
20/05/26,0,1.20388888888889,1.2,0.0063402641204855,0.012680528240971,0.0210998532561863,0.000891857616984715,0.169451211837141,0.0035812181286127,1.47206413833292,Intermediate,Stokes-2nd,1.77042109494224,3.54897788166299,1.0646933644989,NaN,NaN,NaN,NaN,NaN,0.169451211837141,0.03,0.833333333333333,1.77042109494224,NaN,NaN
20/05/26,0,1.41415151515152,1.4,0.00162530877211438,0.00325061754422876,0.0152918616788592,0.000165693312857397,0.139267164781132,0.000754507148620907,0.558659452946387,Intermediate,Linear,2.15413303251683,2.91680467841788,0.875041403525364,NaN,NaN,NaN,NaN,NaN,0.139267164781132,0.03,0.714285714285714,2.15413303251683,NaN,NaN
20/05/26,0,1.41434343434344,1.4,0.00452740446516205,0.0090548089303241,0.0152877119051249,0.000461424367609157,0.139267164781132,0.00210172927893518,1.55618264367336,Intermediate,Linear,2.15413303251683,2.91680467841788,0.875041403525364,NaN,NaN,NaN,NaN,NaN,0.139267164781132,0.03,0.714285714285714,2.15413303251683,NaN,NaN
20/05/26,0,1.00000714285714,1,0.011630902952647,0.023261805905294,0.0305806028880359,0.00237120016282788,0.218507763515904,0.00847147530617805,1.62400899025892,Intermediate,Stokes-2nd,1.3729489294698,4.57641589742599,1.3729247692278,NaN,NaN,NaN,NaN,NaN,0.218507763515904,0.05,1,1.3729489294698,NaN,NaN
20/05/26,0,1.00013333333333,1,0.00485358646186461,0.00970717292372922,0.0305728864421158,0.000989254318237182,0.218507763515904,0.00353515440937701,0.677700440039629,Intermediate,Stokes-2nd,1.3729489294698,4.57641589742599,1.3729247692278,NaN,NaN,NaN,NaN,NaN,0.218507763515904,0.03,1,1.3729489294698,NaN,NaN
20/05/26,0,1.19658974358974,1.2,0.00668977623050307,0.0133795524610061,0.0213580547415471,0.000952537379598569,0.169451211837141,0.00377863563059348,1.55321284654013,Intermediate,Stokes-2nd,1.77042109494224,3.54897788166299,1.0646933644989,NaN,NaN,NaN,NaN,NaN,0.169451211837141,0.03,0.833333333333333,1.77042109494224,NaN,NaN
20/05/26,0,1.2002,1.2,0.00739732538755617,0.0147946507751123,0.0212297559883938,0.00104695608629712,0.169451211837141,0.00417828583758346,1.71748955811123,Intermediate,Stokes-2nd,1.77042109494224,3.54897788166299,1.0646933644989,NaN,NaN,NaN,NaN,NaN,0.169451211837141,0.03,0.833333333333333,1.77042109494224,NaN,NaN
20/05/26,0,1.41415151515152,1.4,0.00205950529595613,0.00411901059191226,0.0152918616788592,0.000209957800750927,0.139267164781132,0.000956071544731785,0.70790370526473,Intermediate,Linear,2.15413303251683,2.91680467841788,0.875041403525364,NaN,NaN,NaN,NaN,NaN,0.139267164781132,0.03,0.714285714285714,2.15413303251683,NaN,NaN
20/05/26,0,1.40205607476636,1.4,0.00540639334190638,0.0108127866838128,0.0155568434167015,0.000560709431127567,0.139267164781132,0.00250977690806296,1.85831320092688,Intermediate,Linear,2.15413303251683,2.91680467841788,0.875041403525364,NaN,NaN,NaN,NaN,NaN,0.139267164781132,0.03,0.714285714285714,2.15413303251683,NaN,NaN
20/05/26,0,1.20690517241379,1.2,0.00877519450418447,0.0175503890083689,0.0209945200235414,0.00122820664485714,0.169451211837141,0.00495655780946892,2.03739921413825,Intermediate,Stokes-2nd,1.77042109494224,3.54897788166299,1.0646933644989,NaN,NaN,NaN,NaN,NaN,0.169451211837141,0.03,0.833333333333333,1.77042109494224,NaN,NaN
20/05/26,0,1.20706896551724,1.2,0.00876537400103009,0.0175307480020602,0.0209888227114948,0.00122649920605044,0.169451211837141,0.00495101082226772,2.03511911819284,Intermediate,Stokes-2nd,1.77042109494224,3.54897788166299,1.0646933644989,NaN,NaN,NaN,NaN,NaN,0.169451211837141,0.03,0.833333333333333,1.77042109494224,NaN,NaN
20/05/26,0,1.40001,1.4,0.0041529889501514,0.0083059779003028,0.0156023484122632,0.000431975870350276,0.139267164781132,0.00192791665484985,1.42748662579709,Intermediate,Linear,2.15413303251683,2.91680467841788,0.875041403525364,NaN,NaN,NaN,NaN,NaN,0.139267164781132,0.03,0.714285714285714,2.15413303251683,NaN,NaN
20/05/26,0,1.4002,1.4,0.00750727287790593,0.0150145457558119,0.015598114381313,0.000780662006942039,0.139267164781132,0.00348505536314748,2.5804382718209,Intermediate,Stokes-2nd,2.15413303251683,2.91680467841788,0.875041403525364,NaN,NaN,NaN,NaN,NaN,0.139267164781132,0.03,0.714285714285714,2.15413303251683,NaN,NaN
20/05/26,0,1.4002,1.4,0.00750727287790593,0.0150145457558119,0.015598114381313,0.000780662006942039,0.139267164781132,0.00348505536314748,2.5804382718209,Intermediate,Stokes-2nd,2.15413303251683,2.91680467841788,0.875041403525364,NaN,NaN,NaN,NaN,NaN,0.139267164781132,0.03,0.714285714285714,2.15413303251683,NaN,NaN
20/05/26,0,1.41415151515152,1.4,0.00297209068734761,0.00594418137469522,0.0152918616788592,0.000302991997919634,0.139267164781132,0.00137971547833102,1.02158222855135,Intermediate,Linear,2.15413303251683,2.91680467841788,0.875041403525364,NaN,NaN,NaN,NaN,NaN,0.139267164781132,0.03,0.714285714285714,2.15413303251683,NaN,NaN
20/05/26,0,1.40205607476636,1.4,0.00754467974567743,0.0150893594913549,0.0155568434167015,0.000782476009551087,0.139267164781132,0.00350242052454041,2.59329595193941,Intermediate,Stokes-2nd,2.15413303251683,2.91680467841788,0.875041403525364,NaN,NaN,NaN,NaN,NaN,0.139267164781132,0.03,0.714285714285714,2.15413303251683,NaN,NaN
20/05/26,0,0.598294871794871,0.6,0.00112595932264263,0.00225191864528526,0.0854322189661887,0.000641288022660178,0.535025059937172,0.00200805484694564,0.026223049417372,Deep,Linear,0.560721398798084,11.2055386519004,3.36166159557012,NaN,NaN,NaN,NaN,NaN,0.535025059937172,0.03,1.66666666666667,0.560721398798084,NaN,NaN
20/05/26,0,0.598294871794871,0.6,0.00195854880351578,0.00391709760703156,0.0854322189661887,0.00111548780158618,0.535025059937172,0.00349290896996969,0.0456136567530601,Deep,Stokes-2nd,0.560721398798084,11.2055386519004,3.36166159557012,NaN,NaN,NaN,NaN,NaN,0.535025059937172,0.03,1.66666666666667,0.560721398798084,NaN,NaN
20/05/26,0,1.40001,1.4,0.0207130619495325,0.041426123899065,0.0156023484122632,0.00215448272814265,0.139267164781132,0.00961549803882443,7.11959970690179,Intermediate,Stokes-2nd,2.15413303251683,2.91680467841788,0.875041403525364,NaN,NaN,NaN,NaN,NaN,0.139267164781132,0.06,0.714285714285714,2.15413303251683,NaN,NaN
20/05/26,0,0.600862660944208,0.6,0.00287484875016399,0.00574969750032798,0.0847035892953353,0.00162340005213399,0.535025059937172,0.00512705374955598,0.0669538404514348,Deep,Stokes-2nd,0.560721398798084,11.2055386519004,3.36166159557012,NaN,NaN,NaN,NaN,NaN,0.535025059937172,0.03,1.66666666666667,0.560721398798084,NaN,NaN
20/05/26,0,0.800005714285712,0.8,0.00116634576556141,0.00233269153112282,0.0477821920125564,0.000371537048820582,0.312324375650456,0.00121426071007174,0.07971210849737,Intermediate,Linear,0.96053982138029,6.54130642720328,1.96239192816099,NaN,NaN,NaN,NaN,NaN,0.312324375650456,0.03,1.25,0.96053982138029,NaN,NaN
20/05/26,0,0.598294871794871,0.6,0.00366858677559604,0.00733717355119208,0.0854322189661887,0.0020894367247279,0.535025059937172,0.00654261953165996,0.085439616133367,Deep,Stokes-2nd,0.560721398798084,11.2055386519004,3.36166159557012,NaN,NaN,NaN,NaN,NaN,0.535025059937172,0.04,1.66666666666667,0.560721398798084,NaN,NaN
20/05/26,0,0.800005714285712,0.8,0.00186440832260219,0.00372881664520438,0.0477821920125564,0.00059390344306924,0.312324375650456,0.00194100055104748,0.127420120930546,Intermediate,Linear,0.96053982138029,6.54130642720328,1.96239192816099,NaN,NaN,NaN,NaN,NaN,0.312324375650456,0.03,1.25,0.96053982138029,NaN,NaN
20/05/26,0,0.600862660944208,0.6,0.00466022896186192,0.00932045792372384,0.0847035892953353,0.00263158746671853,0.535025059937172,0.00831113093213707,0.108534484244383,Deep,Stokes-2nd,0.560721398798084,11.2055386519004,3.36166159557012,NaN,NaN,NaN,NaN,NaN,0.535025059937172,0.05,1.66666666666667,0.560721398798084,NaN,NaN
20/05/26,0,1.00000714285714,1,0.00156974512451511,0.00313949024903022,0.0305806028880359,0.000320025015254847,0.218507763515904,0.00114333832149263,0.219181623731756,Intermediate,Linear,1.3729489294698,4.57641589742599,1.3729247692278,NaN,NaN,NaN,NaN,NaN,0.218507763515904,0.03,1,1.3729489294698,NaN,NaN
20/05/26,0,0.598294871794871,0.6,0.00544445417148183,0.0108889083429637,0.0854322189661887,0.00310087867286277,0.535025059937172,0.00970973139807418,0.126798711035407,Deep,Stokes-2nd,0.560721398798084,11.2055386519004,3.36166159557012,NaN,NaN,NaN,NaN,NaN,0.535025059937172,0.06,1.66666666666667,0.560721398798084,NaN,NaN
20/05/26,0,0.800005714285712,0.8,0.0026379740798805,0.005275948159761,0.0477821920125564,0.000840321226726645,0.312324375650456,0.00274634535826921,0.180288283524113,Intermediate,Linear,0.96053982138029,6.54130642720328,1.96239192816099,NaN,NaN,NaN,NaN,NaN,0.312324375650456,0.03,1.25,0.96053982138029,NaN,NaN
20/05/26,0,1.20690517241379,1.2,0.00150843797156699,0.00301687594313398,0.0209945200235414,0.000211126207988889,0.169451211837141,0.000852022140877282,0.350224754150051,Intermediate,Linear,1.77042109494224,3.54897788166299,1.0646933644989,NaN,NaN,NaN,NaN,NaN,0.169451211837141,0.03,0.833333333333333,1.77042109494224,NaN,NaN
20/05/26,0,1.00000714285714,1,0.00222522660838082,0.00445045321676164,0.0305806028880359,0.000453658474978565,0.218507763515904,0.00162076429837791,0.310705714946351,Intermediate,Linear,1.3729489294698,4.57641589742599,1.3729247692278,NaN,NaN,NaN,NaN,NaN,0.218507763515904,0.03,1,1.3729489294698,NaN,NaN
20/05/26,0,0.800005714285712,0.8,0.00357979340430679,0.00715958680861358,0.0477821920125564,0.00114033583873247,0.312324375650456,0.00372685579985913,0.244655477533217,Intermediate,Stokes-2nd,0.96053982138029,6.54130642720328,1.96239192816099,NaN,NaN,NaN,NaN,NaN,0.312324375650456,0.03,1.25,0.96053982138029,NaN,NaN
20/05/26,0,1.41415151515152,1.4,0.00452908356377136,0.00905816712754272,0.0152918616788592,0.000461720795927908,0.139267164781132,0.00210250875661087,1.55675979204456,Intermediate,Linear,2.15413303251683,2.91680467841788,0.875041403525364,NaN,NaN,NaN,NaN,NaN,0.139267164781132,0.03,0.714285714285714,2.15413303251683,NaN,NaN
20/05/26,0,0.800005714285712,0.8,0.00457768602598373,0.00915537205196746,0.0477821920125564,0.001458212484445,0.312324375650456,0.00476574309996396,0.312854914849774,Intermediate,Stokes-2nd,0.96053982138029,6.54130642720328,1.96239192816099,NaN,NaN,NaN,NaN,NaN,0.312324375650456,0.03,1.25,0.96053982138029,NaN,NaN
20/05/26,0,1.00000714285714,1,0.00287459364037069,0.00574918728074138,0.0305806028880359,0.00058604537720433,0.218507763515904,0.0020937367579148,0.401376052599653,Intermediate,Linear,1.3729489294698,4.57641589742599,1.3729247692278,NaN,NaN,NaN,NaN,NaN,0.218507763515904,0.03,1,1.3729489294698,NaN,NaN
20/05/26,0,1.20690517241379,1.2,0.00206327455590613,0.00412654911181226,0.0209945200235414,0.000288783059853564,0.169451211837141,0.00116541457950344,0.479045103416232,Intermediate,Linear,1.77042109494224,3.54897788166299,1.0646933644989,NaN,NaN,NaN,NaN,NaN,0.169451211837141,0.03,0.833333333333333,1.77042109494224,NaN,NaN
20/05/26,0,0.800005714285712,0.8,0.00571151535051403,0.0114230307010281,0.0477821920125564,0.0018193914877395,0.312324375650456,0.00594615155289097,0.390344737167563,Intermediate,Stokes-2nd,0.96053982138029,6.54130642720328,1.96239192816099,NaN,NaN,NaN,NaN,NaN,0.312324375650456,0.04,1.25,0.96053982138029,NaN,NaN
20/05/26,0,1.00000714285714,1,0.00350661493851158,0.00701322987702316,0.0305806028880359,0.000714895992772514,0.218507763515904,0.00255407529241874,0.489624426298131,Intermediate,Linear,1.3729489294698,4.57641589742599,1.3729247692278,NaN,NaN,NaN,NaN,NaN,0.218507763515904,0.03,1,1.3729489294698,NaN,NaN
20/05/26,0,1.41415151515152,1.4,0.00631962474345204,0.0126392494869041,0.0152918616788592,0.000644258849594429,0.139267164781132,0.00293372073500417,2.17221377413135,Intermediate,Linear,2.15413303251683,2.91680467841788,0.875041403525364,NaN,NaN,NaN,NaN,NaN,0.139267164781132,0.03,0.714285714285714,2.15413303251683,NaN,NaN
20/05/26,0,1.19658974358974,1.2,0.00194707839900287,0.00389415679800574,0.0213580547415471,0.000277238713546582,0.169451211837141,0.00109978264750985,0.452067016645882,Intermediate,Linear,1.77042109494224,3.54897788166299,1.0646933644989,NaN,NaN,NaN,NaN,NaN,0.169451211837141,0.03,0.833333333333333,1.77042109494224,NaN,NaN
20/05/26,0,1.00000714285714,1,0.00415660883907253,0.00831321767814506,0.0305806028880359,0.000847410695123846,0.218507763515904,0.00302750433745392,0.580382292856049,Intermediate,Linear,1.3729489294698,4.57641589742599,1.3729247692278,NaN,NaN,NaN,NaN,NaN,0.218507763515904,0.03,1,1.3729489294698,NaN,NaN
20/05/26,0,1.20690517241379,1.2,0.0030839208710343,0.0061678417420686,0.0209945200235414,0.000431636256519645,0.169451211837141,0.00174191376268871,0.716015805246674,Intermediate,Linear,1.77042109494224,3.54897788166299,1.0646933644989,NaN,NaN,NaN,NaN,NaN,0.169451211837141,0.03,0.833333333333333,1.77042109494224,NaN,NaN
20/05/26,0,1.41415151515152,1.4,0.00809432721301259,0.0161886544260252,0.0152918616788592,0.000825182214165427,0.139267164781132,0.00375758000589007,2.78222359367936,Intermediate,Stokes-2nd,2.15413303251683,2.91680467841788,0.875041403525364,NaN,NaN,NaN,NaN,NaN,0.139267164781132,0.03,0.714285714285714,2.15413303251683,NaN,NaN
20/05/26,0,1.00000714285714,1,0.00483867331713858,0.00967734663427716,0.0305806028880359,0.000986463648109002,0.218507763515904,0.0035242922830401,0.675618135578255,Intermediate,Stokes-2nd,1.3729489294698,4.57641589742599,1.3729247692278,NaN,NaN,NaN,NaN,NaN,0.218507763515904,0.03,1,1.3729489294698,NaN,NaN
20/05/26,0,1.19658974358974,1.2,0.0028269502609576,0.0056539005219152,0.0213580547415471,0.000402521056167756,0.169451211837141,0.00159676715840862,0.656353114148803,Intermediate,Linear,1.77042109494224,3.54897788166299,1.0646933644989,NaN,NaN,NaN,NaN,NaN,0.169451211837141,0.03,0.833333333333333,1.77042109494224,NaN,NaN
20/05/26,0,1.41415151515152,1.4,0.00982123999132308,0.0196424799826462,0.0152918616788592,0.00100123362308128,0.139267164781132,0.00455925416075544,3.37580689586139,Intermediate,Stokes-2nd,2.15413303251683,2.91680467841788,0.875041403525364,NaN,NaN,NaN,NaN,NaN,0.139267164781132,0.03,0.714285714285714,2.15413303251683,NaN,NaN
20/05/26,0,1.20690517241379,1.2,0.0041952508086304,0.0083905016172608,0.0209945200235414,0.00058718184737046,0.169451211837141,0.00236963444494388,0.974041167582165,Intermediate,Linear,1.77042109494224,3.54897788166299,1.0646933644989,NaN,NaN,NaN,NaN,NaN,0.169451211837141,0.03,0.833333333333333,1.77042109494224,NaN,NaN
20/05/26,0,1.40001,1.4,0.0152117540712595,0.030423508142519,0.0156023484122632,0.00158226057987636,0.139267164781132,0.00706165953617382,5.22866199556003,Intermediate,Stokes-2nd,2.15413303251683,2.91680467841788,0.875041403525364,NaN,NaN,NaN,NaN,NaN,0.139267164781132,0.04,0.714285714285714,2.15413303251683,NaN,NaN
20/05/26,0,1.41415151515152,1.4,0.0131645128357196,0.0263290256714392,0.0152918616788592,0.00134206606235593,0.139267164781132,0.00611128126118494,4.52497375593518,Intermediate,Stokes-2nd,2.15413303251683,2.91680467841788,0.875041403525364,NaN,NaN,NaN,NaN,NaN,0.139267164781132,0.04,0.714285714285714,2.15413303251683,NaN,NaN
20/05/26,0,0.598294871794871,0.6,0.00118599783642046,0.00237199567284092,0.0854322189661887,0.000675482845696659,0.535025059937172,0.00211512854505404,0.0276213174383219,Deep,Linear,0.560721398798084,11.2055386519004,3.36166159557012,NaN,NaN,NaN,NaN,NaN,0.535025059937172,0.03,1.66666666666667,0.560721398798084,NaN,NaN
20/05/26,0,0.598294871794871,0.6,0.00204836277166349,0.00409672554332698,0.0854322189661887,0.00116664117887296,0.535025059937172,0.00365308471560777,0.0477053807414366,Deep,Stokes-2nd,0.560721398798084,11.2055386519004,3.36166159557012,NaN,NaN,NaN,NaN,NaN,0.535025059937172,0.03,1.66666666666667,0.560721398798084,NaN,NaN
20/05/26,0,1.40001,1.4,0.00755483918655012,0.0151096783731002,0.0156023484122632,0.000785821554581162,0.139267164781132,0.00350713677962742,2.59678800697385,Intermediate,Stokes-2nd,2.15413303251683,2.91680467841788,0.875041403525364,NaN,NaN,NaN,NaN,NaN,0.139267164781132,0.03,0.714285714285714,2.15413303251683,NaN,NaN
20/05/26,0,0.600862660944208,0.6,0.00310436385542392,0.00620872771084784,0.0847035892953353,0.00175300507355408,0.535025059937172,0.00553637485938325,0.0722991365258426,Deep,Stokes-2nd,0.560721398798084,11.2055386519004,3.36166159557012,NaN,NaN,NaN,NaN,NaN,0.535025059937172,0.03,1.66666666666667,0.560721398798084,NaN,NaN
20/05/26,0,0.800005714285712,0.8,0.00103703092584538,0.00207406185169076,0.0477821920125564,0.000330344072144687,0.312324375650456,0.00107963345481624,0.0708742845534536,Intermediate,Linear,0.96053982138029,6.54130642720328,1.96239192816099,NaN,NaN,NaN,NaN,NaN,0.312324375650456,0.03,1.25,0.96053982138029,NaN,NaN
20/05/26,0,0.598294871794871,0.6,0.00367919308969252,0.00735838617938504,0.0854322189661887,0.00209547753105,0.535025059937172,0.00656153501111057,0.0856866320717717,Deep,Stokes-2nd,0.560721398798084,11.2055386519004,3.36166159557012,NaN,NaN,NaN,NaN,NaN,0.535025059937172,0.04,1.66666666666667,0.560721398798084,NaN,NaN
20/05/26,0,0.800005714285712,0.8,0.00170190671772839,0.00340381343545678,0.0477821920125564,0.00054213889049305,0.312324375650456,0.00177182317676612,0.116314198535002,Intermediate,Linear,0.96053982138029,6.54130642720328,1.96239192816099,NaN,NaN,NaN,NaN,NaN,0.312324375650456,0.03,1.25,0.96053982138029,NaN,NaN
20/05/26,0,0.600862660944208,0.6,0.00480356793355361,0.00960713586710722,0.0847035892953353,0.00271252963597312,0.535025059937172,0.00856676407187266,0.111872779742736,Deep,Stokes-2nd,0.560721398798084,11.2055386519004,3.36166159557012,NaN,NaN,NaN,NaN,NaN,0.535025059937172,0.05,1.66666666666667,0.560721398798084,NaN,NaN
20/05/26,0,1.00000714285714,1,0.00264214611734963,0.00528429223469926,0.0305806028880359,0.000538656141245566,0.218507763515904,0.00192443146328099,0.368919684535495,Intermediate,Linear,1.3729489294698,4.57641589742599,1.3729247692278,NaN,NaN,NaN,NaN,NaN,0.218507763515904,0.03,1,1.3729489294698,NaN,NaN
20/05/26,0,0.598294871794871,0.6,0.00547595325412238,0.0109519065082448,0.0854322189661887,0.00311881891636531,0.535025059937172,0.00976590739333327,0.127532309473711,Deep,Stokes-2nd,0.560721398798084,11.2055386519004,3.36166159557012,NaN,NaN,NaN,NaN,NaN,0.535025059937172,0.06,1.66666666666667,0.560721398798084,NaN,NaN
20/05/26,0,0.800005714285712,0.8,0.00236853015735181,0.00473706031470362,0.0477821920125564,0.000754490418440764,0.312324375650456,0.00246583234201394,0.161873552814969,Intermediate,Linear,0.96053982138029,6.54130642720328,1.96239192816099,NaN,NaN,NaN,NaN,NaN,0.312324375650456,0.03,1.25,0.96053982138029,NaN,NaN
20/05/26,0,1.20690517241379,1.2,0.00090558446199287,0.00181116892398574,0.0209945200235414,0.000126748740802115,0.169451211837141,0.000511507948351923,0.210255974419743,Intermediate,Linear,1.77042109494224,3.54897788166299,1.0646933644989,NaN,NaN,NaN,NaN,NaN,0.169451211837141,0.03,0.833333333333333,1.77042109494224,NaN,NaN
20/05/26,0,1.00000714285714,1,0.00381977005101406,0.00763954010202812,0.0305806028880359,0.000778739140357824,0.218507763515904,0.00278216470330704,0.533349898010869,Intermediate,Linear,1.3729489294698,4.57641589742599,1.3729247692278,NaN,NaN,NaN,NaN,NaN,0.218507763515904,0.03,1,1.3729489294698,NaN,NaN
20/05/26,0,0.800005714285712,0.8,0.00310167855006796,0.00620335710013592,0.0477821920125564,0.000988033333603831,0.312324375650456,0.00322909938872796,0.21197945275514,Intermediate,Stokes-2nd,0.96053982138029,6.54130642720328,1.96239192816099,NaN,NaN,NaN,NaN,NaN,0.312324375650456,0.03,1.25,0.96053982138029,NaN,NaN
20/05/26,0,1.41415151515152,1.4,0.0011270252490703,0.0022540504981406,0.0152918616788592,0.000114895428115765,0.139267164781132,0.000523192036915898,0.387386889128332,Intermediate,Linear,2.15413303251683,2.91680467841788,0.875041403525364,NaN,NaN,NaN,NaN,NaN,0.139267164781132,0.03,0.714285714285714,2.15413303251683,NaN,NaN
20/05/26,0,0.800005714285712,0.8,0.00384403665017688,0.00768807330035376,0.0477821920125564,0.00122450998214704,0.312324375650456,0.00400195448914655,0.262714775990356,Intermediate,Stokes-2nd,0.96053982138029,6.54130642720328,1.96239192816099,NaN,NaN,NaN,NaN,NaN,0.312324375650456,0.03,1.25,0.96053982138029,NaN,NaN
20/05/26,0,1.00000714285714,1,0.00501973255678994,0.0100394651135799,0.0305806028880359,0.00102337631948892,0.218507763515904,0.00365616844810713,0.700899219442542,Intermediate,Stokes-2nd,1.3729489294698,4.57641589742599,1.3729247692278,NaN,NaN,NaN,NaN,NaN,0.218507763515904,0.03,1,1.3729489294698,NaN,NaN
20/05/26,0,1.20690517241379,1.2,0.00127967249884777,0.00255934499769554,0.0209945200235414,0.000179107399337565,0.169451211837141,0.000722806852281389,0.297110650056079,Intermediate,Linear,1.77042109494224,3.54897788166299,1.0646933644989,NaN,NaN,NaN,NaN,NaN,0.169451211837141,0.03,0.833333333333333,1.77042109494224,NaN,NaN
20/05/26,0,0.800005714285712,0.8,0.00461569910362353,0.00923139820724706,0.0477821920125564,0.00147032147227683,0.312324375650456,0.00480531780243197,0.315452860209214,Intermediate,Stokes-2nd,0.96053982138029,6.54130642720328,1.96239192816099,NaN,NaN,NaN,NaN,NaN,0.312324375650456,0.03,1.25,0.96053982138029,NaN,NaN
20/05/26,0,1.00000714285714,1,0.0062276415329936,0.0124552830659872,0.0305806028880359,0.00126963355099678,0.218507763515904,0.00453596007784395,0.869558096982462,Intermediate,Stokes-2nd,1.3729489294698,4.57641589742599,1.3729247692278,NaN,NaN,NaN,NaN,NaN,0.218507763515904,0.03,1,1.3729489294698,NaN,NaN
20/05/26,0,1.41415151515152,1.4,0.00163629052186374,0.00327258104372748,0.0152918616788592,0.000166812855511791,0.139267164781132,0.000759605139127337,0.562434156198243,Intermediate,Linear,2.15413303251683,2.91680467841788,0.875041403525364,NaN,NaN,NaN,NaN,NaN,0.139267164781132,0.03,0.714285714285714,2.15413303251683,NaN,NaN
20/05/26,0,1.19658974358974,1.2,0.00199733967566434,0.00399467935132868,0.0213580547415471,0.000284395267535353,0.169451211837141,0.00112817209497241,0.463736534116159,Intermediate,Linear,1.77042109494224,3.54897788166299,1.0646933644989,NaN,NaN,NaN,NaN,NaN,0.169451211837141,0.03,0.833333333333333,1.77042109494224,NaN,NaN
20/05/26,0,1.00000714285714,1,0.00743473656199125,0.0148694731239825,0.0305806028880359,0.00151572484252944,0.218507763515904,0.00541515886163542,1.03810332405298,Intermediate,Stokes-2nd,1.3729489294698,4.57641589742599,1.3729247692278,NaN,NaN,NaN,NaN,NaN,0.218507763515904,0.03,1,1.3729489294698,NaN,NaN
20/05/26,0,1.20690517241379,1.2,0.00218910083003991,0.00437820166007982,0.0209945200235414,0.000306394141398826,0.169451211837141,0.00123648596161318,0.508259082880261,Intermediate,Linear,1.77042109494224,3.54897788166299,1.0646933644989,NaN,NaN,NaN,NaN,NaN,0.169451211837141,0.03,0.833333333333333,1.77042109494224,NaN,NaN
20/05/26,0,1.41415151515152,1.4,0.00219571178779443,0.00439142357558886,0.0152918616788592,0.00022384347297062,0.139267164781132,0.0010193018512088,0.754721298034589,Intermediate,Linear,2.15413303251683,2.91680467841788,0.875041403525364,NaN,NaN,NaN,NaN,NaN,0.139267164781132,0.03,0.714285714285714,2.15413303251683,NaN,NaN
20/05/26,0,1.00000714285714,1,0.00859715113266075,0.0171943022653215,0.0305806028880359,0.00175270709837551,0.218507763515904,0.00626181422201972,1.20040987246637,Intermediate,Stokes-2nd,1.3729489294698,4.57641589742599,1.3729247692278,NaN,NaN,NaN,NaN,NaN,0.218507763515904,0.04,1,1.3729489294698,NaN,NaN
20/05/26,0,1.19658974358974,1.2,0.00299675111978246,0.00599350223956492,0.0213580547415471,0.00042669849642071,0.169451211837141,0.00169267702940482,0.69577698517124,Intermediate,Linear,1.77042109494224,3.54897788166299,1.0646933644989,NaN,NaN,NaN,NaN,NaN,0.169451211837141,0.03,0.833333333333333,1.77042109494224,NaN,NaN
20/05/26,0,1.41415151515152,1.4,0.00271338792598569,0.00542677585197138,0.0152918616788592,0.000276618352301731,0.139267164781132,0.00125961947801127,0.932659590823779,Intermediate,Linear,2.15413303251683,2.91680467841788,0.875041403525364,NaN,NaN,NaN,NaN,NaN,0.139267164781132,0.03,0.714285714285714,2.15413303251683,NaN,NaN
20/05/26,0,1.20690517241379,1.2,0.00308184057079729,0.00616368114159458,0.0209945200235414,0.000431345090486439,0.169451211837141,0.00174073873136822,0.715532807169989,Intermediate,Linear,1.77042109494224,3.54897788166299,1.0646933644989,NaN,NaN,NaN,NaN,NaN,0.169451211837141,0.03,0.833333333333333,1.77042109494224,NaN,NaN
20/05/26,0,1.40001,1.4,0.00553289372189144,0.0110657874437829,0.0156023484122632,0.00057550757051316,0.139267164781132,0.00256850140561048,1.90179455923397,Intermediate,Linear,2.15413303251683,2.91680467841788,0.875041403525364,NaN,NaN,NaN,NaN,NaN,0.139267164781132,0.03,0.714285714285714,2.15413303251683,NaN,NaN
20/05/26,0,1.41415151515152,1.4,0.00370650145596129,0.00741300291192258,0.0152918616788592,0.000377862050513667,0.139267164781132,0.00172064649676288,1.27401765821922,Intermediate,Linear,2.15413303251683,2.91680467841788,0.875041403525364,NaN,NaN,NaN,NaN,NaN,0.139267164781132,0.03,0.714285714285714,2.15413303251683,NaN,NaN
20/05/26,0,0.598294871794871,0.6,0.000688333831558809,0.00137666766311762,0.0854322189661887,0.000392039244130452,0.535025059937172,0.00122758616495512,0.0160309628577449,Deep,Linear,0.560721398798084,11.2055386519004,3.36166159557012,NaN,NaN,NaN,NaN,NaN,0.535025059937172,0.03,1.66666666666667,0.560721398798084,NaN,NaN
20/05/26,0,0.599325842696629,0.6,0.000999471296351999,0.001998942592704,0.0851385477483694,0.000567290231250596,0.535025059937172,0.00178247396745404,0.0232772043078521,Deep,Linear,0.560721398798084,11.2055386519004,3.36166159557012,NaN,NaN,NaN,NaN,NaN,0.535025059937172,0.03,1.66666666666667,0.560721398798084,NaN,NaN
20/05/26,0,0.599325842696629,0.6,0.000999471296351999,0.001998942592704,0.0851385477483694,0.000567290231250596,0.535025059937172,0.00178247396745404,0.0232772043078521,Deep,Linear,0.560721398798084,11.2055386519004,3.36166159557012,NaN,NaN,NaN,NaN,NaN,0.535025059937172,0.03,1.66666666666667,0.560721398798084,NaN,NaN
20/05/26,0,0.598294871794871,0.6,0.00135772144774072,0.00271544289548144,0.0854322189661887,0.000773287706789839,0.535025059937172,0.00242138332985154,0.0316206774997599,Deep,Linear,0.560721398798084,11.2055386519004,3.36166159557012,NaN,NaN,NaN,NaN,NaN,0.535025059937172,0.03,1.66666666666667,0.560721398798084,NaN,NaN
20/05/26,0,0.599325842696629,0.6,0.00228036196739638,0.00456072393479276,0.0851385477483694,0.00129431137496495,0.535025059937172,0.00406683599428232,0.0531085300845368,Deep,Stokes-2nd,0.560721398798084,11.2055386519004,3.36166159557012,NaN,NaN,NaN,NaN,NaN,0.535025059937172,0.03,1.66666666666667,0.560721398798084,NaN,NaN
20/05/26,0,0.599325842696629,0.6,0.00228036196739638,0.00456072393479276,0.0851385477483694,0.00129431137496495,0.535025059937172,0.00406683599428232,0.0531085300845368,Deep,Stokes-2nd,0.560721398798084,11.2055386519004,3.36166159557012,NaN,NaN,NaN,NaN,NaN,0.535025059937172,0.03,1.66666666666667,0.560721398798084,NaN,NaN
20/05/26,0,1.40001,1.4,0.0181658352872708,0.0363316705745416,0.0156023484122632,0.00188953127567857,0.139267164781132,0.00843301458779746,6.2440539164128,Intermediate,Stokes-2nd,2.15413303251683,2.91680467841788,0.875041403525364,NaN,NaN,NaN,NaN,NaN,0.139267164781132,0.05,0.714285714285714,2.15413303251683,NaN,NaN
20/05/26,0,1.40205607476636,1.4,0.0173793639968777,0.0347587279937554,0.0155568434167015,0.00180245362920857,0.139267164781132,0.00806791583181477,5.97372397764217,Intermediate,Stokes-2nd,2.15413303251683,2.91680467841788,0.875041403525364,NaN,NaN,NaN,NaN,NaN,0.139267164781132,0.05,0.714285714285714,2.15413303251683,NaN,NaN
20/05/26,0,0.600862660944208,0.6,0.00212157337812857,0.00424314675625714,0.0847035892953353,0.0011980325338728,0.535025059937172,0.00378364974598116,0.0494104204463379,Deep,Stokes-2nd,0.560721398798084,11.2055386519004,3.36166159557012,NaN,NaN,NaN,NaN,NaN,0.535025059937172,0.03,1.66666666666667,0.560721398798084,NaN,NaN
20/05/26,0,0.599325880168548,0.6,0.00279050581087041,0.00558101162174082,0.085138537102059,0.00158386388341534,0.535025059937172,0.00497663512905323,0.064989534085632,Deep,Stokes-2nd,0.560721398798084,11.2055386519004,3.36166159557012,NaN,NaN,NaN,NaN,NaN,0.535025059937172,0.03,1.66666666666667,0.560721398798084,NaN,NaN
20/05/26,0,0.800005714285712,0.8,0.00179104271390872,0.00358208542781744,0.0477821920125564,0.000570532979057843,0.312324375650456,0.0018646209912828,0.122406061178433,Intermediate,Linear,0.96053982138029,6.54130642720328,1.96239192816099,NaN,NaN,NaN,NaN,NaN,0.312324375650456,0.03,1.25,0.96053982138029,NaN,NaN
20/05/26,0,0.800100338642919,0.8,0.0016846698675604,0.0033693397351208,0.0477708907003931,0.000536521200729824,0.312324375650456,0.0017538782152098,0.115136172505917,Intermediate,Linear,0.96053982138029,6.54130642720328,1.96239192816099,NaN,NaN,NaN,NaN,NaN,0.312324375650456,0.03,1.25,0.96053982138029,NaN,NaN
20/05/26,0,0.598294871794871,0.6,0.0026102802365,0.005220560473,0.0854322189661887,0.00148668021818522,0.535025059937172,0.0046552177999541,0.0607921674064367,Deep,Stokes-2nd,0.560721398798084,11.2055386519004,3.36166159557012,NaN,NaN,NaN,NaN,NaN,0.535025059937172,0.03,1.66666666666667,0.560721398798084,NaN,NaN
20/05/26,0,0.598376068376069,0.6,0.00344226298260326,0.00688452596520652,0.0854090351063175,0.00196000239950893,0.535025059937172,0.00613898986195606,0.0801686441820468,Deep,Stokes-2nd,0.560721398798084,11.2055386519004,3.36166159557012,NaN,NaN,NaN,NaN,NaN,0.535025059937172,0.04,1.66666666666667,0.560721398798084,NaN,NaN
20/05/26,0,0.800005714285712,0.8,0.00270711168121983,0.00541422336243966,0.0477821920125564,0.000862344867676534,0.312324375650456,0.00281832321884347,0.185013386612695,Intermediate,Linear,0.96053982138029,6.54130642720328,1.96239192816099,NaN,NaN,NaN,NaN,NaN,0.312324375650456,0.03,1.25,0.96053982138029,NaN,NaN
20/05/26,0,0.802246591608193,0.8,0.00291592382037932,0.00583184764075864,0.0475156293640778,0.000923679703353529,0.312324375650456,0.00303571362214755,0.199284331287697,Intermediate,Linear,0.96053982138029,6.54130642720328,1.96239192816099,NaN,NaN,NaN,NaN,NaN,0.312324375650456,0.03,1.25,0.96053982138029,NaN,NaN
20/05/26,0,0.600862660944208,0.6,0.00362307158791317,0.00724614317582634,0.0847035892953353,0.0020459144518013,0.535025059937172,0.00646144697826637,0.0843795893705461,Deep,Stokes-2nd,0.560721398798084,11.2055386519004,3.36166159557012,NaN,NaN,NaN,NaN,NaN,0.535025059937172,0.04,1.66666666666667,0.560721398798084,NaN,NaN
20/05/26,0,0.599325842696629,0.6,0.00424812495004231,0.00849624990008462,0.0851385477483694,0.00241119459266811,0.535025059937172,0.00757617768672328,0.0989367806242564,Deep,Stokes-2nd,0.560721398798084,11.2055386519004,3.36166159557012,NaN,NaN,NaN,NaN,NaN,0.535025059937172,0.05,1.66666666666667,0.560721398798084,NaN,NaN
20/05/26,0,1.00000714285714,1,0.00401925993151169,0.00803851986302338,0.0305806028880359,0.000819409279129022,0.218507763515904,0.00292746499541234,0.561204430089145,Intermediate,Linear,1.3729489294698,4.57641589742599,1.3729247692278,NaN,NaN,NaN,NaN,NaN,0.218507763515904,0.03,1,1.3729489294698,NaN,NaN
20/05/26,0,1.000125,1,0.00367084430749836,0.00734168861499672,0.0305733959286602,0.000748201176037439,0.218507763515904,0.00267369326615517,0.512555575563578,Intermediate,Linear,1.3729489294698,4.57641589742599,1.3729247692278,NaN,NaN,NaN,NaN,NaN,0.218507763515904,0.03,1,1.3729489294698,NaN,NaN
20/05/26,0,0.598294871794871,0.6,0.00407677973986053,0.00815355947972106,0.0854322189661887,0.00232192226275124,0.535025059937172,0.00727059774889843,0.094946233342778,Deep,Stokes-2nd,0.560721398798084,11.2055386519004,3.36166159557012,NaN,NaN,NaN,NaN,NaN,0.535025059937172,0.05,1.66666666666667,0.560721398798084,NaN,NaN
20/05/26,0,0.598876488922346,0.6,0.00474703820672911,0.00949407641345822,0.08526635934641,0.00269841777044068,0.535025059937172,0.00846594800359763,0.110556229677153,Deep,Stokes-2nd,0.560721398798084,11.2055386519004,3.36166159557012,NaN,NaN,NaN,NaN,NaN,0.535025059937172,0.05,1.66666666666667,0.560721398798084,NaN,NaN
20/05/26,0,0.800005714285712,0.8,0.00364091717218123,0.00728183434436246,0.0477821920125564,0.00115980668948651,0.312324375650456,0.00379049060865509,0.248832887492116,Intermediate,Stokes-2nd,0.96053982138029,6.54130642720328,1.96239192816099,NaN,NaN,NaN,NaN,NaN,0.312324375650456,0.03,1.25,0.96053982138029,NaN,NaN
20/05/26,0,0.804713404011256,0.8,0.00403076160334772,0.00806152320669544,0.0472247618601472,0.00126901171222081,0.312324375650456,0.0041963503372047,0.27547620589031,Intermediate,Stokes-2nd,0.96053982138029,6.54130642720328,1.96239192816099,NaN,NaN,NaN,NaN,NaN,0.312324375650456,0.03,1.25,0.96053982138029,NaN,NaN
20/05/26,0,1.20690517241379,1.2,0.0030479863715134,0.0060959727430268,0.0209945200235414,0.000426606739388128,0.169451211837141,0.00172161661438678,0.707672637348866,Intermediate,Linear,1.77042109494224,3.54897788166299,1.0646933644989,NaN,NaN,NaN,NaN,NaN,0.169451211837141,0.03,0.833333333333333,1.77042109494224,NaN,NaN
20/05/26,0,1.20706896551724,1.2,0.00311902184877099,0.00623804369754198,0.0209888227114948,0.000436430644114221,0.169451211837141,0.00176174010673588,0.724165448473626,Intermediate,Linear,1.77042109494224,3.54897788166299,1.0646933644989,NaN,NaN,NaN,NaN,NaN,0.169451211837141,0.03,0.833333333333333,1.77042109494224,NaN,NaN
20/05/26,0,1.00000714285714,1,0.00565775224451794,0.0113155044890359,0.0305806028880359,0.00115344983085665,0.218507763515904,0.00412087596492233,0.789985141064529,Intermediate,Stokes-2nd,1.3729489294698,4.57641589742599,1.3729247692278,NaN,NaN,NaN,NaN,NaN,0.218507763515904,0.03,1,1.3729489294698,NaN,NaN
20/05/26,0,1.00013333333333,1,0.00596770177987186,0.0119354035597437,0.0305728864421158,0.00121633245890956,0.218507763515904,0.00434663056416559,0.833263021895509,Intermediate,Stokes-2nd,1.3729489294698,4.57641589742599,1.3729247692278,NaN,NaN,NaN,NaN,NaN,0.218507763515904,0.03,1,1.3729489294698,NaN,NaN
20/05/26,0,0.800005714285712,0.8,0.00482917693678146,0.00965835387356292,0.0477821920125564,0.001538324397706,0.312324375650456,0.00502756557228618,0.330042674568662,Intermediate,Stokes-2nd,0.96053982138029,6.54130642720328,1.96239192816099,NaN,NaN,NaN,NaN,NaN,0.312324375650456,0.03,1.25,0.96053982138029,NaN,NaN
20/05/26,0,0.806560196666914,0.8,0.00493671253919822,0.00987342507839644,0.0470087469966541,0.00154712447166919,0.312324375650456,0.00513951887190288,0.337392030017343,Intermediate,Stokes-2nd,0.96053982138029,6.54130642720328,1.96239192816099,NaN,NaN,NaN,NaN,NaN,0.312324375650456,0.03,1.25,0.96053982138029,NaN,NaN
20/05/26,0,1.41415151515152,1.4,0.00399070943254532,0.00798141886509064,0.0152918616788592,0.000406835844286677,0.139267164781132,0.00185258262711968,1.371707079113,Intermediate,Linear,2.15413303251683,2.91680467841788,0.875041403525364,NaN,NaN,NaN,NaN,NaN,0.139267164781132,0.03,0.714285714285714,2.15413303251683,NaN,NaN
20/05/26,0,1.40205607476636,1.4,0.0036844149451523,0.0073688298903046,0.0155568434167015,0.000382119109225928,0.139267164781132,0.00171039341096196,1.26642596963811,Intermediate,Linear,2.15413303251683,2.91680467841788,0.875041403525364,NaN,NaN,NaN,NaN,NaN,0.139267164781132,0.03,0.714285714285714,2.15413303251683,NaN,NaN
20/05/26,0,0.800005714285712,0.8,0.00579407630923493,0.0115881526184699,0.0477821920125564,0.00184569111162178,0.312324375650456,0.00603210421917633,0.395987238982657,Intermediate,Stokes-2nd,0.96053982138029,6.54130642720328,1.96239192816099,NaN,NaN,NaN,NaN,NaN,0.312324375650456,0.04,1.25,0.96053982138029,NaN,NaN
20/05/26,0,0.802246275272385,0.8,0.00599943738272284,0.0119988747654457,0.047515666836107,0.00190044845254363,0.312324375650456,0.00624590178270973,0.410022325879145,Intermediate,Stokes-2nd,0.96053982138029,6.54130642720328,1.96239192816099,NaN,NaN,NaN,NaN,NaN,0.312324375650456,0.04,1.25,0.96053982138029,NaN,NaN
20/05/26,0,1.00000714285714,1,0.00718917100032686,0.0143783420006537,0.0305806028880359,0.00146566122303453,0.218507763515904,0.00523629892271604,1.00381530003072,Intermediate,Stokes-2nd,1.3729489294698,4.57641589742599,1.3729247692278,NaN,NaN,NaN,NaN,NaN,0.218507763515904,0.03,1,1.3729489294698,NaN,NaN
20/05/26,0,1.00013333333333,1,0.00673952647706413,0.0134790529541283,0.0305728864421158,0.00137364518437943,0.218507763515904,0.00490879619219833,0.941031976055585,Intermediate,Stokes-2nd,1.3729489294698,4.57641589742599,1.3729247692278,NaN,NaN,NaN,NaN,NaN,0.218507763515904,0.03,1,1.3729489294698,NaN,NaN
20/05/26,0,1.20690517241379,1.2,0.00428213467012793,0.00856426934025586,0.0209945200235414,0.000599342413836677,0.169451211837141,0.00241870969701004,0.994213610603451,Intermediate,Linear,1.77042109494224,3.54897788166299,1.0646933644989,NaN,NaN,NaN,NaN,NaN,0.169451211837141,0.03,0.833333333333333,1.77042109494224,NaN,NaN
20/05/26,0,1.20016,1.2,0.00360195671947512,0.00720391343895024,0.0212311711403582,0.000509825063675596,0.169451211837141,0.0020345197703333,0.836291866364804,Intermediate,Linear,1.77042109494224,3.54897788166299,1.0646933644989,NaN,NaN,NaN,NaN,NaN,0.169451211837141,0.03,0.833333333333333,1.77042109494224,NaN,NaN
20/05/26,0,0.800005714285712,0.8,0.00688258201351933,0.0137651640270387,0.0477821920125564,0.00219243236874765,0.312324375650456,0.00716532710078495,0.470379488144002,Intermediate,Stokes-2nd,0.96053982138029,6.54130642720328,1.96239192816099,NaN,NaN,NaN,NaN,NaN,0.312324375650456,0.05,1.25,0.96053982138029,NaN,NaN
20/05/26,0,0.810920128703602,0.8,0.00723782552936163,0.0144756510587233,0.0465046185081528,0.00224394876714354,0.312324375650456,0.00753516446508268,0.494658060171208,Intermediate,Stokes-2nd,0.96053982138029,6.54130642720328,1.96239192816099,NaN,NaN,NaN,NaN,NaN,0.312324375650456,0.05,1.25,0.96053982138029,NaN,NaN
20/05/26,0,1.00000714285714,1,0.00882929686127193,0.0176585937225439,0.0305806028880359,0.00180003480730092,0.218507763515904,0.00643089970191505,1.23282410134006,Intermediate,Stokes-2nd,1.3729489294698,4.57641589742599,1.3729247692278,NaN,NaN,NaN,NaN,NaN,0.218507763515904,0.04,1,1.3729489294698,NaN,NaN
20/05/26,0,1.00013333333333,1,0.00678830582772729,0.0135766116554546,0.0305728864421158,0.00138358735470306,0.218507763515904,0.00494432508159555,0.947842978119525,Intermediate,Stokes-2nd,1.3729489294698,4.57641589742599,1.3729247692278,NaN,NaN,NaN,NaN,NaN,0.218507763515904,0.03,1,1.3729489294698,NaN,NaN
20/05/26,0,1.41415151515152,1.4,0.00543566345176872,0.0108713269035374,0.0152918616788592,0.000554142757581849,0.139267164781132,0.0025233647921075,1.86837407295558,Intermediate,Linear,2.15413303251683,2.91680467841788,0.875041403525364,NaN,NaN,NaN,NaN,NaN,0.139267164781132,0.03,0.714285714285714,2.15413303251683,NaN,NaN
20/05/26,0,1.40205607476636,1.4,0.00578838851291229,0.0115767770258246,0.0155568434167015,0.000600327024869401,0.139267164781132,0.00268710818948322,1.98961453697067,Intermediate,Linear,2.15413303251683,2.91680467841788,0.875041403525364,NaN,NaN,NaN,NaN,NaN,0.139267164781132,0.03,0.714285714285714,2.15413303251683,NaN,NaN
20/05/26,0,1.19658974358974,1.2,0.00519948253824028,0.0103989650764806,0.0213580547415471,0.000740338884529695,0.169451211837141,0.00293686205676956,1.20720077854511,Intermediate,Linear,1.77042109494224,3.54897788166299,1.0646933644989,NaN,NaN,NaN,NaN,NaN,0.169451211837141,0.03,0.833333333333333,1.77042109494224,NaN,NaN
20/05/26,0,1.20016,1.2,0.00441797478378186,0.00883594956756372,0.0212311711403582,0.000625325191521731,0.169451211837141,0.00249543726992589,1.02575257428967,Intermediate,Linear,1.77042109494224,3.54897788166299,1.0646933644989,NaN,NaN,NaN,NaN,NaN,0.169451211837141,0.03,0.833333333333333,1.77042109494224,NaN,NaN
20/05/26,0,1.00000714285714,1,0.0103917600460287,0.0207835200920574,0.0305806028880359,0.00211857524850241,0.218507763515904,0.00756893415550551,1.45098895658168,Intermediate,Stokes-2nd,1.3729489294698,4.57641589742599,1.3729247692278,NaN,NaN,NaN,NaN,NaN,0.218507763515904,0.05,1,1.3729489294698,NaN,NaN
20/05/26,0,1.00013333333333,1,0.00960705715377438,0.0192141143075488,0.0305728864421158,0.00195810311603507,0.218507763515904,0.00699738857546901,1.34142183553428,Intermediate,Stokes-2nd,1.3729489294698,4.57641589742599,1.3729247692278,NaN,NaN,NaN,NaN,NaN,0.218507763515904,0.04,1,1.3729489294698,NaN,NaN
20/05/26,0,1.20690517241379,1.2,0.00668278522004074,0.0133655704400815,0.0209945200235414,0.000935345787434477,0.169451211837141,0.00377468684661079,1.55158969400315,Intermediate,Stokes-2nd,1.77042109494224,3.54897788166299,1.0646933644989,NaN,NaN,NaN,NaN,NaN,0.169451211837141,0.03,0.833333333333333,1.77042109494224,NaN,NaN
20/05/26,0,1.20388888888889,1.2,0.00547748689439618,0.0109549737887924,0.0210998532561863,0.000770494464562954,0.169451211837141,0.00309388930692496,1.27174702381511,Intermediate,Linear,1.77042109494224,3.54897788166299,1.0646933644989,NaN,NaN,NaN,NaN,NaN,0.169451211837141,0.03,0.833333333333333,1.77042109494224,NaN,NaN
20/05/26,0,1.41415151515152,1.4,0.00702732357353346,0.0140546471470669,0.0152918616788592,0.000716405733727066,0.139267164781132,0.00326225143361872,2.41546763951826,Intermediate,Stokes-2nd,2.15413303251683,2.91680467841788,0.875041403525364,NaN,NaN,NaN,NaN,NaN,0.139267164781132,0.03,0.714285714285714,2.15413303251683,NaN,NaN
20/05/26,0,1.41434343434344,1.4,0.00703032787257645,0.0140606557451529,0.0152877119051249,0.000716517514096789,0.139267164781132,0.00326364610098496,2.41650029256773,Intermediate,Stokes-2nd,2.15413303251683,2.91680467841788,0.875041403525364,NaN,NaN,NaN,NaN,NaN,0.139267164781132,0.03,0.714285714285714,2.15413303251683,NaN,NaN
20/05/26,0,1.00000714285714,1,0.0119619347213206,0.0239238694426412,0.0305806028880359,0.00243868783656876,0.218507763515904,0.00871258534426332,1.67023055797175,Intermediate,Stokes-2nd,1.3729489294698,4.57641589742599,1.3729247692278,NaN,NaN,NaN,NaN,NaN,0.218507763515904,0.05,1,1.3729489294698,NaN,NaN
20/05/26,0,1.00013333333333,1,0.00953828660630396,0.0190765732126079,0.0305728864421158,0.00194408635511257,0.218507763515904,0.00694729891372392,1.33181948670447,Intermediate,Stokes-2nd,1.3729489294698,4.57641589742599,1.3729247692278,NaN,NaN,NaN,NaN,NaN,0.218507763515904,0.04,1,1.3729489294698,NaN,NaN
20/05/26,0,1.19658974358974,1.2,0.00755219818020334,0.0151043963604067,0.0213580547415471,0.00107533508101197,0.169451211837141,0.00426576377889901,1.75344747401614,Intermediate,Stokes-2nd,1.77042109494224,3.54897788166299,1.0646933644989,NaN,NaN,NaN,NaN,NaN,0.169451211837141,0.03,0.833333333333333,1.77042109494224,NaN,NaN
20/05/26,0,1.2002,1.2,0.00649123148042998,0.01298246296086,0.0212297559883938,0.000918715069291389,0.169451211837141,0.00366649013558086,1.50711530219769,Intermediate,Stokes-2nd,1.77042109494224,3.54897788166299,1.0646933644989,NaN,NaN,NaN,NaN,NaN,0.169451211837141,0.03,0.833333333333333,1.77042109494224,NaN,NaN
20/05/26,0,1.41415151515152,1.4,0.00851354876301283,0.0170270975260257,0.0152918616788592,0.000867920067201431,0.139267164781132,0.00395219266150235,2.92632057131506,Intermediate,Stokes-2nd,2.15413303251683,2.91680467841788,0.875041403525364,NaN,NaN,NaN,NaN,NaN,0.139267164781132,0.03,0.714285714285714,2.15413303251683,NaN,NaN
20/05/26,0,1.40205607476636,1.4,0.00859337552843832,0.0171867510568766,0.0155568434167015,0.000891238650112196,0.139267164781132,0.00398925015248388,2.95375903585068,Intermediate,Stokes-2nd,2.15413303251683,2.91680467841788,0.875041403525364,NaN,NaN,NaN,NaN,NaN,0.139267164781132,0.03,0.714285714285714,2.15413303251683,NaN,NaN
20/05/26,0,1.20690517241379,1.2,0.00907050386451247,0.0181410077290249,0.0209945200235414,0.00126953916671411,0.169451211837141,0.00512335957271702,2.10596328509679,Intermediate,Stokes-2nd,1.77042109494224,3.54897788166299,1.0646933644989,NaN,NaN,NaN,NaN,NaN,0.169451211837141,0.03,0.833333333333333,1.77042109494224,NaN,NaN
20/05/26,0,1.20706896551724,1.2,0.00624755315577428,0.0124951063115486,0.0209888227114948,0.000874191903781242,0.169451211837141,0.00352885151087635,1.45053877538461,Intermediate,Stokes-2nd,1.77042109494224,3.54897788166299,1.0646933644989,NaN,NaN,NaN,NaN,NaN,0.169451211837141,0.03,0.833333333333333,1.77042109494224,NaN,NaN
20/05/26,0,1.40001,1.4,0.0131141227958564,0.0262282455917128,0.0156023484122632,0.0013640740865477,0.139267164781132,0.00608788900123509,4.50765343342975,Intermediate,Stokes-2nd,2.15413303251683,2.91680467841788,0.875041403525364,NaN,NaN,NaN,NaN,NaN,0.139267164781132,0.04,0.714285714285714,2.15413303251683,NaN,NaN
20/05/26,0,1.4002,1.4,0.0128873332253554,0.0257746664507108,0.015598114381313,0.00134012065146126,0.139267164781132,0.00598260786628307,4.42970016106464,Intermediate,Stokes-2nd,2.15413303251683,2.91680467841788,0.875041403525364,NaN,NaN,NaN,NaN,NaN,0.139267164781132,0.04,0.714285714285714,2.15413303251683,NaN,NaN
20/05/26,0,1.41415151515152,1.4,0.0115244252130687,0.0230488504261374,0.0152918616788592,0.00117486610857736,0.139267164781132,0.00534991341718755,3.96123444081271,Intermediate,Stokes-2nd,2.15413303251683,2.91680467841788,0.875041403525364,NaN,NaN,NaN,NaN,NaN,0.139267164781132,0.03,0.714285714285714,2.15413303251683,NaN,NaN
20/05/26,0,1.40205607476636,1.4,0.0119006027471515,0.023801205494303,0.0155568434167015,0.00123423875667869,0.139267164781132,0.00552454401260778,4.09053610890623,Intermediate,Stokes-2nd,2.15413303251683,2.91680467841788,0.875041403525364,NaN,NaN,NaN,NaN,NaN,0.139267164781132,0.03,0.714285714285714,2.15413303251683,NaN,NaN
