t_s,eta_m
0,-0.00912619330787596
0.0166833333333333,-0.010717123266787
0.0333666666666667,-0.0119103207359704
0.05005,-0.0132360957017296
0.0667333333333333,-0.014296715674337
0.0834166666666667,-0.0152247581503684
0.1001,-0.016020223129824
0.116783333333333,-0.0168156881092795
0.133466666666667,-0.0173459980955832
0.15015,-0.017743730585311
0.166833333333333,-0.0181414630750388
0.183516666666667,-0.0182740405716147
0.2002,-0.0182740405716147
0.216883333333333,-0.0181414630750388
0.233566666666667,-0.0162853781229758
0.25025,-0.0174785755921591
0.266933333333333,-0.0169482656058554
0.283616666666667,-0.0161528006263999
0.3003,-0.0152247581503684
0.316983333333333,-0.0141641381777611
0.333666666666667,-0.0128383632120018
0.35035,-0.0113800107496667
0.367033333333333,-0.0099216582873315
0.383716666666667,-0.0081981508318445
0.4004,-0.00620948838320565
0.417083333333333,-0.00422082593456679
0.433766666666667,-0.00196700849277609
0.45045,2.1653955862758e-05
0.467133333333333,0.00360124636341269
0.483816666666667,0.00519217632232377
0.5005,0.00810888124699409
0.517183333333333,0.0103626986887848
0.533866666666667,0.0123513611374236
0.55055,0.013411981110031
0.567233333333333,0.0142074460894866
0.583916666666667,0.0155332210552458
0.6006,0.016858996021005
0.617283333333333,0.0179196159936124
0.633966666666667,0.0189802359662198
0.65065,0.0197757009456754
0.667333333333333,0.0201734334354031
0.684016666666667,0.0201734334354031
0.7007,0.0201734334354031
0.717383333333333,0.0201734334354031
0.734066666666667,0.0200408559388272
0.75075,0.0199082784422513
0.767433333333333,0.0189802359662198
0.784116666666667,0.0177870384970365
0.8008,0.0163286860347013
0.817483333333333,0.0144726010826384
0.834166666666667,0.0124839386339996
0.85085,0.0103626986887848
0.867533333333333,0.00824145874357001
0.884216666666667,0.00625279629493116
0.9009,0.00399897885314046
0.917583333333333,-0.000773811023592783
0.934266666666667,-0.00262989597565571
0.95095,-0.00475113592087049
0.967633333333333,-0.00673979836950934
0.984316666666667,-0.00846330582499634
1.001,-0.0101868132804834
1.01768333333333,-0.0117777432393944
1.03436666666667,-0.0129709407085777
1.05105,-0.0141641381777611
1.06773333333333,-0.0152247581503684
1.08441666666667,-0.016020223129824
1.1011,-0.0168156881092795
1.11778333333333,-0.0174785755921591
1.13446666666667,-0.0178763080818869
1.15115,-0.0182740405716147
1.16783333333333,-0.0185391955647665
1.18451666666667,-0.0185391955647665
1.2012,-0.0169482656058554
1.21788333333333,-0.0168156881092795
1.23456666666667,-0.0164179556195518
1.25125,-0.0158876456332481
1.26793333333333,-0.0168156881092795
1.28461666666667,-0.016020223129824
1.3013,-0.0149596031572166
1.31798333333333,-0.0137664056880333
1.33466666666667,-0.0124406307222741
1.35135,-0.010849700763363
1.36803333333333,-0.00925877080445189
1.38471666666667,-0.00727010835581303
1.4014,-0.00528144590717418
1.41808333333333,-0.00209958598935202
1.43476666666667,-0.00103896601674463
1.45145,0.00227547139765346
1.46813333333333,0.00466186633602008
1.48481666666667,0.00718083877096263
1.5015,0.00903692372302555
1.51818333333333,0.0114233186613922
1.53486666666667,0.0132794036134551
1.55155,0.0138097135997588
1.56823333333333,0.015135488565518
1.58491666666667,0.0167264185244291
1.6016,0.0179196159936124
1.61828333333333,0.0189802359662198
1.63496666666667,0.0199082784422513
1.65165,0.0205711659251309
1.66833333333333,0.0205711659251309
1.68501666666667,0.0203060109319791
1.7017,0.020438588428555
1.71838333333333,0.020438588428555
1.73506666666667,0.0203060109319791
1.75175,0.0201734334354031
1.76843333333333,0.0191128134627957
1.78511666666667,0.0177870384970365
1.8018,0.0161961085381254
1.81848333333333,0.0143400235860625
1.83516666666667,0.0122187836408477
1.85185,0.00996496619905702
1.86853333333333,0.00784372625384224
1.88521666666667,0.00572248630862747
1.9019,0.00346866886683677
1.91858333333333,-0.00130412100989648
1.93526666666667,-0.00342536095511125
1.95195,-0.00541402340375011
1.96863333333333,-0.00753526334896488
1.98531666666667,-0.00925877080445189
2.002,-0.010849700763363
2.01868333333333,-0.0124406307222741
2.03536666666667,-0.0137664056880333
2.05205,-0.0149596031572166
2.06873333333333,-0.016020223129824
2.08541666666667,-0.0168156881092795
2.1021,-0.0176111530887351
2.11878333333333,-0.0182740405716147
2.13546666666667,-0.0188043505579184
2.15215,-0.0192020830476461
2.16883333333333,-0.0193346605442221
2.18551666666667,-0.019467238040798
2.2022,-0.0178763080818869
2.21888333333333,-0.0192020830476461
2.23556666666667,-0.0189369280544943
2.25225,-0.0184066180681906
2.26893333333333,-0.017743730585311
2.28561666666667,-0.0169482656058554
2.3023,-0.0158876456332481
2.31898333333333,-0.0145618706674888
2.33566666666667,-0.0132360957017296
2.35235,-0.0116451657428185
2.36903333333333,-0.00978908079075558
2.38571666666667,-0.00793299583869265
2.4024,-0.00581175589347788
2.41908333333333,-0.00262989597565571
2.43576666666667,-0.000110923540713166
2.45245,0.00240804889422938
2.46913333333333,0.00452928883944416
2.48581666666667,0.0070482612743867
2.5025,0.00916950121960148
2.51918333333333,0.011688473654544
2.53586666666667,0.013411981110031
2.55255,0.0142074460894866
2.56923333333333,0.0156657985518217
2.58591666666667,0.0172567285107328
2.6026,0.018715080973068
2.61928333333333,0.0197757009456754
2.63596666666667,0.0208363209182827
2.65265,0.0213666309045864
2.66933333333333,0.0214992084011624
2.68601666666667,0.0212340534080105
2.7027,0.0211014759114346
2.71938333333333,0.0211014759114346
2.73606666666667,0.0209688984148587
2.75275,0.0209688984148587
2.76943333333333,0.0199082784422513
2.78611666666667,0.018582503476492
2.8028,0.016991573517581
2.81948333333333,0.0142074460894866
2.83616666666667,0.0130142486203033
2.85285,0.0104952761853607
2.86953333333333,0.00850661373672186
2.88621666666667,0.00612021879835524
2.9029,0.00386640135656454
2.91958333333333,-0.00103896601674463
2.93626666666667,-0.00329278345853533
2.95295,-0.00528144590717418
2.96963333333333,-0.00740268585238896
2.98631666666667,-0.00925877080445189
3.003,-0.0109822782599389
3.01968333333333,-0.01257320821885
3.03636666666667,-0.0140315606811851
3.05305,-0.0152247581503684
3.06973333333333,-0.0162853781229758
3.08641666666667,-0.0172134205990073
3.1031,-0.0180088855784628
3.11978333333333,-0.0186717730613425
3.13646666666667,-0.0192020830476461
3.15315,-0.0195998155373739
3.16983333333333,-0.0198649705305258
3.18651666666667,-0.0199975480271017
3.2032,-0.0199975480271017
3.21988333333333,-0.0181414630750388
3.23656666666667,-0.019467238040798
3.25325,-0.0189369280544943
3.26993333333333,-0.0166831106127036
3.28661666666667,-0.0173459980955832
3.3033,-0.0162853781229758
3.31998333333333,-0.0150921806537925
3.33666666666667,-0.0137664056880333
3.35335,-0.0121754757291222
3.37003333333333,-0.0101868132804834
3.38671666666667,-0.00846330582499634
3.4034,-0.00620948838320565
3.42008333333333,-0.00408824843799087
3.43676666666667,-0.00064123352701686
3.45345,0.000551963942166452
3.47013333333333,0.00373382385998862
3.48681666666667,0.00665052878465893
3.5035,0.00916950121960148
3.52018333333333,0.0111581636682403
3.53686666666667,0.0132794036134551
3.55355,0.0139422910963347
3.57023333333333,0.0154006435586699
3.58691666666667,0.016991573517581
3.6036,0.0183173484833402
3.62028333333333,0.0196431234490994
3.63696666666667,0.0207037434217068
3.65365,0.0212340534080105
3.67033333333333,0.0213666309045864
3.68701666666667,0.0213666309045864
3.7037,0.0211014759114346
3.72038333333333,0.0212340534080105
3.73706666666667,0.0209688984148587
3.75375,0.0211014759114346
3.77043333333333,0.0200408559388272
3.78711666666667,0.0188476584696439
3.8038,0.0171241510141569
3.82048333333333,0.015135488565518
3.83716666666667,0.0131468261168792
3.85385,0.0108930086750885
3.87053333333333,0.00850661373672186
3.88721666666667,0.00638537379150709
3.9039,0.00413155634971639
3.92058333333333,-0.000773811023592783
3.93726666666667,-0.00302762846538348
3.95395,-0.00514886841059826
3.97063333333333,-0.00713753085923711
3.98731666666667,-0.00899361581130004
4.004,-0.010717123266787
4.02068333333333,-0.0123080532256981
4.03736666666667,-0.0137664056880333
4.05405,-0.0149596031572166
4.07073333333333,-0.016020223129824
4.08741666666667,-0.0170808431024314
4.1041,-0.0178763080818869
4.12078333333333,-0.0185391955647665
4.13746666666667,-0.0192020830476461
4.15415,-0.0195998155373739
4.17083333333333,-0.0198649705305258
4.18751666666667,-0.0199975480271017
4.2042,-0.0198649705305258
4.22088333333333,-0.0197323930339498
4.23756666666667,-0.019467238040798
4.25425,-0.0190695055510702
4.27093333333333,-0.0185391955647665
4.28761666666667,-0.017743730585311
4.3043,-0.0169482656058554
4.32098333333333,-0.0156224906400962
4.33766666666667,-0.014296715674337
4.35435,-0.0128383632120018
4.37103333333333,-0.0109822782599389
4.38771666666667,-0.00912619330787596
4.4044,-0.00567917839690195
4.42108333333333,-0.00461855842429456
4.43776666666667,-0.00156927600304832
4.45445,-0.000110923540713166
4.47113333333333,0.0025406263908053
4.48781666666667,0.00585506380520339
4.5045,0.00824145874357001
4.52118333333333,0.0103626986887848
4.53786666666667,0.0130142486203033
4.55455,0.0136771361031829
4.57123333333333,0.0148703335723662
4.58791666666667,0.0164612635312773
4.6046,0.0177870384970365
4.62128333333333,0.0191128134627957
4.63796666666667,0.0201734334354031
4.65465,0.0209688984148587
4.67133333333333,0.0212340534080105
4.68801666666667,0.0211014759114346
4.7047,0.0209688984148587
4.72138333333333,0.0212340534080105
4.73806666666667,0.0211014759114346
4.75475,0.0211014759114346
4.77143333333333,0.0203060109319791
4.78811666666667,0.0191128134627957
4.8048,0.0176544610004606
4.82148333333333,0.0156657985518217
4.83816666666667,0.0130142486203033
4.85485,0.011688473654544
4.87153333333333,0.00916950121960148
4.88821666666667,0.00718083877096263
4.9049,0.004794443832596
4.92158333333333,0.0025406263908053
4.93826666666667,-0.00236474098250386
4.95495,-0.00448598092771864
4.97163333333333,-0.00647464337635749
4.98831666666667,-0.00846330582499634
5.005,-0.0101868132804834
5.02168333333333,-0.0117777432393944
5.03836666666667,-0.0132360957017296
5.05505,-0.0145618706674888
5.07173333333333,-0.0156224906400962
5.08841666666667,-0.0165505331161277
5.1051,-0.0174785755921591
5.12178333333333,-0.0181414630750388
5.13846666666667,-0.0188043505579184
5.15515,-0.0193346605442221
5.17183333333333,-0.0195998155373739
5.18851666666667,-0.0197323930339498
5.2052,-0.0198649705305258
5.22188333333333,-0.0181414630750388
5.23856666666667,-0.0193346605442221
5.25525,-0.0190695055510702
5.27193333333333,-0.0184066180681906
5.28861666666667,-0.0174785755921591
5.3053,-0.0165505331161277
5.32198333333333,-0.0153573356469444
5.33866666666667,-0.0138989831846092
5.35535,-0.0124406307222741
5.37203333333333,-0.0105845457702111
5.38871666666667,-0.00872846081814819
5.4054,-0.00673979836950934
5.42208333333333,-0.00435340343114272
5.43876666666667,-0.00223216348592794
5.45545,0.00134742892162199
5.47213333333333,0.00267320388738123
5.48881666666667,0.00598764130177932
5.5055,0.00850661373672186
5.52218333333333,0.00969981120590517
5.53886666666667,0.0131468261168792
5.55555,0.0136771361031829
5.57223333333333,0.0147377560757903
5.58891666666667,0.0163286860347013
5.6056,0.0175218835038847
5.62228333333333,0.0188476584696439
5.63896666666667,0.0197757009456754
5.65565,0.0205711659251309
5.67233333333333,0.0208363209182827
5.68901666666667,0.0207037434217068
5.7057,0.0207037434217068
5.72238333333333,0.0208363209182827
5.73906666666667,0.0207037434217068
5.75575,0.0207037434217068
5.77243333333333,0.0200408559388272
5.78911666666667,0.018715080973068
5.8058,0.0173893060073087
5.82248333333333,0.0154006435586699
5.83916666666667,0.0132794036134551
5.85585,0.0112907411648163
5.87253333333333,0.00890434622644963
5.88921666666667,0.00426413384629231
5.9059,0.00187773890792569
5.92258333333333,-0.000376078533865012
5.93926666666667,-0.00262989597565571
5.95595,-0.00488371341744641
5.97263333333333,-0.00687237586608526
5.98931666666667,-0.00872846081814819
6.006,-0.0105845457702111
6.02268333333333,-0.0120428982325463
6.03936666666667,-0.0135012506948814
6.05605,-0.0148270256606407
6.07273333333333,-0.0158876456332481
6.08941666666667,-0.0168156881092795
6.1061,-0.0176111530887351
6.12278333333333,-0.0184066180681906
6.13946666666667,-0.0189369280544943
6.15615,-0.0193346605442221
6.17283333333333,-0.0195998155373739
6.18951666666667,-0.0197323930339498
6.2062,-0.0197323930339498
6.22288333333333,-0.0195998155373739
6.23956666666667,-0.0193346605442221
6.25625,-0.0188043505579184
6.27293333333333,-0.0182740405716147
6.28961666666667,-0.0173459980955832
6.3063,-0.0162853781229758
6.32298333333333,-0.0150921806537925
6.33966666666667,-0.0136338281914574
6.35635,-0.0121754757291222
6.37303333333333,-0.0104519682736352
6.38971666666667,-0.00833072832842042
6.4064,-0.00660722087293342
6.42308333333333,-0.00422082593456679
6.43976666666667,-0.00183443099620017
6.45645,0.00148000641819792
6.47313333333333,0.00280578138395715
6.48981666666667,0.0053247538188997
6.5065,0.00863919123329778
6.52318333333333,0.0111581636682403
6.53986666666667,0.0132794036134551
6.55655,0.0136771361031829
6.57323333333333,0.0150029110689421
6.58991666666667,0.0167264185244291
6.6066,0.0179196159936124
6.62328333333333,0.0193779684559476
6.63996666666667,0.0205711659251309
6.65665,0.0211014759114346
6.67333333333333,0.0214992084011624
6.69001666666667,0.0214992084011624
6.7067,0.0212340534080105
6.72338333333333,0.0212340534080105
6.74006666666667,0.0211014759114346
6.75675,0.0212340534080105
6.77343333333333,0.020438588428555
6.79011666666667,0.0189802359662198
6.8068,0.0173893060073087
6.82348333333333,0.0154006435586699
6.84016666666667,0.0131468261168792
6.85685,0.00877176872987371
6.87353333333333,0.00890434622644963
6.89021666666667,0.00651795128808301
6.9069,0.00148000641819792
6.92358333333333,-0.000773811023592783
6.94026666666667,-0.00302762846538348
6.95695,-0.00541402340375011
6.97363333333333,-0.00740268585238896
6.99031666666667,-0.00912619330787596
7.007,-0.0109822782599389
7.02368333333333,-0.01257320821885
7.04036666666667,-0.0138989831846092
7.05705,-0.0152247581503684
7.07373333333333,-0.0162853781229758
7.09041666666667,-0.0172134205990073
7.1071,-0.0180088855784628
7.12378333333333,-0.0186717730613425
7.14046666666667,-0.0190695055510702
7.15715,-0.019467238040798
7.17383333333333,-0.0197323930339498
7.19051666666667,-0.0182740405716147
7.2072,-0.0197323930339498
7.22388333333333,-0.0195998155373739
7.24056666666667,-0.0176111530887351
7.25725,-0.0185391955647665
7.27393333333333,-0.0180088855784628
7.29061666666667,-0.0170808431024314
7.3073,-0.016020223129824
7.32398333333333,-0.0148270256606407
7.34066666666667,-0.0133686731983055
7.35735,-0.0117777432393944
7.37403333333333,-0.0101868132804834
7.39071666666667,-0.0081981508318445
7.4074,-0.00607691088662972
7.42408333333333,-0.00395567094141495
7.44076666666667,-0.00156927600304832
7.45745,0.00187773890792569
7.47413333333333,0.003070936377109
7.49081666666667,0.00585506380520339
7.5075,0.00890434622644963
7.52418333333333,0.0114233186613922
7.54086666666667,0.013411981110031
7.55755,0.0139422910963347
7.57423333333333,0.0154006435586699
7.59091666666667,0.016991573517581
7.6076,0.0181847709867643
7.62428333333333,0.0197757009456754
7.64096666666667,0.0207037434217068
7.65765,0.0212340534080105
7.67433333333333,0.0213666309045864
7.69101666666667,0.0213666309045864
7.7077,0.0212340534080105
7.72438333333333,0.0212340534080105
7.74106666666667,0.0211014759114346
7.75775,0.0211014759114346
7.77443333333333,0.0200408559388272
7.79111666666667,0.018715080973068
7.8078,0.0171241510141569
7.82448333333333,0.015135488565518
7.84116666666667,0.0128816711237273
7.85785,0.00824145874357001
7.87453333333333,0.00850661373672186
7.89121666666667,0.00598764130177932
7.9079,0.00108227392847015
7.92458333333333,-0.00130412100989648
7.94126666666667,-0.00342536095511125
7.95795,-0.00554660090032603
7.97463333333333,-0.00780041834211673
7.99131666666667,-0.00939134830102781
8.008,-0.0111148557565148
8.02468333333333,-0.0128383632120018
8.04136666666667,-0.0141641381777611
8.05805,-0.0153573356469444
8.07473333333333,-0.0164179556195518
8.09141666666667,-0.0172134205990073
8.1081,-0.0181414630750388
8.12478333333333,-0.0188043505579184
8.14146666666667,-0.0193346605442221
8.15815,-0.0197323930339498
8.17483333333333,-0.0199975480271017
8.19151666666667,-0.0201301255236776
8.2082,-0.0185391955647665
8.22488333333333,-0.0199975480271017
8.24156666666667,-0.0195998155373739
8.25825,-0.0190695055510702
8.27493333333333,-0.0184066180681906
8.29161666666667,-0.0174785755921591
8.3083,-0.0164179556195518
8.32498333333333,-0.0152247581503684
8.34166666666667,-0.0137664056880333
8.35835,-0.0120428982325463
8.37503333333333,-0.0104519682736352
8.39171666666667,-0.00833072832842042
8.4084,-0.00620948838320565
8.42508333333333,-0.00408824843799087
8.44176666666667,-0.00156927600304832
8.45845,0.00201031640450161
8.47513333333333,0.00320351387368492
8.49181666666667,0.00585506380520339
8.5085,0.0093020787161774
8.52518333333333,0.011688473654544
8.54186666666667,0.013411981110031
8.55855,0.0142074460894866
8.57523333333333,0.0159309535449736
8.59191666666667,0.0175218835038847
8.6086,0.0191128134627957
8.62528333333333,0.0203060109319791
8.64196666666667,0.0212340534080105
8.65865,0.0217643633943142
8.67533333333333,0.0218969408908901
8.69201666666667,0.0218969408908901
8.7087,0.0216317858977383
8.72538333333333,0.0217643633943142
8.74206666666667,0.0214992084011624
8.75875,0.0214992084011624
8.77543333333333,0.020438588428555
8.79211666666667,0.0189802359662198
8.8088,0.0172567285107328
8.82548333333333,0.0154006435586699
8.84216666666667,0.0130142486203033
8.85885,0.00837403624014594
8.87553333333333,0.00850661373672186
8.89221666666667,0.00598764130177932
8.9089,0.000949696431894222
8.92558333333333,-0.0014366985064724
8.94226666666667,-0.00382309344483902
8.95895,-0.0059443333900538
8.97563333333333,-0.00806557333526857
8.99231666666667,-0.00978908079075558
9.009,-0.0115125882462426
9.02568333333333,-0.0132360957017296
9.04236666666667,-0.0145618706674888
9.05905,-0.0157550681366721
9.07573333333333,-0.0169482656058554
9.09241666666667,-0.017743730585311
9.1091,-0.0185391955647665
9.12578333333333,-0.0193346605442221
9.14246666666667,-0.0198649705305258
9.15915,-0.0202627030202535
9.17583333333333,-0.0205278580134054
9.19251666666667,-0.0206604355099813
9.2092,-0.0206604355099813
9.22588333333333,-0.0203952805168295
9.24256666666667,-0.0199975480271017
9.25925,-0.019467238040798
9.27593333333333,-0.0188043505579184
9.29261666666667,-0.0178763080818869
9.3093,-0.0168156881092795
9.32598333333333,-0.0154899131435203
9.34266666666667,-0.0140315606811851
9.35935,-0.0123080532256981
9.37603333333333,-0.0104519682736352
9.39271666666667,-0.00859588332157227
9.4094,-0.00620948838320565
9.42608333333333,-0.00289505096880756
9.44276666666667,-0.000243501037289089
9.45945,0.00201031640450161
9.47613333333333,0.00466186633602008
9.49281666666667,0.00744599376411447
9.5095,0.00956723370932925
9.52618333333333,0.0120862061442718
9.54286666666667,0.013544558606607
9.55955,0.0148703335723662
9.57623333333333,0.0165938410278532
9.59291666666667,0.0179196159936124
9.6096,0.0196431234490994
9.62628333333333,0.0211014759114346
9.64296666666667,0.0218969408908901
9.65965,0.0224272508771938
9.67633333333333,0.0226924058703457
9.69301666666667,0.0226924058703457
9.7097,0.0224272508771938
9.72638333333333,0.0224272508771938
9.74306666666667,0.022162095884042
9.75975,0.022162095884042
9.77643333333333,0.0211014759114346
9.79311666666667,0.0197757009456754
9.8098,0.0179196159936124
9.82648333333333,0.0160635310415495
9.84316666666667,0.0138097135997588
9.85985,0.0114233186613922
9.87653333333333,0.00903692372302555
9.89321666666667,0.00651795128808301
9.9099,0.00399897885314046
9.92658333333333,-0.00117154351332055
9.94326666666667,-0.00342536095511125
9.95995,-0.00567917839690195
9.97663333333333,-0.00793299583869265
9.99331666666667,-0.00978908079075558
10.01,-0.0115125882462426
10.0266833333333,-0.0132360957017296
10.0433666666667,-0.0146944481640647
10.06005,-0.0157550681366721
10.0767333333333,-0.0169482656058554
10.0934166666667,-0.0178763080818869
10.1101,-0.0186717730613425
10.1267833333333,-0.019467238040798
10.1434666666667,-0.0199975480271017
10.16015,-0.0203952805168295
10.1768333333333,-0.0206604355099813
10.1935166666667,-0.0207930130065572
10.2102,-0.0206604355099813
10.2268833333333,-0.0189369280544943
10.2435666666667,-0.0185391955647665
10.26025,-0.0180088855784628
10.2769333333333,-0.0172134205990073
10.2936166666667,-0.0162853781229758
10.3103,-0.0152247581503684
10.3269833333333,-0.0137664056880333
10.3436666666667,-0.014296715674337
10.36035,-0.0123080532256981
10.3770333333333,-0.010717123266787
10.3937166666667,-0.00872846081814819
10.4104,-0.00620948838320565
10.4270833333333,-0.00302762846538348
10.4437666666667,-0.000376078533865012
10.46045,0.00214289390107753
10.4771333333333,0.00466186633602008
10.4938166666667,0.00718083877096263
10.5105,0.00943465621275333
10.5271833333333,0.0120862061442718
10.5438666666667,0.0136771361031829
10.56055,0.015268066062094
10.5772333333333,0.0164612635312773
10.5939166666667,0.0179196159936124
10.6106,0.0196431234490994
10.6272833333333,0.0209688984148587
10.6439666666667,0.0216317858977383
10.66065,0.022162095884042
10.6773333333333,0.0225598283737698
10.6940166666667,0.0225598283737698
10.7107,0.0224272508771938
10.7273833333333,0.0224272508771938
10.7440666666667,0.022162095884042
10.76075,0.022162095884042
10.7774333333333,0.0209688984148587
10.7941166666667,0.0195105459525235
10.8108,0.0175218835038847
10.8274833333333,0.0148703335723662
10.8441666666667,0.013544558606607
10.86085,0.0111581636682403
10.8775333333333,0.00877176872987371
10.8942166666667,0.00638537379150709
10.9109,0.00386640135656454
10.9275833333333,-0.00117154351332055
10.9442666666667,-0.0036905159482631
10.96095,-0.00567917839690195
10.9776333333333,-0.00793299583869265
10.9943166666667,-0.0099216582873315
11.011,-0.0115125882462426
11.0276833333333,-0.0132360957017296
11.0443666666667,-0.0145618706674888
11.06105,-0.0157550681366721
11.0777333333333,-0.0168156881092795
11.0944166666667,-0.017743730585311
11.1111,-0.0185391955647665
11.1277833333333,-0.0192020830476461
11.1444666666667,-0.0197323930339498
11.16115,-0.0199975480271017
11.1778333333333,-0.0202627030202535
11.1945166666667,-0.0203952805168295
11.2112,-0.0203952805168295
11.2278833333333,-0.0185391955647665
11.2445666666667,-0.0197323930339498
11.26125,-0.0192020830476461
11.2779333333333,-0.0185391955647665
11.2946166666667,-0.0176111530887351
11.3113,-0.0165505331161277
11.3279833333333,-0.0150921806537925
11.3446666666667,-0.0137664056880333
11.36135,-0.0120428982325463
11.3780333333333,-0.0100542357839074
11.3947166666667,-0.0081981508318445
11.4114,-0.0059443333900538
11.4280833333333,-0.00342536095511125
11.4447666666667,-0.000110923540713166
11.46145,0.00240804889422938
11.4781333333333,0.00452928883944416
11.4948166666667,0.00744599376411447
11.5115,0.00996496619905702
11.5281833333333,0.0119536286476959
11.5448666666667,0.0142074460894866
11.56155,0.015268066062094
11.5782333333333,0.0164612635312773
11.5949166666667,0.0177870384970365
11.6116,0.0193779684559476
11.6282833333333,0.0208363209182827
11.6449666666667,0.0216317858977383
11.66165,0.022162095884042
11.6783333333333,0.0225598283737698
11.6950166666667,0.0226924058703457
11.7117,0.0225598283737698
11.7283833333333,0.0225598283737698
11.7450666666667,0.0222946733806179
11.76175,0.022162095884042
11.7784333333333,0.0209688984148587
11.7951166666667,0.0196431234490994
11.8118,0.0176544610004606
11.8284833333333,0.0150029110689421
11.8451666666667,0.013411981110031
11.86185,0.0110255861716644
11.8785333333333,0.00771114875726632
11.8952166666667,0.00612021879835524
11.9119,0.000817118935318299
11.9285833333333,-0.00156927600304832
11.9452666666667,-0.00408824843799087
11.96195,-0.00634206587978157
11.9786333333333,-0.00833072832842042
11.9953166666667,-0.0104519682736352
12.012,-0.0120428982325463
12.0286833333333,-0.0136338281914574
12.0453666666667,-0.0150921806537925
12.06205,-0.0161528006263999
12.0787333333333,-0.0172134205990073
12.0954166666667,-0.0181414630750388
12.1121,-0.0189369280544943
12.1287833333333,-0.0195998155373739
12.1454666666667,-0.0201301255236776
12.16215,-0.0203952805168295
12.1788333333333,-0.0206604355099813
12.1955166666667,-0.0207930130065572
12.2122,-0.0206604355099813
12.2288833333333,-0.0189369280544943
12.2455666666667,-0.0201301255236776
12.26225,-0.0195998155373739
12.2789333333333,-0.0189369280544943
12.2956166666667,-0.0180088855784628
12.3123,-0.0169482656058554
12.3289833333333,-0.0154899131435203
12.3456666666667,-0.0140315606811851
12.36235,-0.0123080532256981
12.3790333333333,-0.0103193907770593
12.3957166666667,-0.00846330582499634
12.4124,-0.00620948838320565
12.4290833333333,-0.0036905159482631
12.4457666666667,-0.000243501037289089
12.46245,0.00240804889422938
12.4791333333333,0.004794443832596
12.4958166666667,0.00744599376411447
12.5125,0.0098323887024811
12.5291833333333,0.0122187836408477
12.5458666666667,0.0138097135997588
12.56255,0.0154006435586699
12.5792333333333,0.0167264185244291
12.5959166666667,0.0179196159936124
12.6126,0.0197757009456754
12.6292833333333,0.0212340534080105
12.6459666666667,0.0220295183874661
12.66265,0.0225598283737698
12.6793333333333,0.0229575608634975
12.6960166666667,0.0230901383600734
12.7127,0.0228249833669216
12.7293833333333,0.0228249833669216
12.7460666666667,0.0225598283737698
12.76275,0.0225598283737698
12.7794333333333,0.0213666309045864
12.7961166666667,0.0199082784422513
12.8128,0.0180521934901884
12.8294833333333,0.0157983760483977
12.8461666666667,0.013411981110031
12.86285,0.0111581636682403
12.8795333333333,0.00850661373672186
12.8962166666667,0.00612021879835524
12.9129,0.00373382385998862
12.9295833333333,-0.0014366985064724
12.9462666666667,-0.00395567094141495
12.96295,-0.00620948838320565
12.9796333333333,-0.0081981508318445
12.9963166666667,-0.0101868132804834
13.013,-0.0120428982325463
13.0296833333333,-0.0135012506948814
13.0463666666667,-0.0148270256606407
13.06305,-0.016020223129824
13.0797333333333,-0.0170808431024314
13.0964166666667,-0.0180088855784628
13.1131,-0.0186717730613425
13.1297833333333,-0.0193346605442221
13.1464666666667,-0.0198649705305258
13.16315,-0.0202627030202535
13.1798333333333,-0.0203952805168295
13.1965166666667,-0.0189369280544943
13.2132,-0.0203952805168295
13.2298833333333,-0.0202627030202535
13.2465666666667,-0.0199975480271017
13.26325,-0.019467238040798
13.2799333333333,-0.0186717730613425
13.2966166666667,-0.017743730585311
13.3133,-0.0168156881092795
13.3299833333333,-0.0154899131435203
13.3466666666667,-0.0138989831846092
13.36335,-0.0124406307222741
13.3800333333333,-0.0104519682736352
13.3967166666667,-0.00846330582499634
13.4134,-0.00634206587978157
13.4300833333333,-0.00382309344483902
13.4467666666667,-0.00064123352701686
13.46345,0.00214289390107753
13.4801333333333,0.00373382385998862
13.4968166666667,0.0070482612743867
13.5135,0.00969981120590517
13.5301833333333,0.0119536286476959
13.5468666666667,0.0143400235860625
13.56355,0.0154006435586699
13.5802333333333,0.0165938410278532
13.5969166666667,0.0179196159936124
13.6136,0.0195105459525235
13.6302833333333,0.0209688984148587
13.6469666666667,0.0217643633943142
13.66365,0.0222946733806179
13.6803333333333,0.0228249833669216
13.6970166666667,0.0228249833669216
13.7137,0.0228249833669216
13.7303833333333,0.0228249833669216
13.7470666666667,0.0225598283737698
13.76375,0.0225598283737698
13.7804333333333,0.0212340534080105
13.7971166666667,0.0199082784422513
13.8138,0.0180521934901884
13.8304833333333,0.0157983760483977
13.8471666666667,0.0130142486203033
13.86385,0.0112907411648163
13.8805333333333,0.00863919123329778
13.8972166666667,0.00625279629493116
13.9139,0.00373382385998862
13.9305833333333,0.00134742892162199
13.9472666666667,-0.00382309344483902
13.96395,-0.00620948838320565
13.9806333333333,-0.0081981508318445
13.9973166666667,-0.0100542357839074
14.014,-0.0120428982325463
14.0306833333333,-0.0133686731983055
14.0473666666667,-0.0148270256606407
14.06405,-0.016020223129824
14.0807333333333,-0.0169482656058554
14.0974166666667,-0.0178763080818869
14.1141,-0.0185391955647665
14.1307833333333,-0.0192020830476461
14.1474666666667,-0.0195998155373739
14.16415,-0.0199975480271017
14.1808333333333,-0.0201301255236776
14.1975166666667,-0.0202627030202535
14.2142,-0.0201301255236776
14.2308833333333,-0.0198649705305258
14.2475666666667,-0.019467238040798
14.26425,-0.0189369280544943
14.2809333333333,-0.0181414630750388
14.2976166666667,-0.0172134205990073
14.3143,-0.0161528006263999
14.3309833333333,-0.0148270256606407
14.3476666666667,-0.0132360957017296
14.36435,-0.0116451657428185
14.3810333333333,-0.00978908079075558
14.3977166666667,-0.0076678408455408
14.4144,-0.00554660090032603
14.4310833333333,-0.00316020596195941
14.4477666666667,0.000154231452438681
14.46445,0.00280578138395715
14.4811333333333,0.00426413384629231
14.4978166666667,0.00784372625384224
14.5145,0.0102301211922089
14.5311833333333,0.0126165161305755
14.5478666666667,0.0148703335723662
14.56455,0.0156657985518217
14.5812333333333,0.016858996021005
14.5979166666667,0.0181847709867643
14.6146,0.0197757009456754
14.6312833333333,0.0209688984148587
14.6479666666667,0.0216317858977383
14.66465,0.022162095884042
14.6813333333333,0.0224272508771938
14.6980166666667,0.0225598283737698
14.7147,0.0225598283737698
14.7313833333333,0.0225598283737698
14.7480666666667,0.0224272508771938
14.76475,0.0220295183874661
14.7814333333333,0.0207037434217068
14.7981166666667,0.0191128134627957
14.8148,0.0173893060073087
14.8314833333333,0.015135488565518
14.8481666666667,0.0126165161305755
14.86485,0.0104952761853607
14.8815333333333,0.00797630375041817
14.8982166666667,0.00545733131547562
14.9149,0.00320351387368492
14.9315833333333,-0.00209958598935202
14.9482666666667,-0.00435340343114272
14.96495,-0.00673979836950934
14.9816333333333,-0.00886103831472412
14.9983166666667,-0.0105845457702111
15.015,-0.0124406307222741
15.0316833333333,-0.0138989831846092
15.0483666666667,-0.0150921806537925
15.06505,-0.0162853781229758
15.0817333333333,-0.0172134205990073
15.0984166666667,-0.0181414630750388
15.1151,-0.0188043505579184
15.1317833333333,-0.0193346605442221
15.1484666666667,-0.0198649705305258
15.16515,-0.0201301255236776
15.1818333333333,-0.0203952805168295
15.1985166666667,-0.0203952805168295
15.2152,-0.0202627030202535
15.2318833333333,-0.0199975480271017
15.2485666666667,-0.0195998155373739
15.26525,-0.0190695055510702
15.2819333333333,-0.0184066180681906
15.2986166666667,-0.0174785755921591
15.3153,-0.0162853781229758
15.3319833333333,-0.0150921806537925
15.3486666666667,-0.0133686731983055
15.36535,-0.0117777432393944
15.3820333333333,-0.0099216582873315
15.3987166666667,-0.00780041834211673
15.4154,-0.00567917839690195
15.4320833333333,-0.00342536095511125
15.4487666666667,0.000286808949014605
15.46545,0.00280578138395715
15.4821333333333,0.00426413384629231
15.4988166666667,0.00771114875726632
15.5155,0.0102301211922089
15.5321833333333,0.0128816711237273
15.5488666666667,0.0150029110689421
15.56555,0.0157983760483977
15.5822333333333,0.0171241510141569
15.5989166666667,0.018582503476492
15.6156,0.0203060109319791
15.6322833333333,0.0213666309045864
15.6489666666667,0.022162095884042
15.66565,0.0226924058703457
15.6823333333333,0.0229575608634975
15.6990166666667,0.0228249833669216
15.7157,0.0228249833669216
15.7323833333333,0.0226924058703457
15.7490666666667,0.0226924058703457
15.76575,0.022162095884042
15.7824333333333,0.0207037434217068
15.7991166666667,0.0188476584696439
15.8158,0.016991573517581
15.8324833333333,0.0150029110689421
15.8491666666667,0.0123513611374236
15.86585,0.0100975436956329
15.8825333333333,0.00771114875726632
15.8992166666667,0.00519217632232377
15.9159,0.00280578138395715
15.9325833333333,-0.00236474098250386
15.9492666666667,-0.00461855842429456
15.96595,-0.00687237586608526
15.9826333333333,-0.00886103831472412
15.9993166666667,-0.010717123266787
16.016,-0.0124406307222741
16.0326833333333,-0.0138989831846092
16.0493666666667,-0.0152247581503684
16.06605,-0.0164179556195518
16.0827333333333,-0.0173459980955832
16.0994166666667,-0.0182740405716147
16.1161,-0.0189369280544943
16.1327833333333,-0.0195998155373739
16.1494666666667,-0.0199975480271017
16.16615,-0.0202627030202535
16.1828333333333,-0.0205278580134054
16.1995166666667,-0.0206604355099813
16.2162,-0.0205278580134054
16.2328833333333,-0.0202627030202535
16.2495666666667,-0.0199975480271017
16.26625,-0.019467238040798
16.2829333333333,-0.0188043505579184
16.2996166666667,-0.017743730585311
16.3163,-0.0166831106127036
16.3329833333333,-0.0154899131435203
16.3496666666667,-0.0138989831846092
16.36635,-0.0121754757291222
16.3830333333333,-0.0103193907770593
16.3997166666667,-0.0081981508318445
16.4164,-0.00607691088662972
16.4330833333333,-0.0036905159482631
16.4497666666667,-0.000508656030440936
16.46645,0.00240804889422938
16.4831333333333,0.00519217632232377
16.4998166666667,0.0075785712606904
16.5165,0.0102301211922089
16.5331833333333,0.0127490936271514
16.5498666666667,0.0150029110689421
16.56655,0.0159309535449736
16.5832333333333,0.0172567285107328
16.5999166666667,0.0189802359662198
16.6166,0.020438588428555
16.6332833333333,0.0216317858977383
16.6499666666667,0.0222946733806179
16.66665,0.0229575608634975
16.6833333333333,0.0232227158566494
16.7000166666667,0.0230901383600734
16.7167,0.0229575608634975
16.7333833333333,0.0229575608634975
16.7500666666667,0.0228249833669216
16.76675,0.022162095884042
16.7834333333333,0.0208363209182827
16.8001166666667,0.0188476584696439
16.8168,0.0165938410278532
16.8334833333333,0.015135488565518
16.8501666666667,0.0124839386339996
16.86685,0.00943465621275333
16.8835333333333,0.00784372625384224
16.9002166666667,0.00545733131547562
16.9169,0.000286808949014605
16.9335833333333,-0.00209958598935202
16.9502666666667,-0.00422082593456679
16.96695,-0.00660722087293342
16.9836333333333,-0.00859588332157227
17.0003166666667,-0.0103193907770593
17.017,-0.0120428982325463
17.0336833333333,-0.0136338281914574
17.0503666666667,-0.0148270256606407
17.06705,-0.016020223129824
17.0837333333333,-0.0169482656058554
17.1004166666667,-0.0178763080818869
17.1171,-0.0186717730613425
17.1337833333333,-0.0192020830476461
17.1504666666667,-0.0197323930339498
17.16715,-0.0199975480271017
17.1838333333333,-0.0202627030202535
17.2005166666667,-0.0203952805168295
17.2172,-0.0202627030202535
17.2338833333333,-0.0201301255236776
17.2505666666667,-0.0197323930339498
17.26725,-0.0192020830476461
17.2839333333333,-0.0185391955647665
17.3006166666667,-0.0176111530887351
17.3173,-0.0165505331161277
17.3339833333333,-0.0153573356469444
17.3506666666667,-0.0137664056880333
17.36735,-0.0120428982325463
17.3840333333333,-0.0101868132804834
17.4007166666667,-0.00806557333526857
17.4174,-0.00488371341744641
17.4340833333333,-0.00223216348592794
17.4507666666667,-0.000376078533865012
17.46745,0.0025406263908053
17.4841333333333,0.0053247538188997
17.5008166666667,0.00784372625384224
17.5175,0.0102301211922089
17.5341833333333,0.0128816711237273
17.5508666666667,0.015135488565518
17.56755,0.0159309535449736
17.5842333333333,0.0171241510141569
17.6009166666667,0.018715080973068
17.6176,0.0201734334354031
17.6342833333333,0.0213666309045864
17.6509666666667,0.0220295183874661
17.66765,0.0225598283737698
17.6843333333333,0.0228249833669216
17.7010166666667,0.0228249833669216
17.7177,0.0229575608634975
17.7343833333333,0.0228249833669216
17.7510666666667,0.0228249833669216
17.76775,0.022162095884042
17.7844333333333,0.0208363209182827
17.8011166666667,0.0189802359662198
17.8178,0.0173893060073087
17.8344833333333,0.0150029110689421
17.8511666666667,0.0126165161305755
17.86785,0.00797630375041817
17.8845333333333,0.00810888124699409
17.9012166666667,0.00572248630862747
17.9179,0.000551963942166452
17.9345833333333,-0.00183443099620017
17.9512666666667,-0.00408824843799087
17.96795,-0.00634206587978157
17.9846333333333,-0.00833072832842042
18.0013166666667,-0.0100542357839074
18.018,-0.0117777432393944
18.0346833333333,-0.0133686731983055
18.0513666666667,-0.0145618706674888
18.06805,-0.0157550681366721
18.0847333333333,-0.0168156881092795
18.1014166666667,-0.017743730585311
18.1181,-0.0185391955647665
18.1347833333333,-0.0190695055510702
18.1514666666667,-0.0195998155373739
18.16815,-0.0199975480271017
18.1848333333333,-0.0202627030202535
18.2015166666667,-0.0203952805168295
18.2182,-0.0203952805168295
18.2348833333333,-0.0202627030202535
18.2515666666667,-0.0198649705305258
18.26825,-0.0193346605442221
18.2849333333333,-0.0186717730613425
18.3016166666667,-0.017743730585311
18.3183,-0.0164179556195518
18.3349833333333,-0.0152247581503684
18.3516666666667,-0.0136338281914574
18.36835,-0.0117777432393944
18.3850333333333,-0.0100542357839074
18.4017166666667,-0.00780041834211673
18.4184,-0.00461855842429456
18.4350833333333,-0.00183443099620017
18.4517666666667,-0.000508656030440936
18.46845,0.003070936377109
18.4851333333333,0.00585506380520339
18.5018166666667,0.00784372625384224
18.5185,0.0106278536819366
18.5351833333333,0.0131468261168792
18.5518666666667,0.0154006435586699
18.56855,0.0160635310415495
18.5852333333333,0.0171241510141569
18.6019166666667,0.018715080973068
18.6186,0.0200408559388272
18.6352833333333,0.0212340534080105
18.6519666666667,0.0218969408908901
18.66865,0.0222946733806179
18.6853333333333,0.0225598283737698
18.7020166666667,0.0226924058703457
18.7187,0.0226924058703457
18.7353833333333,0.0225598283737698
18.7520666666667,0.0225598283737698
18.76875,0.0217643633943142
18.7854333333333,0.020438588428555
18.8021166666667,0.018715080973068
18.8188,0.0171241510141569
18.8354833333333,0.0148703335723662
18.8521666666667,0.0124839386339996
18.86885,0.0100975436956329
18.8855333333333,0.00784372625384224
18.9022166666667,0.00267320388738123
18.9189,0.000286808949014605
18.9355833333333,-0.00209958598935202
18.9522666666667,-0.00435340343114272
18.96895,-0.00660722087293342
18.9856333333333,-0.00859588332157227
19.0023166666667,-0.0103193907770593
19.019,-0.0120428982325463
19.0356833333333,-0.0136338281914574
19.0523666666667,-0.0148270256606407
19.06905,-0.016020223129824
19.0857333333333,-0.0169482656058554
19.1024166666667,-0.0178763080818869
19.1191,-0.0185391955647665
19.1357833333333,-0.0192020830476461
19.1524666666667,-0.0197323930339498
19.16915,-0.0199975480271017
19.1858333333333,-0.0202627030202535
19.2025166666667,-0.0203952805168295
19.2192,-0.0202627030202535
19.2358833333333,-0.0201301255236776
19.2525666666667,-0.0197323930339498
19.26925,-0.0192020830476461
19.2859333333333,-0.0185391955647665
19.3026166666667,-0.0176111530887351
19.3193,-0.0164179556195518
19.3359833333333,-0.0150921806537925
19.3526666666667,-0.0136338281914574
19.36935,-0.0117777432393944
19.3860333333333,-0.0100542357839074
19.4027166666667,-0.00780041834211673
19.4194,-0.00448598092771864
19.4360833333333,-0.00183443099620017
19.4527666666667,0.000684541438742375
19.46945,0.003070936377109
19.4861333333333,0.00572248630862747
19.5028166666667,0.00837403624014594
19.5195,0.0106278536819366
19.5361833333333,0.0131468261168792
19.5528666666667,0.0154006435586699
19.56955,0.0160635310415495
19.5862333333333,0.0171241510141569
19.6029166666667,0.018582503476492
19.6196,0.0200408559388272
19.6362833333333,0.0211014759114346
19.6529666666667,0.0217643633943142
19.66965,0.022162095884042
19.6863333333333,0.0224272508771938
19.7030166666667,0.0225598283737698
19.7197,0.0225598283737698
19.7363833333333,0.0222946733806179
19.7530666666667,0.0222946733806179
19.76975,0.0213666309045864
19.7864333333333,0.0200408559388272
19.8031166666667,0.0183173484833402
19.8198,0.0156657985518217
19.8364833333333,0.0143400235860625
19.8531666666667,0.0119536286476959
19.86985,0.00969981120590517
19.8865333333333,0.00731341626753855
19.9032166666667,0.004794443832596
19.9199,-0.000110923540713166
19.9365833333333,-0.00262989597565571
19.9532666666667,-0.00475113592087049
19.96995,-0.00700495336266119
19.9866333333333,-0.00899361581130004
20.0033166666667,-0.010717123266787
20.02,-0.0124406307222741
20.0366833333333,-0.0138989831846092
20.0533666666667,-0.0150921806537925
20.07005,-0.0162853781229758
20.0867333333333,-0.0172134205990073
20.1034166666667,-0.0180088855784628
20.1201,-0.0188043505579184
20.1367833333333,-0.019467238040798
20.1534666666667,-0.0198649705305258
20.17015,-0.0202627030202535
20.1868333333333,-0.0203952805168295
20.2035166666667,-0.0205278580134054
20.2202,-0.0188043505579184
20.2368833333333,-0.0201301255236776
20.2535666666667,-0.0198649705305258
20.27025,-0.0192020830476461
20.2869333333333,-0.0185391955647665
20.3036166666667,-0.0176111530887351
20.3203,-0.0164179556195518
20.3369833333333,-0.0152247581503684
20.3536666666667,-0.0136338281914574
20.37035,-0.0119103207359704
20.3870333333333,-0.0101868132804834
20.4037166666667,-0.00793299583869265
20.4204,-0.00461855842429456
20.4370833333333,-0.00209958598935202
20.4537666666667,0.000551963942166452
20.47045,0.00280578138395715
20.4871333333333,0.00558990881205154
20.5038166666667,0.00837403624014594
20.5205,0.0104952761853607
20.5371833333333,0.0130142486203033
20.5538666666667,0.0154006435586699
20.57055,0.0160635310415495
20.5872333333333,0.0171241510141569
20.6039166666667,0.0188476584696439
20.6206,0.020438588428555
20.6372833333333,0.0213666309045864
20.6539666666667,0.0220295183874661
20.67065,0.0225598283737698
20.6873333333333,0.0228249833669216
20.7040166666667,0.0228249833669216
20.7207,0.0228249833669216
20.7373833333333,0.0226924058703457
20.7540666666667,0.0226924058703457
20.77075,0.0218969408908901
20.7874333333333,0.0205711659251309
20.8041166666667,0.018715080973068
20.8208,0.016858996021005
20.8374833333333,0.0147377560757903
20.8541666666667,0.0123513611374236
20.87085,0.00969981120590517
20.8875333333333,0.00744599376411447
20.9042166666667,0.00240804889422938
20.9209,-0.000110923540713166
20.9375833333333,-0.00262989597565571
20.9542666666667,-0.00488371341744641
20.97095,-0.00700495336266119
20.9876333333333,-0.00925877080445189
21.0043166666667,-0.010849700763363
21.021,-0.01257320821885
21.0376833333333,-0.0140315606811851
21.0543666666667,-0.0152247581503684
21.07105,-0.0164179556195518
21.0877333333333,-0.0174785755921591
21.1044166666667,-0.0182740405716147
21.1211,-0.0190695055510702
21.1377833333333,-0.0197323930339498
21.1544666666667,-0.0201301255236776
21.17115,-0.0205278580134054
21.1878333333333,-0.0206604355099813
21.2045166666667,-0.0207930130065572
21.2212,-0.0190695055510702
21.2378833333333,-0.0189369280544943
21.2545666666667,-0.0202627030202535
21.27125,-0.0195998155373739
21.2879333333333,-0.0189369280544943
21.3046166666667,-0.0180088855784628
21.3213,-0.0169482656058554
21.3379833333333,-0.0156224906400962
21.3546666666667,-0.0140315606811851
21.37135,-0.0123080532256981
21.3880333333333,-0.0104519682736352
21.4047166666667,-0.0081981508318445
21.4214,-0.00488371341744641
21.4380833333333,-0.00223216348592794
21.4547666666667,0.000551963942166452
21.47145,0.00280578138395715
21.4881333333333,0.00572248630862747
21.5048166666667,0.00837403624014594
21.5215,0.0108930086750885
21.5381833333333,0.013411981110031
21.5548666666667,0.0155332210552458
21.57155,0.0163286860347013
21.5882333333333,0.0176544610004606
21.6049166666667,0.0193779684559476
21.6216,0.0209688984148587
21.6382833333333,0.0218969408908901
21.6549666666667,0.0225598283737698
21.67165,0.0230901383600734
21.6883333333333,0.0232227158566494
21.7050166666667,0.0230901383600734
21.7217,0.0230901383600734
21.7383833333333,0.0229575608634975
21.7550666666667,0.0229575608634975
21.77175,0.022162095884042
21.7884333333333,0.0208363209182827
21.8051166666667,0.0189802359662198
21.8218,0.0172567285107328
21.8384833333333,0.015135488565518
21.8551666666667,0.0126165161305755
21.87185,0.0102301211922089
21.8885333333333,0.00784372625384224
21.9052166666667,0.00545733131547562
21.9219,0.000286808949014605
21.9385833333333,-0.00236474098250386
21.9552666666667,-0.00461855842429456
21.97195,-0.00673979836950934
21.9886333333333,-0.00886103831472412
22.0053166666667,-0.010717123266787
22.022,-0.0123080532256981
22.0386833333333,-0.0138989831846092
22.0553666666667,-0.0152247581503684
22.07205,-0.0164179556195518
22.0887333333333,-0.0174785755921591
22.1054166666667,-0.0184066180681906
22.1221,-0.0192020830476461
22.1387833333333,-0.0198649705305258
22.1554666666667,-0.0203952805168295
22.17215,-0.0207930130065572
22.1888333333333,-0.0210581679997091
22.2055166666667,-0.021190745496285
22.2222,-0.021190745496285
22.2388833333333,-0.0210581679997091
22.2555666666667,-0.0206604355099813
22.27225,-0.0201301255236776
22.2889333333333,-0.019467238040798
22.3056166666667,-0.0185391955647665
22.3223,-0.0173459980955832
22.3389833333333,-0.0161528006263999
22.3556666666667,-0.0145618706674888
22.37235,-0.0127057857154259
22.3890333333333,-0.010849700763363
22.4057166666667,-0.00859588332157227
22.4224,-0.00554660090032603
22.4390833333333,-0.00262989597565571
22.4557666666667,0.000154231452438681
22.47245,0.0025406263908053
22.4891333333333,0.00545733131547562
22.5058166666667,0.00824145874357001
22.5225,0.0104952761853607
22.5391833333333,0.0131468261168792
22.5558666666667,0.0155332210552458
22.57255,0.0161961085381254
22.5892333333333,0.0173893060073087
22.6059166666667,0.0192453909593717
22.6226,0.0207037434217068
22.6392833333333,0.0217643633943142
22.6559666666667,0.0225598283737698
22.67265,0.0230901383600734
22.6893333333333,0.0234878708498012
22.7060166666667,0.0233552933532253
22.7227,0.0232227158566494
22.7393833333333,0.0232227158566494
22.7560666666667,0.0230901383600734
22.77275,0.0226924058703457
22.7894333333333,0.0213666309045864
22.8061166666667,0.0197757009456754
22.8228,0.0171241510141569
22.8394833333333,0.0157983760483977
22.8561666666667,0.013411981110031
22.87285,0.0104952761853607
22.8895333333333,0.00850661373672186
22.9062166666667,0.00598764130177932
22.9229,0.000817118935318299
22.9395833333333,-0.00170185349962425
22.9562666666667,-0.00395567094141495
22.97295,-0.00620948838320565
22.9896333333333,-0.00833072832842042
23.0063166666667,-0.0101868132804834
23.023,-0.0117777432393944
23.0396833333333,-0.0133686731983055
23.0563666666667,-0.0146944481640647
23.07305,-0.0158876456332481
23.0897333333333,-0.0169482656058554
23.1064166666667,-0.0178763080818869
23.1231,-0.0186717730613425
23.1397833333333,-0.019467238040798
23.1564666666667,-0.0199975480271017
23.17315,-0.0203952805168295
23.1898333333333,-0.0206604355099813
23.2065166666667,-0.0207930130065572
23.2232,-0.0207930130065572
23.2398833333333,-0.0206604355099813
23.2565666666667,-0.0203952805168295
23.27325,-0.0198649705305258
23.2899333333333,-0.0193346605442221
23.3066166666667,-0.0184066180681906
23.3233,-0.0173459980955832
23.3399833333333,-0.016020223129824
23.3566666666667,-0.0145618706674888
23.37335,-0.0128383632120018
23.3900333333333,-0.0109822782599389
23.4067166666667,-0.00886103831472412
23.4234,-0.00634206587978157
23.4400833333333,-0.00289505096880756
23.4567666666667,-0.000110923540713166
23.47345,0.00214289390107753
23.4901333333333,0.00505959882574785
23.5068166666667,0.00797630375041817
23.5235,0.0100975436956329
23.5401833333333,0.0127490936271514
23.5568666666667,0.015268066062094
23.57355,0.0161961085381254
23.5902333333333,0.016991573517581
23.6069166666667,0.018582503476492
23.6236,0.0200408559388272
23.6402833333333,0.0212340534080105
23.6569666666667,0.0218969408908901
23.67365,0.0224272508771938
23.6903333333333,0.0226924058703457
23.7070166666667,0.0229575608634975
23.7237,0.0228249833669216
23.7403833333333,0.0228249833669216
23.7570666666667,0.0228249833669216
23.77375,0.022162095884042
23.7904333333333,0.0208363209182827
23.8071166666667,0.0192453909593717
23.8238,0.016991573517581
23.8404833333333,0.0154006435586699
23.8571666666667,0.0128816711237273
23.87385,0.0104952761853607
23.8905333333333,0.00824145874357001
23.9072166666667,0.00585506380520339
23.9239,0.000684541438742375
23.9405833333333,-0.00170185349962425
23.9572666666667,-0.00395567094141495
23.97395,-0.00607691088662972
23.9906333333333,-0.0081981508318445
24.0073166666667,-0.0100542357839074
24.024,-0.0115125882462426
24.0406833333333,-0.0132360957017296
24.0573666666667,-0.0144292931709129
24.07405,-0.0156224906400962
24.0907333333333,-0.0166831106127036
24.1074166666667,-0.0176111530887351
24.1241,-0.0184066180681906
24.1407833333333,-0.0190695055510702
24.1574666666667,-0.0195998155373739
24.17415,-0.0199975480271017
24.1908333333333,-0.0202627030202535
24.2075166666667,-0.0203952805168295
24.2242,-0.0202627030202535
24.2408833333333,-0.0201301255236776
24.2575666666667,-0.0198649705305258
24.27425,-0.0193346605442221
24.2909333333333,-0.0185391955647665
24.3076166666667,-0.017743730585311
24.3243,-0.0166831106127036
24.3409833333333,-0.0153573356469444
24.3576666666667,-0.0140315606811851
24.37435,-0.0123080532256981
24.3910333333333,-0.0103193907770593
24.4077166666667,-0.00833072832842042
24.4244,-0.0059443333900538
24.4410833333333,-0.00262989597565571
24.4577666666667,2.1653955862758e-05
24.47445,0.00227547139765346
24.4911333333333,0.00492702132917193
24.5078166666667,0.00771114875726632
24.5245,0.00996496619905702
24.5411833333333,0.0124839386339996
24.5578666666667,0.0148703335723662
24.57455,0.0160635310415495
24.5912333333333,0.0167264185244291
24.6079166666667,0.0180521934901884
24.6246,0.0195105459525235
24.6412833333333,0.0207037434217068
24.6579666666667,0.0213666309045864
24.67465,0.0217643633943142
24.6913333333333,0.022162095884042
24.7080166666667,0.0224272508771938
24.7247,0.0224272508771938
24.7413833333333,0.0222946733806179
24.7580666666667,0.0222946733806179
24.77475,0.0213666309045864
24.7914333333333,0.0201734334354031
24.8081166666667,0.018582503476492
24.8248,0.0164612635312773
24.8414833333333,0.0146051785792143
24.8581666666667,0.0124839386339996
24.87485,0.00996496619905702
24.8915333333333,0.00519217632232377
24.9082166666667,0.0053247538188997
24.9249,0.000419386445590528
24.9415833333333,-0.00196700849277609
24.9582666666667,-0.00422082593456679
24.97495,-0.00620948838320565
24.9916333333333,-0.0081981508318445
25.0083166666667,-0.0100542357839074
25.025,-0.0115125882462426
25.0416833333333,-0.0129709407085777
25.0583666666667,-0.014296715674337
25.07505,-0.0153573356469444
25.0917333333333,-0.0164179556195518
25.1084166666667,-0.0173459980955832
25.1251,-0.0181414630750388
25.1417833333333,-0.0188043505579184
25.1584666666667,-0.0193346605442221
25.17515,-0.0197323930339498
25.1918333333333,-0.0198649705305258
25.2085166666667,-0.0201301255236776
25.2252,-0.0199975480271017
25.2418833333333,-0.0198649705305258
25.2585666666667,-0.019467238040798
25.27525,-0.0190695055510702
25.2919333333333,-0.0182740405716147
25.3086166666667,-0.0173459980955832
25.3253,-0.0162853781229758
25.3419833333333,-0.0149596031572166
25.3586666666667,-0.0135012506948814
25.37535,-0.0116451657428185
25.3920333333333,-0.00965650329417966
25.4087166666667,-0.0076678408455408
25.4254,-0.00528144590717418
25.4420833333333,-0.00196700849277609
25.4587666666667,0.000684541438742375
25.47545,0.00346866886683677
25.4921333333333,0.00572248630862747
25.5088166666667,0.00837403624014594
25.5255,0.0106278536819366
25.5421833333333,0.0131468261168792
25.5588666666667,0.0154006435586699
25.57555,0.0161961085381254
25.5922333333333,0.016991573517581
25.6089166666667,0.0184499259799161
25.6256,0.0197757009456754
25.6422833333333,0.0208363209182827
25.6589666666667,0.0213666309045864
25.67565,0.0217643633943142
25.6923333333333,0.022162095884042
25.7090166666667,0.0222946733806179
25.7257,0.0222946733806179
25.7423833333333,0.022162095884042
25.7590666666667,0.0220295183874661
25.77575,0.0208363209182827
25.7924333333333,0.0195105459525235
25.8091166666667,0.0179196159936124
25.8258,0.0157983760483977
25.8424833333333,0.0138097135997588
25.8591666666667,0.0115558961579681
25.87585,0.00916950121960148
25.8925333333333,0.00678310628123486
25.9092166666667,0.00452928883944416
25.9259,-0.000508656030440936
25.9425833333333,-0.00289505096880756
25.9592666666667,-0.00528144590717418
25.97595,-0.00713753085923711
25.9926333333333,-0.00912619330787596
26.0093166666667,-0.010849700763363
26.026,-0.0123080532256981
26.0426833333333,-0.0137664056880333
26.0593666666667,-0.0149596031572166
26.07605,-0.016020223129824
26.0927333333333,-0.0169482656058554
26.1094166666667,-0.0178763080818869
26.1261,-0.0184066180681906
26.1427833333333,-0.0190695055510702
26.1594666666667,-0.019467238040798
26.17615,-0.0197323930339498
26.1928333333333,-0.0199975480271017
26.2095166666667,-0.0201301255236776
26.2262,-0.0199975480271017
26.2428833333333,-0.0197323930339498
26.2595666666667,-0.0193346605442221
26.27625,-0.0188043505579184
26.2929333333333,-0.0180088855784628
26.3096166666667,-0.0170808431024314
26.3263,-0.016020223129824
26.3429833333333,-0.0144292931709129
26.3596666666667,-0.0129709407085777
26.37635,-0.0112474332530907
26.3930333333333,-0.00899361581130004
26.4097166666667,-0.0059443333900538
26.4264,-0.00461855842429456
26.4430833333333,-0.00170185349962425
26.4597666666667,0.00148000641819792
26.47645,0.00426413384629231
26.4931333333333,0.00651795128808301
26.5098166666667,0.00916950121960148
26.5265,0.0118210511511199
26.5431833333333,0.0139422910963347
26.5598666666667,0.0156657985518217
26.57655,0.0164612635312773
26.5932333333333,0.0177870384970365
26.6099166666667,0.0191128134627957
26.6266,0.0207037434217068
26.6432833333333,0.0214992084011624
26.6599666666667,0.0220295183874661
26.67665,0.0224272508771938
26.6933333333333,0.0225598283737698
26.7100166666667,0.0226924058703457
26.7267,0.0225598283737698
26.7433833333333,0.0225598283737698
26.7600666666667,0.0222946733806179
26.77675,0.0211014759114346
26.7934333333333,0.0195105459525235
26.8101166666667,0.0179196159936124
26.8268,0.0157983760483977
26.8434833333333,0.0136771361031829
26.8601666666667,0.0114233186613922
26.87685,0.00903692372302555
26.8935333333333,0.00665052878465893
26.9102166666667,0.00426413384629231
26.9269,-0.00103896601674463
26.9435833333333,-0.00316020596195941
26.9602666666667,-0.00554660090032603
26.97695,-0.0076678408455408
26.9936333333333,-0.00952392579760373
27.0103166666667,-0.0113800107496667
27.027,-0.0129709407085777
27.0436833333333,-0.0141641381777611
27.0603666666667,-0.0154899131435203
27.07705,-0.0165505331161277
27.0937333333333,-0.0174785755921591
27.1104166666667,-0.0182740405716147
27.1271,-0.0190695055510702
27.1437833333333,-0.0195998155373739
27.1604666666667,-0.0201301255236776
27.17715,-0.0203952805168295
27.1938333333333,-0.0206604355099813
27.2105166666667,-0.0206604355099813
27.2272,-0.0205278580134054
27.2438833333333,-0.0186717730613425
27.2605666666667,-0.0197323930339498
27.27725,-0.0192020830476461
27.2939333333333,-0.0184066180681906
27.3106166666667,-0.0173459980955832
27.3273,-0.0161528006263999
27.3439833333333,-0.0146944481640647
27.3606666666667,-0.0129709407085777
27.37735,-0.0112474332530907
27.3940333333333,-0.00899361581130004
27.4107166666667,-0.00581175589347788
27.4274,-0.00316020596195941
27.4440833333333,-0.00156927600304832
27.4607666666667,0.00187773890792569
27.47745,0.00466186633602008
27.4941333333333,0.00718083877096263
27.5108166666667,0.00969981120590517
27.5275,0.0123513611374236
27.5441833333333,0.0147377560757903
27.5608666666667,0.0160635310415495
27.57755,0.016991573517581
27.5942333333333,0.018582503476492
27.6109166666667,0.0200408559388272
27.6276,0.0213666309045864
27.6442833333333,0.0220295183874661
27.6609666666667,0.0226924058703457
27.67765,0.0230901383600734
27.6943333333333,0.0230901383600734
27.7110166666667,0.0230901383600734
27.7277,0.0229575608634975
27.7443833333333,0.0229575608634975
27.7610666666667,0.0226924058703457
27.77775,0.0213666309045864
27.7944333333333,0.0197757009456754
27.8111166666667,0.0180521934901884
27.8278,0.0160635310415495
27.8444833333333,0.013544558606607
27.8611666666667,0.0110255861716644
27.87785,0.00877176872987371
27.8945333333333,0.00651795128808301
27.9112166666667,0.00134742892162199
27.9279,-0.00103896601674463
27.9445833333333,-0.00342536095511125
27.9612666666667,-0.00567917839690195
27.97795,-0.00780041834211673
27.9946333333333,-0.00952392579760373
28.0113166666667,-0.0113800107496667
28.028,-0.0131035182051537
28.0446833333333,-0.014296715674337
28.0613666666667,-0.0154899131435203
28.07805,-0.0166831106127036
28.0947333333333,-0.0176111530887351
28.1114166666667,-0.0184066180681906
28.1281,-0.0190695055510702
28.1447833333333,-0.0197323930339498
28.1614666666667,-0.0201301255236776
28.17815,-0.0203952805168295
28.1948333333333,-0.0206604355099813
28.2115166666667,-0.0206604355099813
28.2282,-0.0205278580134054
28.2448833333333,-0.0202627030202535
28.2615666666667,-0.0198649705305258
28.27825,-0.0193346605442221
28.2949333333333,-0.0185391955647665
28.3116166666667,-0.0174785755921591
28.3283,-0.0162853781229758
28.3449833333333,-0.0148270256606407
28.3616666666667,-0.0131035182051537
28.37835,-0.0113800107496667
28.3950333333333,-0.00925877080445189
28.4117166666667,-0.00673979836950934
28.4284,-0.00342536095511125
28.4450833333333,-0.00196700849277609
28.4617666666667,0.00161258391477384
28.47845,0.00439671134286823
28.4951333333333,0.00678310628123486
28.5118166666667,0.00943465621275333
28.5285,0.0120862061442718
28.5451833333333,0.0144726010826384
28.5618666666667,0.0160635310415495
28.57855,0.016858996021005
28.5952333333333,0.0181847709867643
28.6119166666667,0.0197757009456754
28.6286,0.0211014759114346
28.6452833333333,0.0218969408908901
28.6619666666667,0.0226924058703457
28.67865,0.0229575608634975
28.6953333333333,0.0230901383600734
28.7120166666667,0.0230901383600734
28.7287,0.0230901383600734
28.7453833333333,0.0228249833669216
28.7620666666667,0.0226924058703457
28.77875,0.0214992084011624
28.7954333333333,0.0199082784422513
28.8121166666667,0.0177870384970365
28.8288,0.0161961085381254
28.8454833333333,0.0136771361031829
28.8621666666667,0.0111581636682403
28.87885,0.00916950121960148
28.8955333333333,0.00665052878465893
28.9122166666667,0.00148000641819792
28.9289,-0.00103896601674463
28.9455833333333,-0.00342536095511125
28.9622666666667,-0.00554660090032603
28.97895,-0.00780041834211673
28.9956333333333,-0.00965650329417966
29.0123166666667,-0.0112474332530907
29.029,-0.0129709407085777
29.0456833333333,-0.014296715674337
29.0623666666667,-0.0154899131435203
29.07905,-0.0166831106127036
29.0957333333333,-0.0176111530887351
29.1124166666667,-0.0184066180681906
29.1291,-0.0192020830476461
29.1457833333333,-0.0197323930339498
29.1624666666667,-0.0201301255236776
29.17915,-0.0205278580134054
29.1958333333333,-0.0206604355099813
29.2125166666667,-0.0207930130065572
29.2292,-0.0206604355099813
29.2458833333333,-0.0203952805168295
29.2625666666667,-0.0199975480271017
29.27925,-0.0193346605442221
29.2959333333333,-0.0185391955647665
29.3126166666667,-0.0174785755921591
29.3293,-0.0162853781229758
29.3459833333333,-0.0149596031572166
29.3626666666667,-0.0131035182051537
29.37935,-0.0113800107496667
29.3960333333333,-0.00925877080445189
29.4127166666667,-0.00687237586608526
29.4294,-0.00342536095511125
29.4460833333333,-0.000773811023592783
29.4627666666667,0.00174516141134976
29.47945,0.00426413384629231
29.4961333333333,0.0070482612743867
29.5128166666667,0.00943465621275333
29.5295,0.0118210511511199
29.5461833333333,0.0144726010826384
29.5628666666667,0.0159309535449736
29.57955,0.0167264185244291
29.5962333333333,0.0180521934901884
29.6129166666667,0.0196431234490994
29.6296,0.0209688984148587
29.6462833333333,0.0218969408908901
29.6629666666667,0.0225598283737698
29.67965,0.0229575608634975
29.6963333333333,0.0230901383600734
29.7130166666667,0.0230901383600734
29.7297,0.0230901383600734
29.7463833333333,0.0228249833669216
29.7630666666667,0.0228249833669216
29.77975,0.0216317858977383
29.7964333333333,0.0201734334354031
29.8131166666667,0.0181847709867643
29.8298,0.0155332210552458
29.8464833333333,0.0140748685929106
29.8631666666667,0.011688473654544
29.87985,0.0093020787161774
29.8965333333333,0.00678310628123486
29.9132166666667,0.00426413384629231
29.9299,-0.000906388520168707
29.9465833333333,-0.00329278345853533
29.9632666666667,-0.00541402340375011
29.97995,-0.0076678408455408
29.9966333333333,-0.00965650329417966
30.0133166666667,-0.0112474332530907
30.03,-0.0128383632120018
30.0466833333333,-0.0144292931709129
30.0633666666667,-0.0154899131435203
30.08005,-0.0165505331161277
30.0967333333333,-0.0176111530887351
30.1134166666667,-0.0184066180681906
30.1301,-0.0190695055510702
30.1467833333333,-0.0197323930339498
30.1634666666667,-0.0201301255236776
30.18015,-0.0205278580134054
30.1968333333333,-0.0206604355099813
30.2135166666667,-0.0206604355099813
30.2302,-0.0206604355099813
30.2468833333333,-0.0203952805168295
30.2635666666667,-0.0199975480271017
30.28025,-0.0193346605442221
30.2969333333333,-0.0185391955647665
30.3136166666667,-0.0174785755921591
30.3303,-0.0161528006263999
30.3469833333333,-0.0148270256606407
30.3636666666667,-0.0132360957017296
30.38035,-0.0111148557565148
30.3970333333333,-0.00806557333526857
30.4137166666667,-0.00673979836950934
30.4304,-0.00355793845168718
30.4470833333333,-0.000906388520168707
30.4637666666667,0.00201031640450161
30.48045,0.00413155634971639
30.4971333333333,0.00691568377781078
30.5138166666667,0.00956723370932925
30.5305,0.0118210511511199
30.5471833333333,0.0143400235860625
30.5638666666667,0.0159309535449736
30.58055,0.0167264185244291
30.5972333333333,0.0180521934901884
30.6139166666667,0.0196431234490994
30.6306,0.0209688984148587
30.6472833333333,0.0217643633943142
30.6639666666667,0.0225598283737698
30.68065,0.0228249833669216
30.6973333333333,0.0229575608634975
30.7140166666667,0.0230901383600734
30.7307,0.0229575608634975
30.7473833333333,0.0228249833669216
30.7640666666667,0.0226924058703457
30.78075,0.0213666309045864
30.7974333333333,0.0199082784422513
30.8141166666667,0.0179196159936124
30.8308,0.0160635310415495
30.8474833333333,0.0139422910963347
30.8641666666667,0.0112907411648163
30.88085,0.00903692372302555
30.8975333333333,0.00665052878465893
30.9142166666667,0.00413155634971639
30.9309,-0.00103896601674463
30.9475833333333,-0.00342536095511125
30.9642666666667,-0.00554660090032603
30.98095,-0.00753526334896488
30.9976333333333,-0.00952392579760373
31.0143166666667,-0.0112474332530907
31.031,-0.0127057857154259
31.0476833333333,-0.0141641381777611
31.0643666666667,-0.0152247581503684
31.08105,-0.0162853781229758
31.0977333333333,-0.0172134205990073
31.1144166666667,-0.0180088855784628
31.1311,-0.0186717730613425
31.1477833333333,-0.0193346605442221
31.1644666666667,-0.0197323930339498
31.18115,-0.0199975480271017
31.1978333333333,-0.0202627030202535
31.2145166666667,-0.0202627030202535
31.2312,-0.0201301255236776
31.2478833333333,-0.0199975480271017
31.2645666666667,-0.019467238040798
31.28125,-0.0189369280544943
31.2979333333333,-0.0181414630750388
31.3146166666667,-0.0170808431024314
31.3313,-0.0158876456332481
31.3479833333333,-0.0144292931709129
31.3646666666667,-0.0128383632120018
31.38135,-0.010849700763363
31.3980333333333,-0.00886103831472412
31.4147166666667,-0.00528144590717418
31.4314,-0.00382309344483902
31.4480833333333,-0.00064123352701686
31.4647666666667,0.00214289390107753
31.48145,0.00439671134286823
31.4981333333333,0.00718083877096263
31.5148166666667,0.00996496619905702
31.5315,0.0122187836408477
31.5481833333333,0.0144726010826384
31.5648666666667,0.0160635310415495
31.58155,0.016858996021005
31.5982333333333,0.0181847709867643
31.6149166666667,0.0196431234490994
31.6316,0.0209688984148587
31.6482833333333,0.0217643633943142
31.6649666666667,0.0224272508771938
31.68165,0.0226924058703457
31.6983333333333,0.0229575608634975
31.7150166666667,0.0228249833669216
31.7317,0.0228249833669216
31.7483833333333,0.0228249833669216
31.7650666666667,0.022162095884042
31.78175,0.0209688984148587
31.7984333333333,0.0195105459525235
31.8151166666667,0.0176544610004606
31.8318,0.015268066062094
31.8484833333333,0.0132794036134551
31.8651666666667,0.0111581636682403
31.88185,0.00850661373672186
31.8985333333333,0.00612021879835524
31.9152166666667,0.00373382385998862
31.9319,-0.00130412100989648
31.9485833333333,-0.00382309344483902
31.9652666666667,-0.00607691088662972
31.98195,-0.00793299583869265
31.9986333333333,-0.0099216582873315
32.0153166666667,-0.0116451657428185
32.032,-0.0131035182051537
32.0486833333333,-0.0144292931709129
32.0653666666667,-0.0156224906400962
32.08205,-0.0166831106127036
32.0987333333333,-0.0176111530887351
32.1154166666667,-0.0184066180681906
32.1321,-0.0190695055510702
32.1487833333333,-0.0195998155373739
32.1654666666667,-0.0199975480271017
32.18215,-0.0202627030202535
32.1988333333333,-0.0203952805168295
32.2155166666667,-0.0188043505579184
32.2322,-0.0186717730613425
32.2488833333333,-0.0199975480271017
32.2655666666667,-0.019467238040798
32.28225,-0.0188043505579184
32.2989333333333,-0.0178763080818869
32.3156166666667,-0.0169482656058554
32.3323,-0.0156224906400962
32.3489833333333,-0.0140315606811851
32.3656666666667,-0.01257320821885
32.38235,-0.0105845457702111
32.3990333333333,-0.00833072832842042
32.4157166666667,-0.00488371341744641
32.4324,-0.0036905159482631
32.4490833333333,-0.000243501037289089
32.4657666666667,0.0025406263908053
32.48245,0.00519217632232377
32.4991333333333,0.0075785712606904
32.5158166666667,0.0102301211922089
32.5325,0.0126165161305755
32.5491833333333,0.0150029110689421
32.5658666666667,0.0161961085381254
32.58255,0.0171241510141569
32.5992333333333,0.018582503476492
32.6159166666667,0.0200408559388272
32.6326,0.0213666309045864
32.6492833333333,0.0220295183874661
32.6659666666667,0.0226924058703457
32.68265,0.0229575608634975
32.6993333333333,0.0230901383600734
32.7160166666667,0.0230901383600734
32.7327,0.0229575608634975
32.7493833333333,0.0229575608634975
32.7660666666667,0.0222946733806179
32.78275,0.0209688984148587
32.7994333333333,0.0193779684559476
32.8161166666667,0.0175218835038847
32.8328,0.015135488565518
32.8494833333333,0.0130142486203033
32.8661666666667,0.0107604311785126
32.88285,0.00810888124699409
32.8995333333333,0.00293835888053308
32.9162166666667,0.00320351387368492
32.9329,-0.00196700849277609
32.9495833333333,-0.00435340343114272
32.9662666666667,-0.00660722087293342
32.98295,-0.00859588332157227
32.9996333333333,-0.0104519682736352
33.0163166666667,-0.0121754757291222
33.033,-0.0135012506948814
33.0496833333333,-0.0149596031572166
33.0663666666667,-0.0161528006263999
33.08305,-0.0170808431024314
33.0997333333333,-0.0180088855784628
33.1164166666667,-0.0188043505579184
33.1331,-0.019467238040798
33.1497833333333,-0.0199975480271017
33.1664666666667,-0.0202627030202535
33.18315,-0.0205278580134054
33.1998333333333,-0.0206604355099813
33.2165166666667,-0.0206604355099813
33.2332,-0.0188043505579184
33.2498833333333,-0.0185391955647665
33.2665666666667,-0.0195998155373739
33.28325,-0.0190695055510702
33.2999333333333,-0.0181414630750388
33.3166166666667,-0.0170808431024314
33.3333,-0.0158876456332481
33.3499833333333,-0.0141641381777611
33.3666666666667,-0.01257320821885
33.38335,-0.010717123266787
33.4000333333333,-0.00833072832842042
33.4167166666667,-0.00514886841059826
33.4334,-0.00382309344483902
33.4500833333333,-0.00064123352701686
33.4667666666667,0.00240804889422938
33.48345,0.00505959882574785
33.5001333333333,0.0075785712606904
33.5168166666667,0.0102301211922089
33.5335,0.0127490936271514
33.5501833333333,0.0150029110689421
33.5668666666667,0.0161961085381254
33.58355,0.0171241510141569
33.6002333333333,0.018715080973068
33.6169166666667,0.0200408559388272
33.6336,0.0213666309045864
33.6502833333333,0.022162095884042
33.6669666666667,0.0228249833669216
33.68365,0.0230901383600734
33.7003333333333,0.0230901383600734
33.7170166666667,0.0230901383600734
33.7337,0.0230901383600734
33.7503833333333,0.0229575608634975
33.7670666666667,0.0226924058703457
33.78375,0.0213666309045864
33.8004333333333,0.0197757009456754
33.8171166666667,0.0179196159936124
33.8338,0.0156657985518217
33.8504833333333,0.0131468261168792
33.8671666666667,0.0111581636682403
33.88385,0.00850661373672186
33.9005333333333,0.00333609137026085
33.9172166666667,0.000684541438742375
33.9339,-0.00183443099620017
33.9505833333333,-0.00408824843799087
33.9672666666667,-0.00647464337635749
33.98395,-0.00846330582499634
34.0006333333333,-0.0103193907770593
34.0173166666667,-0.0121754757291222
34.034,-0.0136338281914574
34.0506833333333,-0.0148270256606407
34.0673666666667,-0.0161528006263999
34.08405,-0.0170808431024314
34.1007333333333,-0.0180088855784628
34.1174166666667,-0.0188043505579184
34.1341,-0.019467238040798
34.1507833333333,-0.0199975480271017
34.1674666666667,-0.0203952805168295
34.18415,-0.0206604355099813
34.2008333333333,-0.0207930130065572
34.2175166666667,-0.0206604355099813
34.2342,-0.0205278580134054
34.2508833333333,-0.0201301255236776
34.2675666666667,-0.0197323930339498
34.28425,-0.0190695055510702
34.3009333333333,-0.0181414630750388
34.3176166666667,-0.0170808431024314
34.3343,-0.0157550681366721
34.3509833333333,-0.0141641381777611
34.3676666666667,-0.0124406307222741
34.38435,-0.010717123266787
34.4010333333333,-0.00833072832842042
34.4177166666667,-0.00501629091402233
34.4344,-0.00236474098250386
34.4510833333333,-0.000243501037289089
34.4677666666667,0.0025406263908053
34.48445,0.0053247538188997
34.5011333333333,0.00797630375041817
34.5178166666667,0.0104952761853607
34.5345,0.0131468261168792
34.5511833333333,0.0154006435586699
34.5678666666667,0.0163286860347013
34.58455,0.0175218835038847
34.6012333333333,0.0191128134627957
34.6179166666667,0.0207037434217068
34.6346,0.0217643633943142
34.6512833333333,0.0225598283737698
34.6679666666667,0.0230901383600734
34.68465,0.0233552933532253
34.7013333333333,0.0232227158566494
34.7180166666667,0.0232227158566494
34.7347,0.0230901383600734
34.7513833333333,0.0230901383600734
34.7680666666667,0.0225598283737698
34.78475,0.0212340534080105
34.8014333333333,0.0196431234490994
34.8181166666667,0.0177870384970365
34.8348,0.0154006435586699
34.8514833333333,0.0130142486203033
34.8681666666667,0.0098323887024811
34.88485,0.00837403624014594
34.9015333333333,0.00558990881205154
34.9182166666667,0.000551963942166452
34.9349,-0.00209958598935202
34.9515833333333,-0.00435340343114272
34.9682666666667,-0.00660722087293342
34.98495,-0.00872846081814819
35.0016333333333,-0.0105845457702111
35.0183166666667,-0.0121754757291222
35.035,-0.0138989831846092
35.0516833333333,-0.0150921806537925
35.0683666666667,-0.0161528006263999
35.08505,-0.0172134205990073
35.1017333333333,-0.0181414630750388
35.1184166666667,-0.0188043505579184
35.1351,-0.019467238040798
35.1517833333333,-0.0199975480271017
35.1684666666667,-0.0203952805168295
35.18515,-0.0206604355099813
35.2018333333333,-0.0206604355099813
35.2185166666667,-0.0190695055510702
35.2352,-0.0205278580134054
35.2518833333333,-0.0201301255236776
35.2685666666667,-0.0197323930339498
35.28525,-0.0189369280544943
35.3019333333333,-0.0181414630750388
35.3186166666667,-0.0169482656058554
35.3353,-0.0157550681366721
35.3519833333333,-0.0141641381777611
35.3686666666667,-0.0123080532256981
35.38535,-0.0104519682736352
35.4020333333333,-0.0081981508318445
35.4187166666667,-0.00567917839690195
35.4354,-0.00236474098250386
35.4520833333333,0.000419386445590528
35.4687666666667,0.00267320388738123
35.48545,0.00558990881205154
35.5021333333333,0.00837403624014594
35.5188166666667,0.0106278536819366
35.5355,0.013411981110031
35.5521833333333,0.0155332210552458
35.5688666666667,0.0164612635312773
35.58555,0.0175218835038847
35.6022333333333,0.0191128134627957
35.6189166666667,0.0207037434217068
35.6356,0.0216317858977383
35.6522833333333,0.0224272508771938
35.6689666666667,0.0229575608634975
35.68565,0.0232227158566494
35.7023333333333,0.0232227158566494
35.7190166666667,0.0232227158566494
35.7357,0.0230901383600734
35.7523833333333,0.0230901383600734
35.7690666666667,0.0224272508771938
35.78575,0.0211014759114346
35.8024333333333,0.0195105459525235
35.8191166666667,0.0173893060073087
35.8358,0.0144726010826384
35.8524833333333,0.0128816711237273
35.8691666666667,0.0103626986887848
35.88585,0.00545733131547562
35.9025333333333,0.00545733131547562
35.9192166666667,0.000286808949014605
35.9359,-0.00236474098250386
35.9525833333333,-0.00475113592087049
35.9692666666667,-0.00687237586608526
35.98595,-0.00899361581130004
36.0026333333333,-0.0109822782599389
36.0193166666667,-0.01257320821885
36.036,-0.0141641381777611
36.0526833333333,-0.0153573356469444
36.0693666666667,-0.0165505331161277
36.08605,-0.0176111530887351
36.1027333333333,-0.0185391955647665
36.1194166666667,-0.0193346605442221
36.1361,-0.0199975480271017
36.1527833333333,-0.0205278580134054
36.1694666666667,-0.0209255905031332
36.18615,-0.0210581679997091
36.2028333333333,-0.021190745496285
36.2195166666667,-0.0210581679997091
36.2362,-0.0193346605442221
36.2528833333333,-0.0205278580134054
36.2695666666667,-0.0199975480271017
36.28625,-0.0193346605442221
36.3029333333333,-0.0184066180681906
36.3196166666667,-0.0172134205990073
36.3363,-0.0158876456332481
36.3529833333333,-0.014296715674337
36.3696666666667,-0.0124406307222741
36.38635,-0.0105845457702111
36.4030333333333,-0.00846330582499634
36.4197166666667,-0.00581175589347788
36.4364,-0.00249731847907979
36.4530833333333,0.000286808949014605
36.4697666666667,0.00227547139765346
36.48645,0.00545733131547562
36.5031333333333,0.00824145874357001
36.5198166666667,0.0106278536819366
36.5365,0.0130142486203033
36.5531833333333,0.0154006435586699
36.5698666666667,0.0164612635312773
36.58655,0.0173893060073087
36.6032333333333,0.0189802359662198
36.6199166666667,0.0207037434217068
36.6366,0.0217643633943142
36.6532833333333,0.0225598283737698
36.6699666666667,0.0232227158566494
36.68665,0.0234878708498012
36.7033333333333,0.0233552933532253
36.7200166666667,0.0233552933532253
36.7367,0.0232227158566494
36.7533833333333,0.0232227158566494
36.7700666666667,0.0225598283737698
36.78675,0.0213666309045864
36.8034333333333,0.0197757009456754
36.8201166666667,0.0175218835038847
36.8368,0.0147377560757903
36.8534833333333,0.0131468261168792
36.8701666666667,0.0106278536819366
36.88685,0.00558990881205154
36.9035333333333,0.00558990881205154
36.9202166666667,0.000419386445590528
36.9369,-0.00223216348592794
36.9535833333333,-0.00475113592087049
36.9702666666667,-0.00687237586608526
36.98695,-0.00899361581130004
37.0036333333333,-0.010849700763363
37.0203166666667,-0.0124406307222741
37.037,-0.0138989831846092
37.0536833333333,-0.0153573356469444
37.0703666666667,-0.0165505331161277
37.08705,-0.0176111530887351
37.1037333333333,-0.0185391955647665
37.1204166666667,-0.0193346605442221
37.1371,-0.0198649705305258
37.1537833333333,-0.0203952805168295
37.1704666666667,-0.0207930130065572
37.18715,-0.0210581679997091
37.2038333333333,-0.021190745496285
37.2205166666667,-0.0210581679997091
37.2372,-0.0209255905031332
37.2538833333333,-0.0206604355099813
37.2705666666667,-0.0201301255236776
37.28725,-0.0193346605442221
37.3039333333333,-0.0185391955647665
37.3206166666667,-0.0173459980955832
37.3373,-0.016020223129824
37.3539833333333,-0.0144292931709129
37.3706666666667,-0.0127057857154259
37.38735,-0.0105845457702111
37.4040333333333,-0.00740268585238896
37.4207166666667,-0.00607691088662972
37.4374,-0.00302762846538348
37.4540833333333,2.1653955862758e-05
37.4707666666667,0.00161258391477384
37.48745,0.00519217632232377
37.5041333333333,0.00784372625384224
37.5208166666667,0.0106278536819366
37.5375,0.0126165161305755
37.5541833333333,0.0150029110689421
37.5708666666667,0.0161961085381254
37.58755,0.0171241510141569
37.6042333333333,0.018582503476492
37.6209166666667,0.0201734334354031
37.6376,0.0213666309045864
37.6542833333333,0.022162095884042
37.6709666666667,0.0228249833669216
37.68765,0.0230901383600734
37.7043333333333,0.0232227158566494
37.7210166666667,0.0232227158566494
37.7377,0.0232227158566494
37.7543833333333,0.0230901383600734
37.7710666666667,0.0228249833669216
37.78775,0.0214992084011624
37.8044333333333,0.0200408559388272
37.8211166666667,0.0179196159936124
37.8378,0.015135488565518
37.8544833333333,0.0136771361031829
37.8711666666667,0.0110255861716644
37.88785,0.00837403624014594
37.9045333333333,0.00598764130177932
37.9212166666667,0.000684541438742375
37.9379,-0.00183443099620017
37.9545833333333,-0.00448598092771864
37.9712666666667,-0.00660722087293342
37.98795,-0.00859588332157227
38.0046333333333,-0.0105845457702111
38.0213166666667,-0.0123080532256981
38.038,-0.0137664056880333
38.0546833333333,-0.0152247581503684
38.0713666666667,-0.0164179556195518
38.08805,-0.0173459980955832
38.1047333333333,-0.0182740405716147
38.1214166666667,-0.0190695055510702
38.1381,-0.0197323930339498
38.1547833333333,-0.0202627030202535
38.1714666666667,-0.0206604355099813
38.18815,-0.0209255905031332
38.2048333333333,-0.0209255905031332
38.2215166666667,-0.0222513654688924
38.2382,-0.0219862104757405
38.2548833333333,-0.0203952805168295
38.2715666666667,-0.0198649705305258
38.28825,-0.0192020830476461
38.3049333333333,-0.0182740405716147
38.3216166666667,-0.0172134205990073
38.3383,-0.0158876456332481
38.3549833333333,-0.014296715674337
38.3716666666667,-0.01257320821885
38.38835,-0.0105845457702111
38.4050333333333,-0.00833072832842042
38.4217166666667,-0.00620948838320565
38.4384,-0.00342536095511125
38.4550833333333,2.1653955862758e-05
38.4717666666667,0.00280578138395715
38.48845,0.00572248630862747
38.5051333333333,0.00784372625384224
38.5218166666667,0.0104952761853607
38.5385,0.0127490936271514
38.5551833333333,0.015135488565518
38.5718666666667,0.0163286860347013
38.58855,0.0172567285107328
38.6052333333333,0.018715080973068
38.6219166666667,0.0203060109319791
38.6386,0.0214992084011624
38.6552833333333,0.022162095884042
38.6719666666667,0.0228249833669216
38.68865,0.0232227158566494
38.7053333333333,0.0233552933532253
38.7220166666667,0.0233552933532253
38.7387,0.0232227158566494
38.7553833333333,0.0230901383600734
38.7720666666667,0.0229575608634975
38.78875,0.0213666309045864
38.8054333333333,0.0200408559388272
38.8221166666667,0.0180521934901884
38.8388,0.0155332210552458
38.8554833333333,0.0128816711237273
38.8721666666667,0.0111581636682403
38.88885,0.00837403624014594
38.9055333333333,0.00320351387368492
38.9222166666667,0.00333609137026085
38.9389,-0.00183443099620017
38.9555833333333,-0.00435340343114272
38.9722666666667,-0.00673979836950934
38.98895,-0.00872846081814819
39.0056333333333,-0.010717123266787
39.0223166666667,-0.01257320821885
39.039,-0.0138989831846092
39.0556833333333,-0.0153573356469444
39.0723666666667,-0.0164179556195518
39.08905,-0.0174785755921591
39.1057333333333,-0.0184066180681906
39.1224166666667,-0.0192020830476461
39.1391,-0.0197323930339498
39.1557833333333,-0.0202627030202535
39.1724666666667,-0.0206604355099813
39.18915,-0.0207930130065572
39.2058333333333,-0.0209255905031332
39.2225166666667,-0.0209255905031332
39.2392,-0.0206604355099813
39.2558833333333,-0.0203952805168295
39.2725666666667,-0.0197323930339498
39.28925,-0.0190695055510702
39.3059333333333,-0.0181414630750388
39.3226166666667,-0.0170808431024314
39.3393,-0.0157550681366721
39.3559833333333,-0.0140315606811851
39.3726666666667,-0.0124406307222741
39.38935,-0.0103193907770593
39.4060333333333,-0.00806557333526857
39.4227166666667,-0.00461855842429456
39.4394,-0.00316020596195941
39.4560833333333,0.000286808949014605
39.4727666666667,0.003070936377109
39.48945,0.00598764130177932
39.5061333333333,0.00824145874357001
39.5228166666667,0.0107604311785126
39.5395,0.0132794036134551
39.5561833333333,0.0154006435586699
39.5728666666667,0.0164612635312773
39.58955,0.0175218835038847
39.6062333333333,0.0189802359662198
39.6229166666667,0.020438588428555
39.6396,0.0214992084011624
39.6562833333333,0.0222946733806179
39.6729666666667,0.0228249833669216
39.68965,0.0232227158566494
39.7063333333333,0.0233552933532253
39.7230166666667,0.0232227158566494
39.7397,0.0232227158566494
39.7563833333333,0.0232227158566494
39.7730666666667,0.0226924058703457
39.78975,0.0212340534080105
39.8064333333333,0.0196431234490994
39.8231166666667,0.0177870384970365
39.8398,0.0154006435586699
39.8564833333333,0.0124839386339996
39.8731666666667,0.0106278536819366
39.88985,0.00824145874357001
39.9065333333333,0.00293835888053308
39.9232166666667,0.000154231452438681
39.9399,-0.00223216348592794
39.9565833333333,-0.00461855842429456
39.9732666666667,-0.00700495336266119
39.98995,-0.00912619330787596
40.0066333333333,-0.010849700763363
40.0233166666667,-0.0127057857154259
40.04,-0.0141641381777611
40.0566833333333,-0.0154899131435203
40.0733666666667,-0.0166831106127036
40.09005,-0.017743730585311
40.1067333333333,-0.0185391955647665
40.1234166666667,-0.0193346605442221
40.1401,-0.0198649705305258
40.1567833333333,-0.0203952805168295
40.1734666666667,-0.0206604355099813
40.19015,-0.0209255905031332
40.2068333333333,-0.0210581679997091
40.2235166666667,-0.0209255905031332
40.2402,-0.0190695055510702
40.2568833333333,-0.0188043505579184
40.2735666666667,-0.0198649705305258
40.29025,-0.0192020830476461
40.3069333333333,-0.0181414630750388
40.3236166666667,-0.0170808431024314
40.3403,-0.0157550681366721
40.3569833333333,-0.0141641381777611
40.3736666666667,-0.0124406307222741
40.39035,-0.0104519682736352
40.4070333333333,-0.00806557333526857
40.4237166666667,-0.00488371341744641
40.4404,-0.00329278345853533
40.4570833333333,-0.000508656030440936
40.4737666666667,0.00293835888053308
40.49045,0.00558990881205154
40.5071333333333,0.00810888124699409
40.5238166666667,0.0107604311785126
40.5405,0.013411981110031
40.5571833333333,0.0155332210552458
40.5738666666667,0.0164612635312773
40.59055,0.0175218835038847
40.6072333333333,0.0191128134627957
40.6239166666667,0.0205711659251309
40.6406,0.0216317858977383
40.6572833333333,0.0224272508771938
40.6739666666667,0.0229575608634975
40.69065,0.0232227158566494
40.7073333333333,0.0232227158566494
40.7240166666667,0.0233552933532253
40.7407,0.0232227158566494
40.7573833333333,0.0232227158566494
40.7740666666667,0.0226924058703457
40.79075,0.0212340534080105
40.8074333333333,0.0193779684559476
40.8241166666667,0.016858996021005
40.8408,0.0154006435586699
40.8574833333333,0.0126165161305755
40.8741666666667,0.00969981120590517
40.89085,0.0053247538188997
40.9075333333333,0.00280578138395715
40.9242166666667,2.1653955862758e-05
40.9409,-0.00249731847907979
40.9575833333333,-0.00461855842429456
40.9742666666667,-0.00713753085923711
40.99095,-0.00925877080445189
41.0076333333333,-0.0109822782599389
41.0243166666667,-0.0128383632120018
41.041,-0.014296715674337
41.0576833333333,-0.0156224906400962
41.0743666666667,-0.0168156881092795
41.09105,-0.017743730585311
41.1077333333333,-0.0186717730613425
41.1244166666667,-0.019467238040798
41.1411,-0.0199975480271017
41.1577833333333,-0.0205278580134054
41.1744666666667,-0.0207930130065572
41.19115,-0.0210581679997091
41.2078333333333,-0.0210581679997091
41.2245166666667,-0.0210581679997091
41.2412,-0.0207930130065572
41.2578833333333,-0.0188043505579184
41.2745666666667,-0.0197323930339498
41.29125,-0.0190695055510702
41.3079333333333,-0.0181414630750388
41.3246166666667,-0.0168156881092795
41.3413,-0.0156224906400962
41.3579833333333,-0.0140315606811851
41.3746666666667,-0.0121754757291222
41.39135,-0.0103193907770593
41.4080333333333,-0.00793299583869265
41.4247166666667,-0.00567917839690195
41.4414,-0.00196700849277609
41.4580833333333,0.000684541438742375
41.4747666666667,0.003070936377109
41.49145,0.00598764130177932
41.5081333333333,0.00850661373672186
41.5248166666667,0.0108930086750885
41.5415,0.013411981110031
41.5581833333333,0.0155332210552458
41.5748666666667,0.0164612635312773
41.59155,0.0175218835038847
41.6082333333333,0.0191128134627957
41.6249166666667,0.0207037434217068
41.6416,0.0216317858977383
41.6582833333333,0.0224272508771938
41.6749666666667,0.0230901383600734
41.69165,0.0232227158566494
41.7083333333333,0.0233552933532253
41.7250166666667,0.0233552933532253
41.7417,0.0232227158566494
41.7583833333333,0.0232227158566494
41.7750666666667,0.0225598283737698
41.79175,0.0212340534080105
41.8084333333333,0.0193779684559476
41.8251166666667,0.016991573517581
41.8418,0.0150029110689421
41.8584833333333,0.0124839386339996
41.8751666666667,0.0100975436956329
41.89185,0.00797630375041817
41.9085333333333,0.0053247538188997
41.9252166666667,-0.000110923540713166
41.9419,-0.00249731847907979
41.9585833333333,-0.00475113592087049
41.9752666666667,-0.00700495336266119
41.99195,-0.00912619330787596
42.0086333333333,-0.0109822782599389
42.0253166666667,-0.01257320821885
42.042,-0.014296715674337
42.0586833333333,-0.0154899131435203
42.0753666666667,-0.0166831106127036
42.09205,-0.017743730585311
42.1087333333333,-0.0185391955647665
42.1254166666667,-0.0193346605442221
42.1421,-0.0199975480271017
42.1587833333333,-0.0205278580134054
42.1754666666667,-0.0207930130065572
42.19215,-0.0210581679997091
42.2088333333333,-0.0210581679997091
42.2255166666667,-0.0210581679997091
42.2422,-0.0207930130065572
42.2588833333333,-0.0203952805168295
42.2755666666667,-0.0198649705305258
42.29225,-0.0190695055510702
42.3089333333333,-0.0181414630750388
42.3256166666667,-0.0152247581503684
42.3423,-0.0156224906400962
42.3589833333333,-0.0140315606811851
42.3756666666667,-0.0119103207359704
42.39235,-0.0101868132804834
42.4090333333333,-0.00780041834211673
42.4257166666667,-0.00528144590717418
42.4424,-0.00183443099620017
42.4590833333333,-0.000376078533865012
42.4757666666667,0.00333609137026085
42.49245,0.00612021879835524
42.5091333333333,0.00877176872987371
42.5258166666667,0.0110255861716644
42.5425,0.0136771361031829
42.5591833333333,0.0157983760483977
42.5758666666667,0.0165938410278532
42.59255,0.0176544610004606
42.6092333333333,0.0192453909593717
42.6259166666667,0.0208363209182827
42.6426,0.0217643633943142
42.6592833333333,0.0225598283737698
42.6759666666667,0.0230901383600734
42.69265,0.0233552933532253
42.7093333333333,0.0233552933532253
42.7260166666667,0.0233552933532253
42.7427,0.0232227158566494
42.7593833333333,0.0232227158566494
42.7760666666667,0.0224272508771938
42.79275,0.0212340534080105
42.8094333333333,0.0195105459525235
42.8261166666667,0.016991573517581
42.8428,0.0144726010826384
42.8594833333333,0.0127490936271514
42.8761666666667,0.0102301211922089
42.89285,0.00784372625384224
42.9095333333333,0.0053247538188997
42.9262166666667,0.00267320388738123
42.9429,-0.00262989597565571
42.9595833333333,-0.00488371341744641
42.9762666666667,-0.00700495336266119
42.99295,-0.00925877080445189
43.0096333333333,-0.0111148557565148
43.0263166666667,-0.01257320821885
43.043,-0.0141641381777611
43.0596833333333,-0.0154899131435203
43.0763666666667,-0.0165505331161277
43.09305,-0.0176111530887351
43.1097333333333,-0.0185391955647665
43.1264166666667,-0.0192020830476461
43.1431,-0.0198649705305258
43.1597833333333,-0.0202627030202535
43.1764666666667,-0.0206604355099813
43.19315,-0.0207930130065572
43.2098333333333,-0.0209255905031332
43.2265166666667,-0.0207930130065572
43.2432,-0.0205278580134054
43.2598833333333,-0.0201301255236776
43.2765666666667,-0.0195998155373739
43.29325,-0.0188043505579184
43.3099333333333,-0.0178763080818869
43.3266166666667,-0.0166831106127036
43.3433,-0.0152247581503684
43.3599833333333,-0.0136338281914574
43.3766666666667,-0.0117777432393944
43.39335,-0.00978908079075558
43.4100333333333,-0.00620948838320565
43.4267166666667,-0.00488371341744641
43.4434,-0.00156927600304832
43.4600833333333,0.00121485142504607
43.4767666666667,0.00373382385998862
43.49345,0.00625279629493116
43.5101333333333,0.00903692372302555
43.5268166666667,0.0114233186613922
43.5435,0.0136771361031829
43.5601833333333,0.0159309535449736
43.5768666666667,0.0167264185244291
43.59355,0.0176544610004606
43.6102333333333,0.0192453909593717
43.6269166666667,0.0208363209182827
43.6436,0.0216317858977383
43.6602833333333,0.0224272508771938
43.6769666666667,0.0229575608634975
43.69365,0.0232227158566494
43.7103333333333,0.0233552933532253
43.7270166666667,0.0232227158566494
43.7437,0.0230901383600734
43.7603833333333,0.0230901383600734
43.7770666666667,0.0222946733806179
43.79375,0.0209688984148587
43.8104333333333,0.0191128134627957
43.8271166666667,0.016991573517581
43.8438,0.0140748685929106
43.8604833333333,0.0124839386339996
43.8771666666667,0.00996496619905702
43.89385,0.00466186633602008
43.9105333333333,0.00492702132917193
43.9272166666667,0.00227547139765346
43.9439,-0.00289505096880756
43.9605833333333,-0.00541402340375011
43.9772666666667,-0.00740268585238896
43.99395,-0.00952392579760373
44.0106333333333,-0.0113800107496667
44.0273166666667,-0.0128383632120018
44.044,-0.0144292931709129
44.0606833333333,-0.0157550681366721
44.0773666666667,-0.0166831106127036
44.09405,-0.017743730585311
44.1107333333333,-0.0185391955647665
44.1274166666667,-0.0192020830476461
44.1441,-0.0197323930339498
44.1607833333333,-0.0202627030202535
44.1774666666667,-0.0203952805168295
44.19415,-0.0206604355099813
44.2108333333333,-0.0206604355099813
44.2275166666667,-0.0189369280544943
44.2442,-0.0202627030202535
44.2608833333333,-0.0198649705305258
44.2775666666667,-0.0192020830476461
44.29425,-0.0168156881092795
44.3109333333333,-0.0157550681366721
44.3276166666667,-0.0144292931709129
44.3443,-0.0129709407085777
44.3609833333333,-0.0133686731983055
44.3776666666667,-0.0113800107496667
44.39435,-0.00939134830102781
44.4110333333333,-0.00581175589347788
44.4277166666667,-0.00461855842429456
44.4444,-0.00117154351332055
44.4610833333333,0.00148000641819792
44.4777666666667,0.00426413384629231
44.49445,0.00665052878465893
44.5111333333333,0.0093020787161774
44.5278166666667,0.0118210511511199
44.5445,0.0139422910963347
44.5611833333333,0.0159309535449736
44.5778666666667,0.0167264185244291
44.59455,0.0179196159936124
44.6112333333333,0.0193779684559476
44.6279166666667,0.0208363209182827
44.6446,0.0216317858977383
44.6612833333333,0.0224272508771938
44.6779666666667,0.0229575608634975
44.69465,0.0230901383600734
44.7113333333333,0.0232227158566494
44.7280166666667,0.0232227158566494
44.7447,0.0230901383600734
44.7613833333333,0.0229575608634975
44.7780666666667,0.0218969408908901
44.79475,0.0205711659251309
44.8114333333333,0.0188476584696439
44.8281166666667,0.0163286860347013
44.8448,0.0140748685929106
44.8614833333333,0.0120862061442718
44.8781666666667,0.00956723370932925
44.89485,0.00691568377781078
44.9115333333333,0.00452928883944416
44.9282166666667,0.00187773890792569
44.9449,-0.00329278345853533
44.9615833333333,-0.00567917839690195
44.9782666666667,-0.00780041834211673
44.99495,-0.00978908079075558
45.0116333333333,-0.0115125882462426
45.0283166666667,-0.0131035182051537
45.045,-0.0144292931709129
45.0616833333333,-0.0157550681366721
45.0783666666667,-0.0168156881092795
45.09505,-0.017743730585311
45.1117333333333,-0.0185391955647665
45.1284166666667,-0.0192020830476461
45.1451,-0.0197323930339498
45.1617833333333,-0.0202627030202535
45.1784666666667,-0.0205278580134054
45.19515,-0.0206604355099813
45.2118333333333,-0.0206604355099813
45.2285166666667,-0.0189369280544943
45.2452,-0.0202627030202535
45.2618833333333,-0.0198649705305258
45.2785666666667,-0.0192020830476461
45.29525,-0.0184066180681906
45.3119333333333,-0.0173459980955832
45.3286166666667,-0.0161528006263999
45.3453,-0.0146944481640647
45.3619833333333,-0.0131035182051537
45.3786666666667,-0.0112474332530907
45.39535,-0.00899361581130004
45.4120333333333,-0.00567917839690195
45.4287166666667,-0.00435340343114272
45.4454,-0.00103896601674463
45.4620833333333,0.00174516141134976
45.4787666666667,0.00452928883944416
45.49545,0.0070482612743867
45.5121333333333,0.00969981120590517
45.5288166666667,0.0122187836408477
45.5455,0.0144726010826384
45.5621833333333,0.0161961085381254
45.5788666666667,0.016991573517581
45.59555,0.0183173484833402
45.6122333333333,0.0199082784422513
45.6289166666667,0.0212340534080105
45.6456,0.022162095884042
45.6622833333333,0.0229575608634975
45.6789666666667,0.0232227158566494
45.69565,0.0233552933532253
45.7123333333333,0.0233552933532253
45.7290166666667,0.0233552933532253
45.7457,0.0232227158566494
45.7623833333333,0.0230901383600734
45.7790666666667,0.0217643633943142
45.79575,0.0203060109319791
45.8124333333333,0.018582503476492
45.8291166666667,0.0164612635312773
45.8458,0.013411981110031
45.8624833333333,0.0107604311785126
45.8791666666667,0.0093020787161774
45.89585,0.00399897885314046
45.9125333333333,0.00134742892162199
45.9292166666667,-0.00130412100989648
45.9459,-0.0036905159482631
45.9625833333333,-0.00607691088662972
45.9792666666667,-0.0081981508318445
45.99595,-0.0100542357839074
46.0126333333333,-0.0119103207359704
46.0293166666667,-0.0135012506948814
46.046,-0.0148270256606407
46.0626833333333,-0.016020223129824
46.0793666666667,-0.0170808431024314
46.09605,-0.0180088855784628
46.1127333333333,-0.0188043505579184
46.1294166666667,-0.0195998155373739
46.1461,-0.0201301255236776
46.1627833333333,-0.0205278580134054
46.1794666666667,-0.0207930130065572
46.19615,-0.0209255905031332
46.2128333333333,-0.0209255905031332
46.2295166666667,-0.0207930130065572
46.2462,-0.0188043505579184
46.2628833333333,-0.0184066180681906
46.2795666666667,-0.019467238040798
46.29625,-0.0185391955647665
46.3129333333333,-0.0174785755921591
46.3296166666667,-0.0162853781229758
46.3463,-0.0146944481640647
46.3629833333333,-0.0129709407085777
46.3796666666667,-0.0112474332530907
46.39635,-0.00899361581130004
46.4130333333333,-0.00567917839690195
46.4297166666667,-0.00302762846538348
46.4464,-0.00064123352701686
46.4630833333333,0.00201031640450161
46.4797666666667,0.004794443832596
46.49645,0.0070482612743867
46.5131333333333,0.0098323887024811
46.5298166666667,0.0124839386339996
46.5465,0.0146051785792143
46.5631833333333,0.0163286860347013
46.5798666666667,0.0171241510141569
46.59655,0.018582503476492
46.6132333333333,0.0200408559388272
46.6299166666667,0.0213666309045864
46.6466,0.0222946733806179
46.6632833333333,0.0229575608634975
46.6799666666667,0.0233552933532253
46.69665,0.0233552933532253
46.7133333333333,0.0233552933532253
46.7300166666667,0.0233552933532253
46.7467,0.0232227158566494
46.7633833333333,0.0230901383600734
46.7800666666667,0.0218969408908901
46.79675,0.020438588428555
46.8134333333333,0.0179196159936124
46.8301166666667,0.0165938410278532
46.8468,0.0140748685929106
46.8634833333333,0.0108930086750885
46.8801666666667,0.0093020787161774
46.89685,0.00665052878465893
46.9135333333333,0.00148000641819792
46.9302166666667,0.00174516141134976
46.9469,-0.00342536095511125
46.9635833333333,-0.0059443333900538
46.9802666666667,-0.0081981508318445
46.99695,-0.0099216582873315
47.0136333333333,-0.0117777432393944
47.0303166666667,-0.0136338281914574
47.047,-0.0146944481640647
47.0636833333333,-0.016020223129824
47.0803666666667,-0.0172134205990073
47.09705,-0.0181414630750388
47.1137333333333,-0.0189369280544943
47.1304166666667,-0.0195998155373739
47.1471,-0.0201301255236776
47.1637833333333,-0.0206604355099813
47.1804666666667,-0.0209255905031332
47.19715,-0.0210581679997091
47.2138333333333,-0.0210581679997091
47.2305166666667,-0.0210581679997091
47.2472,-0.0192020830476461
47.2638833333333,-0.0186717730613425
47.2805666666667,-0.0197323930339498
47.29725,-0.0189369280544943
47.3139333333333,-0.0161528006263999
47.3306166666667,-0.0166831106127036
47.3473,-0.0152247581503684
47.3639833333333,-0.0133686731983055
47.3806666666667,-0.0116451657428185
47.39735,-0.00939134830102781
47.4140333333333,-0.00607691088662972
47.4307166666667,-0.00342536095511125
47.4474,-0.00064123352701686
47.4640833333333,0.00161258391477384
47.4807666666667,0.00452928883944416
47.49745,0.00718083877096263
47.5141333333333,0.00969981120590517
47.5308166666667,0.0124839386339996
47.5475,0.0147377560757903
47.5641833333333,0.0163286860347013
47.5808666666667,0.0172567285107328
47.59755,0.0188476584696439
47.6142333333333,0.0203060109319791
47.6309166666667,0.0216317858977383
47.6476,0.0225598283737698
47.6642833333333,0.0230901383600734
47.6809666666667,0.0236204483463771
47.69765,0.0236204483463771
47.7143333333333,0.0234878708498012
47.7310166666667,0.0234878708498012
47.7477,0.0232227158566494
47.7643833333333,0.0232227158566494
47.7810666666667,0.022162095884042
47.79775,0.0207037434217068
47.8144333333333,0.0183173484833402
47.8311166666667,0.016991573517581
47.8478,0.0143400235860625
47.8644833333333,0.0114233186613922
47.8811666666667,0.00969981120590517
47.89785,0.00718083877096263
47.9145333333333,0.00174516141134976
47.9312166666667,-0.000906388520168707
47.9479,-0.000508656030440936
47.9645833333333,-0.00554660090032603
47.9812666666667,-0.00793299583869265
47.99795,-0.00978908079075558
48.0146333333333,-0.0115125882462426
48.0313166666667,-0.0132360957017296
48.048,-0.0145618706674888
48.0646833333333,-0.0158876456332481
48.0813666666667,-0.0170808431024314
48.09805,-0.0180088855784628
48.1147333333333,-0.0188043505579184
48.1314166666667,-0.0195998155373739
48.1481,-0.0201301255236776
48.1647833333333,-0.0205278580134054
48.1814666666667,-0.0207930130065572
48.19815,-0.0210581679997091
48.2148333333333,-0.0210581679997091
48.2315166666667,-0.0193346605442221
48.2482,-0.0190695055510702
48.2648833333333,-0.0186717730613425
48.2815666666667,-0.0197323930339498
48.29825,-0.0189369280544943
48.3149333333333,-0.0161528006263999
48.3316166666667,-0.0166831106127036
48.3483,-0.0152247581503684
48.3649833333333,-0.0135012506948814
48.3816666666667,-0.0116451657428185
48.39835,-0.00952392579760373
48.4150333333333,-0.00700495336266119
48.4317166666667,-0.00355793845168718
48.4484,-0.00103896601674463
48.4650833333333,0.00134742892162199
48.4817666666667,0.00426413384629231
48.49845,0.00718083877096263
48.5151333333333,0.00956723370932925
48.5318166666667,0.0120862061442718
48.5485,0.0144726010826384
48.5651833333333,0.0161961085381254
48.5818666666667,0.016991573517581
48.59855,0.0184499259799161
48.6152333333333,0.0199082784422513
48.6319166666667,0.0212340534080105
48.6486,0.022162095884042
48.6652833333333,0.0228249833669216
48.6819666666667,0.0232227158566494
48.69865,0.0234878708498012
48.7153333333333,0.0234878708498012
48.7320166666667,0.0234878708498012
48.7487,0.0233552933532253
48.7653833333333,0.0232227158566494
48.7820666666667,0.0220295183874661
48.79875,0.0205711659251309
48.8154333333333,0.0183173484833402
48.8321166666667,0.016858996021005
48.8488,0.0144726010826384
48.8654833333333,0.0114233186613922
48.8821666666667,0.00863919123329778
48.89885,0.0070482612743867
48.9155333333333,0.00187773890792569
48.9322166666667,-0.000906388520168707
48.9489,-0.00329278345853533
48.9655833333333,-0.00554660090032603
48.9822666666667,-0.0076678408455408
48.99895,-0.00965650329417966
49.0156333333333,-0.0113800107496667
49.0323166666667,-0.0131035182051537
49.049,-0.0144292931709129
49.0656833333333,-0.0156224906400962
49.0823666666667,-0.0168156881092795
49.09905,-0.017743730585311
49.1157333333333,-0.0185391955647665
49.1324166666667,-0.0193346605442221
49.1491,-0.0198649705305258
49.1657833333333,-0.0202627030202535
49.1824666666667,-0.0205278580134054
49.19915,-0.0207930130065572
49.2158333333333,-0.0190695055510702
49.2325166666667,-0.0190695055510702
49.2492,-0.0188043505579184
49.2658833333333,-0.0182740405716147
49.2825666666667,-0.0193346605442221
49.29925,-0.0185391955647665
49.3159333333333,-0.0158876456332481
49.3326166666667,-0.0162853781229758
49.3493,-0.0148270256606407
49.3659833333333,-0.0131035182051537
49.3826666666667,-0.0112474332530907
49.39935,-0.00925877080445189
49.4160333333333,-0.00673979836950934
49.4327166666667,-0.00342536095511125
49.4494,-0.00064123352701686
49.4660833333333,0.00187773890792569
49.4827666666667,0.00439671134286823
49.49945,0.0070482612743867
49.5161333333333,0.00969981120590517
49.5328166666667,0.0120862061442718
49.5495,0.0144726010826384
49.5661833333333,0.0161961085381254
49.5828666666667,0.016991573517581
49.59955,0.0181847709867643
49.6162333333333,0.0197757009456754
49.6329166666667,0.0209688984148587
49.6496,0.0217643633943142
49.6662833333333,0.0226924058703457
49.6829666666667,0.0230901383600734
49.69965,0.0232227158566494
49.7163333333333,0.0232227158566494
49.7330166666667,0.0232227158566494
49.7497,0.0230901383600734
49.7663833333333,0.0228249833669216
49.7830666666667,0.0216317858977383
49.79975,0.0201734334354031
49.8164333333333,0.0181847709867643
49.8331166666667,0.0155332210552458
49.8498,0.0139422910963347
49.8664833333333,0.0115558961579681
49.8831666666667,0.00916950121960148
49.89985,0.00665052878465893
49.9165333333333,0.00413155634971639
49.9332166666667,-0.00130412100989648
49.9499,-0.0036905159482631
49.9665833333333,-0.00581175589347788
49.9832666666667,-0.00793299583869265
49.99995,-0.0099216582873315
50.0166333333333,-0.0115125882462426
50.0333166666667,-0.0132360957017296
50.05,-0.0146944481640647
50.0666833333333,-0.0157550681366721
50.0833666666667,-0.0169482656058554
50.10005,-0.0178763080818869
50.1167333333333,-0.0186717730613425
50.1334166666667,-0.0193346605442221
50.1501,-0.0198649705305258
50.1667833333333,-0.0202627030202535
50.1834666666667,-0.0205278580134054
50.20015,-0.0206604355099813
50.2168333333333,-0.0190695055510702
50.2335166666667,-0.0189369280544943
50.2502,-0.0186717730613425
50.2668833333333,-0.0181414630750388
50.2835666666667,-0.0174785755921591
50.30025,-0.0182740405716147
50.3169333333333,-0.0172134205990073
50.3336166666667,-0.0158876456332481
50.3503,-0.0144292931709129
50.3669833333333,-0.0128383632120018
50.3836666666667,-0.010849700763363
50.40035,-0.00740268585238896
50.4170333333333,-0.00634206587978157
50.4337166666667,-0.00329278345853533
50.4504,-0.000243501037289089
50.4670833333333,0.0025406263908053
50.4837666666667,0.004794443832596
50.50045,0.0075785712606904
50.5171333333333,0.0102301211922089
50.5338166666667,0.0124839386339996
50.5505,0.0148703335723662
50.5671833333333,0.0163286860347013
50.5838666666667,0.0171241510141569
50.60055,0.0184499259799161
50.6172333333333,0.0199082784422513
50.6339166666667,0.0211014759114346
50.6506,0.0217643633943142
50.6672833333333,0.0226924058703457
50.6839666666667,0.0230901383600734
50.70065,0.0232227158566494
50.7173333333333,0.0230901383600734
50.7340166666667,0.0230901383600734
50.7507,0.0230901383600734
50.7673833333333,0.0225598283737698
50.7840666666667,0.0213666309045864
50.80075,0.0197757009456754
50.8174333333333,0.0179196159936124
50.8341166666667,0.0155332210552458
50.8508,0.013544558606607
50.8674833333333,0.0111581636682403
50.8841666666667,0.00850661373672186
50.90085,0.00346866886683677
50.9175333333333,0.00360124636341269
50.9342166666667,0.00121485142504607
50.9509,-0.00408824843799087
50.9675833333333,-0.00634206587978157
50.9842666666667,-0.00833072832842042
51.00095,-0.0103193907770593
51.0176333333333,-0.0120428982325463
51.0343166666667,-0.0135012506948814
51.051,-0.0149596031572166
51.0676833333333,-0.016020223129824
51.0843666666667,-0.0170808431024314
51.10105,-0.0180088855784628
51.1177333333333,-0.0188043505579184
51.1344166666667,-0.0193346605442221
51.1511,-0.0198649705305258
51.1677833333333,-0.0202627030202535
51.1844666666667,-0.0205278580134054
51.20115,-0.0206604355099813
51.2178333333333,-0.0206604355099813
51.2345166666667,-0.0189369280544943
51.2512,-0.0185391955647665
51.2678833333333,-0.0181414630750388
51.2845666666667,-0.0173459980955832
51.30125,-0.0181414630750388
51.3179333333333,-0.0170808431024314
51.3346166666667,-0.0157550681366721
51.3513,-0.014296715674337
51.3679833333333,-0.0124406307222741
51.3846666666667,-0.0103193907770593
51.40135,-0.00727010835581303
51.4180333333333,-0.00475113592087049
51.4347166666667,-0.00342536095511125
51.4514,0.000154231452438681
51.4680833333333,0.00293835888053308
51.4847666666667,0.00545733131547562
51.50145,0.00797630375041817
51.5181333333333,0.0106278536819366
51.5348166666667,0.0128816711237273
51.5515,0.015268066062094
51.5681833333333,0.0164612635312773
51.5848666666667,0.0172567285107328
51.60155,0.018715080973068
51.6182333333333,0.0201734334354031
51.6349166666667,0.0212340534080105
51.6516,0.0218969408908901
51.6682833333333,0.0228249833669216
51.6849666666667,0.0230901383600734
51.70165,0.0232227158566494
51.7183333333333,0.0232227158566494
51.7350166666667,0.0230901383600734
51.7517,0.0230901383600734
51.7683833333333,0.0226924058703457
51.7850666666667,0.0212340534080105
51.80175,0.0199082784422513
51.8184333333333,0.0179196159936124
51.8351166666667,0.0155332210552458
51.8518,0.0132794036134551
51.8684833333333,0.0110255861716644
51.8851666666667,0.00850661373672186
51.90185,0.003070936377109
51.9185333333333,0.00333609137026085
51.9352166666667,-0.00196700849277609
51.9519,-0.00448598092771864
51.9685833333333,-0.00673979836950934
51.9852666666667,-0.00859588332157227
52.00195,-0.0105845457702111
52.0186333333333,-0.0124406307222741
52.0353166666667,-0.0137664056880333
52.052,-0.0152247581503684
52.0686833333333,-0.0164179556195518
52.0853666666667,-0.0173459980955832
52.10205,-0.0182740405716147
52.1187333333333,-0.0190695055510702
52.1354166666667,-0.0197323930339498
52.1521,-0.0201301255236776
52.1687833333333,-0.0205278580134054
52.1854666666667,-0.0207930130065572
52.20215,-0.0207930130065572
52.2188333333333,-0.0207930130065572
52.2355166666667,-0.0189369280544943
52.2522,-0.0186717730613425
52.2688833333333,-0.0197323930339498
52.2855666666667,-0.0190695055510702
52.30225,-0.0180088855784628
52.3189333333333,-0.0169482656058554
52.3356166666667,-0.0156224906400962
52.3523,-0.0140315606811851
52.3689833333333,-0.0123080532256981
52.3856666666667,-0.0101868132804834
52.40235,-0.00713753085923711
52.4190333333333,-0.00461855842429456
52.4357166666667,-0.00170185349962425
52.4524,0.000419386445590528
52.4690833333333,0.003070936377109
52.4857666666667,0.00598764130177932
52.50245,0.00824145874357001
52.5191333333333,0.0110255861716644
52.5358166666667,0.0132794036134551
52.5525,0.0157983760483977
52.5691833333333,0.0167264185244291
52.5858666666667,0.0176544610004606
52.60255,0.0191128134627957
52.6192333333333,0.0205711659251309
52.6359166666667,0.0214992084011624
52.6526,0.0225598283737698
52.6692833333333,0.0230901383600734
52.6859666666667,0.0233552933532253
52.70265,0.0233552933532253
52.7193333333333,0.0232227158566494
52.7360166666667,0.0232227158566494
52.7527,0.0232227158566494
52.7693833333333,0.0226924058703457
52.7860666666667,0.0212340534080105
52.80275,0.0197757009456754
52.8194333333333,0.0177870384970365
52.8361166666667,0.015268066062094
52.8528,0.0124839386339996
52.8694833333333,0.0107604311785126
52.8861666666667,0.00824145874357001
52.90285,0.00293835888053308
52.9195333333333,0.003070936377109
52.9362166666667,-0.00223216348592794
52.9529,-0.00475113592087049
52.9695833333333,-0.00700495336266119
52.9862666666667,-0.00912619330787596
53.00295,-0.010849700763363
53.0196333333333,-0.0127057857154259
53.0363166666667,-0.0141641381777611
53.053,-0.0154899131435203
53.0696833333333,-0.0166831106127036
53.0863666666667,-0.017743730585311
53.10305,-0.0186717730613425
53.1197333333333,-0.019467238040798
53.1364166666667,-0.0199975480271017
53.1531,-0.0205278580134054
53.1697833333333,-0.0209255905031332
53.1864666666667,-0.0210581679997091
53.20315,-0.021190745496285
53.2198333333333,-0.0210581679997091
53.2365166666667,-0.0209255905031332
53.2532,-0.0190695055510702
53.2698833333333,-0.0199975480271017
53.2865666666667,-0.0193346605442221
53.30325,-0.0166831106127036
53.3199333333333,-0.0173459980955832
53.3366166666667,-0.0158876456332481
53.3533,-0.0141641381777611
53.3699833333333,-0.01257320821885
53.3866666666667,-0.0105845457702111
53.40335,-0.0081981508318445
53.4200333333333,-0.00488371341744641
53.4367166666667,-0.00209958598935202
53.4534,0.000154231452438681
53.4700833333333,0.00293835888053308
53.4867666666667,0.00572248630862747
53.50345,0.00810888124699409
53.5201333333333,0.0107604311785126
53.5368166666667,0.0132794036134551
53.5535,0.0157983760483977
53.5701833333333,0.0167264185244291
53.5868666666667,0.0176544610004606
53.60355,0.0191128134627957
53.6202333333333,0.0205711659251309
53.6369166666667,0.0216317858977383
53.6536,0.0225598283737698
53.6702833333333,0.0230901383600734
53.6869666666667,0.0233552933532253
53.70365,0.0234878708498012
53.7203333333333,0.0234878708498012
53.7370166666667,0.0233552933532253
53.7537,0.0233552933532253
53.7703833333333,0.0226924058703457
53.7870666666667,0.0213666309045864
53.80375,0.0199082784422513
53.8204333333333,0.0180521934901884
53.8371166666667,0.0156657985518217
53.8538,0.0128816711237273
53.8704833333333,0.0110255861716644
53.8871666666667,0.00850661373672186
53.90385,0.00320351387368492
53.9205333333333,0.000551963942166452
53.9372166666667,-0.00209958598935202
53.9539,-0.00435340343114272
53.9705833333333,-0.00673979836950934
53.9872666666667,-0.00886103831472412
54.00395,-0.010717123266787
54.0206333333333,-0.01257320821885
54.0373166666667,-0.0141641381777611
54.054,-0.0153573356469444
54.0706833333333,-0.0166831106127036
54.0873666666667,-0.017743730585311
54.10405,-0.0186717730613425
54.1207333333333,-0.019467238040798
54.1374166666667,-0.0201301255236776
54.1541,-0.0206604355099813
54.1707833333333,-0.0210581679997091
54.1874666666667,-0.021190745496285
54.20415,-0.0213233229928609
54.2208333333333,-0.0213233229928609
54.2375166666667,-0.0210581679997091
54.2542,-0.0207930130065572
54.2708833333333,-0.0186717730613425
54.2875666666667,-0.0197323930339498
54.30425,-0.0170808431024314
54.3209333333333,-0.0174785755921591
54.3376166666667,-0.0161528006263999
54.3543,-0.0145618706674888
54.3709833333333,-0.0127057857154259
54.3876666666667,-0.010849700763363
54.40435,-0.00859588332157227
54.4210333333333,-0.00528144590717418
54.4377166666667,-0.00262989597565571
54.4544,0.000286808949014605
54.4710833333333,0.0025406263908053
54.4877666666667,0.00545733131547562
54.50445,0.00784372625384224
54.5211333333333,0.0103626986887848
54.5378166666667,0.0130142486203033
54.5545,0.015268066062094
54.5711833333333,0.0165938410278532
54.5878666666667,0.0173893060073087
54.60455,0.0189802359662198
54.6212333333333,0.0203060109319791
54.6379166666667,0.0213666309045864
54.6546,0.0224272508771938
54.6712833333333,0.0230901383600734
54.6879666666667,0.0233552933532253
54.70465,0.0234878708498012
54.7213333333333,0.0233552933532253
54.7380166666667,0.0233552933532253
54.7547,0.0233552933532253
54.7713833333333,0.0228249833669216
54.7880666666667,0.0216317858977383
54.80475,0.0200408559388272
54.8214333333333,0.0173893060073087
54.8381166666667,0.0160635310415495
54.8548,0.013544558606607
54.8714833333333,0.0102301211922089
54.8881666666667,0.00877176872987371
54.90485,0.00625279629493116
54.9215333333333,0.000817118935318299
54.9382166666667,-0.00183443099620017
54.9549,-0.00408824843799087
54.9715833333333,-0.00647464337635749
54.9882666666667,-0.00872846081814819
55.00495,-0.0104519682736352
55.0216333333333,-0.0121754757291222
55.0383166666667,-0.0138989831846092
55.055,-0.0150921806537925
55.0716833333333,-0.0162853781229758
55.0883666666667,-0.0174785755921591
55.10505,-0.0182740405716147
55.1217333333333,-0.0190695055510702
55.1384166666667,-0.0198649705305258
55.1551,-0.0202627030202535
55.1717833333333,-0.0206604355099813
55.1884666666667,-0.0210581679997091
55.20515,-0.0210581679997091
55.2218333333333,-0.0210581679997091
55.2385166666667,-0.0209255905031332
55.2552,-0.0206604355099813
55.2718833333333,-0.0185391955647665
55.2885666666667,-0.019467238040798
55.30525,-0.0185391955647665
55.3219333333333,-0.0156224906400962
55.3386166666667,-0.016020223129824
55.3553,-0.0144292931709129
55.3719833333333,-0.0124406307222741
55.3886666666667,-0.0105845457702111
55.40535,-0.00833072832842042
55.4220333333333,-0.00514886841059826
55.4387166666667,-0.00236474098250386
55.4554,0.000286808949014605
55.4720833333333,0.00280578138395715
55.4887666666667,0.00558990881205154
55.50545,0.00837403624014594
55.5221333333333,0.0104952761853607
55.5388166666667,0.0131468261168792
55.5555,0.0155332210552458
55.5721833333333,0.0165938410278532
55.5888666666667,0.0173893060073087
55.60555,0.0189802359662198
55.6222333333333,0.0203060109319791
55.6389166666667,0.0213666309045864
55.6556,0.022162095884042
55.6722833333333,0.0229575608634975
55.6889666666667,0.0232227158566494
55.70565,0.0233552933532253
55.7223333333333,0.0233552933532253
55.7390166666667,0.0232227158566494
55.7557,0.0232227158566494
55.7723833333333,0.0226924058703457
55.7890666666667,0.0214992084011624
55.80575,0.0197757009456754
55.8224333333333,0.0177870384970365
55.8391166666667,0.0150029110689421
55.8558,0.013411981110031
55.8724833333333,0.0108930086750885
55.8891666666667,0.00850661373672186
55.90585,0.00585506380520339
55.9225333333333,0.000551963942166452
55.9392166666667,-0.00209958598935202
55.9559,-0.00435340343114272
55.9725833333333,-0.00660722087293342
55.9892666666667,-0.00872846081814819
56.00595,-0.0105845457702111
56.0226333333333,-0.0123080532256981
56.0393166666667,-0.0138989831846092
56.056,-0.0152247581503684
56.0726833333333,-0.0162853781229758
56.0893666666667,-0.0174785755921591
56.10605,-0.0182740405716147
56.1227333333333,-0.0190695055510702
56.1394166666667,-0.0197323930339498
56.1561,-0.0202627030202535
56.1727833333333,-0.0205278580134054
56.1894666666667,-0.0207930130065572
56.20615,-0.0209255905031332
56.2228333333333,-0.0193346605442221
56.2395166666667,-0.0190695055510702
56.2562,-0.0203952805168295
56.2728833333333,-0.0182740405716147
56.2895666666667,-0.0192020830476461
56.30625,-0.0182740405716147
56.3229333333333,-0.0170808431024314
56.3396166666667,-0.0157550681366721
56.3563,-0.0141641381777611
56.3729833333333,-0.0123080532256981
56.3896666666667,-0.0103193907770593
56.40635,-0.0081981508318445
56.4230333333333,-0.00554660090032603
56.4397166666667,-0.00223216348592794
56.4564,0.000419386445590528
56.4730833333333,0.003070936377109
56.4897666666667,0.00572248630862747
56.50645,0.00850661373672186
56.5231333333333,0.0107604311785126
56.5398166666667,0.0132794036134551
56.5565,0.0159309535449736
56.5731833333333,0.0167264185244291
56.5898666666667,0.0175218835038847
56.60655,0.0191128134627957
56.6232333333333,0.0205711659251309
56.6399166666667,0.0214992084011624
56.6566,0.0224272508771938
56.6732833333333,0.0230901383600734
56.6899666666667,0.0233552933532253
56.70665,0.0233552933532253
56.7233333333333,0.0233552933532253
56.7400166666667,0.0232227158566494
56.7567,0.0232227158566494
56.7733833333333,0.0224272508771938
56.7900666666667,0.0211014759114346
56.80675,0.0195105459525235
56.8234333333333,0.0173893060073087
56.8401166666667,0.0147377560757903
56.8568,0.0131468261168792
56.8734833333333,0.0103626986887848
56.8901666666667,0.00810888124699409
56.90685,0.00558990881205154
56.9235333333333,0.000286808949014605
56.9402166666667,-0.00223216348592794
56.9569,-0.00475113592087049
56.9735833333333,-0.00673979836950934
56.9902666666667,-0.00899361581130004
57.00695,-0.010849700763363
57.0236333333333,-0.0124406307222741
57.0403166666667,-0.0140315606811851
57.057,-0.0153573356469444
57.0736833333333,-0.0164179556195518
57.0903666666667,-0.0174785755921591
57.10705,-0.0184066180681906
57.1237333333333,-0.0190695055510702
57.1404166666667,-0.0197323930339498
57.1571,-0.0202627030202535
57.1737833333333,-0.0206604355099813
57.1904666666667,-0.0207930130065572
57.20715,-0.0209255905031332
57.2238333333333,-0.0209255905031332
57.2405166666667,-0.0207930130065572
57.2572,-0.0203952805168295
57.2738833333333,-0.0199975480271017
57.2905666666667,-0.0192020830476461
57.30725,-0.0182740405716147
57.3239333333333,-0.0170808431024314
57.3406166666667,-0.0156224906400962
57.3573,-0.0141641381777611
57.3739833333333,-0.0123080532256981
57.3906666666667,-0.0100542357839074
57.40735,-0.00806557333526857
57.4240333333333,-0.00554660090032603
57.4407166666667,-0.00209958598935202
57.4574,0.000684541438742375
57.4740833333333,0.00360124636341269
57.4907666666667,0.00585506380520339
57.50745,0.00877176872987371
57.5241333333333,0.0111581636682403
57.5408166666667,0.013411981110031
57.5575,0.0159309535449736
57.5741833333333,0.016858996021005
57.5908666666667,0.0176544610004606
57.60755,0.0192453909593717
57.6242333333333,0.0205711659251309
57.6409166666667,0.0214992084011624
57.6576,0.0224272508771938
57.6742833333333,0.0230901383600734
57.6909666666667,0.0233552933532253
57.70765,0.0233552933532253
57.7243333333333,0.0233552933532253
57.7410166666667,0.0230901383600734
57.7577,0.0232227158566494
57.7743833333333,0.022162095884042
57.7910666666667,0.0209688984148587
57.80775,0.0192453909593717
57.8244333333333,0.0171241510141569
57.8411166666667,0.0143400235860625
57.8578,0.0127490936271514
57.8744833333333,0.0102301211922089
57.8911666666667,0.00519217632232377
57.90785,0.00240804889422938
57.9245333333333,0.00267320388738123
57.9412166666667,-0.00249731847907979
57.9579,-0.00501629091402233
57.9745833333333,-0.00700495336266119
57.9912666666667,-0.00912619330787596
58.00795,-0.0111148557565148
58.0246333333333,-0.01257320821885
58.0413166666667,-0.0140315606811851
58.058,-0.0154899131435203
58.0746833333333,-0.0165505331161277
58.0913666666667,-0.0176111530887351
58.10805,-0.0184066180681906
58.1247333333333,-0.0190695055510702
58.1414166666667,-0.0197323930339498
58.1581,-0.0202627030202535
58.1747833333333,-0.0206604355099813
58.1914666666667,-0.0207930130065572
58.20815,-0.0209255905031332
58.2248333333333,-0.0207930130065572
58.2415166666667,-0.0190695055510702
58.2582,-0.0202627030202535
58.2748833333333,-0.0197323930339498
58.2915666666667,-0.0189369280544943
58.30825,-0.0180088855784628
58.3249333333333,-0.0169482656058554
58.3416166666667,-0.0153573356469444
58.3583,-0.0138989831846092
58.3749833333333,-0.0120428982325463
58.3916666666667,-0.0099216582873315
58.40835,-0.00660722087293342
58.4250333333333,-0.00528144590717418
58.4417166666667,-0.00156927600304832
58.4584,0.000949696431894222
58.4750833333333,0.00373382385998862
58.4917666666667,0.00612021879835524
58.50845,0.00877176872987371
58.5251333333333,0.0114233186613922
58.5418166666667,0.0136771361031829
58.5585,0.0160635310415495
58.5751833333333,0.016858996021005
58.5918666666667,0.0177870384970365
58.60855,0.0192453909593717
58.6252333333333,0.0207037434217068
58.6419166666667,0.0216317858977383
58.6586,0.0224272508771938
58.6752833333333,0.0230901383600734
58.6919666666667,0.0233552933532253
58.70865,0.0233552933532253
58.7253333333333,0.0233552933532253
58.7420166666667,0.0232227158566494
58.7587,0.0232227158566494
58.7753833333333,0.022162095884042
58.7920666666667,0.0208363209182827
58.80875,0.0192453909593717
58.8254333333333,0.0172567285107328
58.8421166666667,0.0147377560757903
58.8588,0.0128816711237273
58.8754833333333,0.0103626986887848
58.8921666666667,0.00771114875726632
58.90885,0.00519217632232377
58.9255333333333,0.00267320388738123
58.9422166666667,-0.00262989597565571
58.9589,-0.00514886841059826
58.9755833333333,-0.00727010835581303
58.9922666666667,-0.00925877080445189
59.00895,-0.0111148557565148
59.0256333333333,-0.0128383632120018
59.0423166666667,-0.0141641381777611
59.059,-0.0156224906400962
59.0756833333333,-0.0166831106127036
59.0923666666667,-0.017743730585311
59.10905,-0.0185391955647665
59.1257333333333,-0.0193346605442221
59.1424166666667,-0.0198649705305258
59.1591,-0.0203952805168295
59.1757833333333,-0.021190745496285
59.1924666666667,-0.021190745496285
59.20915,-0.0210581679997091
59.2258333333333,-0.0209255905031332
59.2425166666667,-0.0206604355099813
59.2592,-0.0202627030202535
59.2758833333333,-0.0198649705305258
59.2925666666667,-0.0190695055510702
59.30925,-0.0181414630750388
59.3259333333333,-0.0172134205990073
59.3426166666667,-0.0157550681366721
59.3593,-0.0137664056880333
59.3759833333333,-0.0117777432393944
59.3926666666667,-0.00965650329417966
59.40935,-0.00620948838320565
59.4260333333333,-0.0036905159482631
59.4427166666667,-0.00236474098250386
59.4594,0.00134742892162199
59.4760833333333,0.00413155634971639
59.4927666666667,0.00691568377781078
59.50945,0.0093020787161774
59.5261333333333,0.0120862061442718
59.5428166666667,0.0142074460894866
59.5595,0.0163286860347013
59.5761833333333,0.0171241510141569
59.5928666666667,0.0183173484833402
59.60955,0.0197757009456754
59.6262333333333,0.0211014759114346
59.6429166666667,0.0218969408908901
59.6596,0.0229575608634975
59.6762833333333,0.0233552933532253
59.6929666666667,0.0234878708498012
59.70965,0.0234878708498012
59.7263333333333,0.0233552933532253
59.7430166666667,0.0232227158566494
59.7597,0.0230901383600734
59.7763833333333,0.0220295183874661
59.7930666666667,0.0205711659251309
59.80975,0.0189802359662198
59.8264333333333,0.016858996021005
59.8431166666667,0.0146051785792143
59.8598,0.0122187836408477
59.8764833333333,0.00996496619905702
59.8931666666667,0.00731341626753855
59.90985,0.00201031640450161
59.9265333333333,0.00240804889422938
59.9432166666667,-0.00289505096880756
59.9599,-0.00528144590717418
59.9765833333333,-0.0076678408455408
59.9932666666667,-0.00952392579760373
60.00995,-0.0113800107496667
60.0266333333333,-0.0132360957017296
60.0433166666667,-0.0144292931709129
60.06,-0.0158876456332481
60.0766833333333,-0.0169482656058554
60.0933666666667,-0.0180088855784628
60.11005,-0.0188043505579184
60.1267333333333,-0.019467238040798
60.1434166666667,-0.0199975480271017
60.1601,-0.0203952805168295
60.1767833333333,-0.0207930130065572
60.1934666666667,-0.0209255905031332
60.21015,-0.0210581679997091
60.2268333333333,-0.0209255905031332
60.2435166666667,-0.0206604355099813
60.2602,-0.0186717730613425
60.2768833333333,-0.0195998155373739
60.2935666666667,-0.0188043505579184
60.31025,-0.0161528006263999
60.3269333333333,-0.0165505331161277
60.3436166666667,-0.0152247581503684
60.3603,-0.0133686731983055
60.3769833333333,-0.0116451657428185
60.3936666666667,-0.00939134830102781
60.41035,-0.00660722087293342
60.4270333333333,-0.00355793845168718
60.4437166666667,-0.000773811023592783
60.4604,0.00148000641819792
60.4770833333333,0.00439671134286823
60.4937666666667,0.00731341626753855
60.51045,0.00956723370932925
60.5271333333333,0.0122187836408477
60.5438166666667,0.0146051785792143
60.5605,0.0163286860347013
60.5771833333333,0.0171241510141569
60.5938666666667,0.0184499259799161
60.61055,0.0200408559388272
60.6272333333333,0.0212340534080105
60.6439166666667,0.022162095884042
60.6606,0.0230901383600734
60.6772833333333,0.0233552933532253
60.6939666666667,0.0234878708498012
60.71065,0.0234878708498012
60.7273333333333,0.0234878708498012
60.7440166666667,0.0233552933532253
60.7607,0.0230901383600734
60.7773833333333,0.0220295183874661
60.7940666666667,0.0205711659251309
60.81075,0.0188476584696439
60.8274333333333,0.016858996021005
60.8441166666667,0.0146051785792143
60.8608,0.0115558961579681
60.8774833333333,0.00996496619905702
60.8941666666667,0.00731341626753855
60.91085,0.00214289390107753
60.9275333333333,0.00227547139765346
60.9442166666667,-0.00316020596195941
60.9609,-0.00541402340375011
60.9775833333333,-0.00780041834211673
60.9942666666667,-0.00978908079075558
61.01095,-0.0115125882462426
61.0276333333333,-0.0132360957017296
61.0443166666667,-0.0145618706674888
61.061,-0.0158876456332481
61.0776833333333,-0.0170808431024314
61.0943666666667,-0.0180088855784628
61.11105,-0.0188043505579184
61.1277333333333,-0.0195998155373739
61.1444166666667,-0.0201301255236776
61.1611,-0.0205278580134054
61.1777833333333,-0.0207930130065572
61.1944666666667,-0.0210581679997091
61.21115,-0.0210581679997091
61.2278333333333,-0.0209255905031332
61.2445166666667,-0.0206604355099813
61.2612,-0.0186717730613425
61.2778833333333,-0.0195998155373739
61.2945666666667,-0.0188043505579184
61.31125,-0.017743730585311
61.3279333333333,-0.0165505331161277
61.3446166666667,-0.0150921806537925
61.3613,-0.0133686731983055
61.3779833333333,-0.0115125882462426
61.3946666666667,-0.00806557333526857
61.41135,-0.00687237586608526
61.4280333333333,-0.00355793845168718
61.4447166666667,-0.000773811023592783
61.4614,0.00187773890792569
61.4780833333333,0.00426413384629231
61.4947666666667,0.00718083877096263
61.51145,0.00956723370932925
61.5281333333333,0.0120862061442718
61.5448166666667,0.0146051785792143
61.5615,0.0163286860347013
61.5781833333333,0.0171241510141569
61.5948666666667,0.0183173484833402
61.61155,0.0199082784422513
61.6282333333333,0.0211014759114346
61.6449166666667,0.0220295183874661
61.6616,0.0229575608634975
61.6782833333333,0.0233552933532253
61.6949666666667,0.0234878708498012
61.71165,0.0234878708498012
61.7283333333333,0.0233552933532253
61.7450166666667,0.0233552933532253
61.7617,0.0232227158566494
61.7783833333333,0.0220295183874661
61.7950666666667,0.0207037434217068
61.81175,0.0188476584696439
61.8284333333333,0.0161961085381254
61.8451166666667,0.0147377560757903
61.8618,0.0119536286476959
61.8784833333333,0.00996496619905702
61.8951666666667,0.00744599376411447
61.91185,0.004794443832596
61.9285333333333,-0.00064123352701686
61.9452166666667,-0.00316020596195941
61.9619,-0.00541402340375011
61.9785833333333,-0.0076678408455408
61.9952666666667,-0.00978908079075558
62.01195,-0.0115125882462426
62.0286333333333,-0.0132360957017296
62.0453166666667,-0.0146944481640647
62.062,-0.0158876456332481
62.0786833333333,-0.0170808431024314
62.0953666666667,-0.0180088855784628
62.11205,-0.0188043505579184
62.1287333333333,-0.019467238040798
62.1454166666667,-0.0201301255236776
62.1621,-0.0205278580134054
62.1787833333333,-0.0207930130065572
62.1954666666667,-0.0209255905031332
62.21215,-0.0209255905031332
62.2288333333333,-0.0192020830476461
62.2455166666667,-0.0205278580134054
62.2622,-0.0185391955647665
62.2788833333333,-0.019467238040798
62.2955666666667,-0.0186717730613425
62.31225,-0.017743730585311
62.3289333333333,-0.0164179556195518
62.3456166666667,-0.0149596031572166
62.3623,-0.0133686731983055
62.3789833333333,-0.0112474332530907
62.3956666666667,-0.00939134830102781
62.41235,-0.00700495336266119
62.4290333333333,-0.00355793845168718
62.4457166666667,-0.000906388520168707
62.4624,0.00174516141134976
62.4790833333333,0.00426413384629231
62.4957666666667,0.0070482612743867
62.51245,0.00956723370932925
62.5291333333333,0.0119536286476959
62.5458166666667,0.0144726010826384
62.5625,0.0163286860347013
62.5791833333333,0.0171241510141569
62.5958666666667,0.0183173484833402
62.61255,0.0199082784422513
62.6292333333333,0.0212340534080105
62.6459166666667,0.0220295183874661
62.6626,0.0230901383600734
62.6792833333333,0.0233552933532253
62.6959666666667,0.0234878708498012
62.71265,0.0234878708498012
62.7293333333333,0.0234878708498012
62.7460166666667,0.0233552933532253
62.7627,0.0232227158566494
62.7793833333333,0.0220295183874661
62.7960666666667,0.0207037434217068
62.81275,0.0188476584696439
62.8294333333333,0.0161961085381254
62.8461166666667,0.0147377560757903
62.8628,0.0122187836408477
62.8794833333333,0.00890434622644963
62.8961666666667,0.00731341626753855
62.91285,0.00466186633602008
62.9295333333333,-0.00064123352701686
62.9462166666667,-0.00329278345853533
62.9629,-0.00554660090032603
62.9795833333333,-0.0076678408455408
62.9962666666667,-0.00978908079075558
63.01295,-0.0116451657428185
63.0296333333333,-0.0131035182051537
63.0463166666667,-0.0146944481640647
63.063,-0.0158876456332481
63.0796833333333,-0.0169482656058554
63.0963666666667,-0.0178763080818869
63.11305,-0.0188043505579184
63.1297333333333,-0.019467238040798
63.1464166666667,-0.0199975480271017
63.1631,-0.0203952805168295
63.1797833333333,-0.0207930130065572
63.1964666666667,-0.0209255905031332
63.21315,-0.0209255905031332
63.2298333333333,-0.0192020830476461
63.2465166666667,-0.0189369280544943
63.2632,-0.0199975480271017
63.2798833333333,-0.019467238040798
63.2965666666667,-0.0186717730613425
63.31325,-0.0176111530887351
63.3299333333333,-0.0162853781229758
63.3466166666667,-0.0148270256606407
63.3633,-0.0132360957017296
63.3799833333333,-0.0112474332530907
63.3966666666667,-0.00925877080445189
63.41335,-0.00700495336266119
63.4300333333333,-0.00435340343114272
63.4467166666667,-0.000773811023592783
63.4634,0.00174516141134976
63.4800833333333,0.00413155634971639
63.4967666666667,0.0070482612743867
63.51345,0.00969981120590517
63.5301333333333,0.0120862061442718
63.5468166666667,0.0146051785792143
63.5635,0.0161961085381254
63.5801833333333,0.0171241510141569
63.5968666666667,0.0184499259799161
63.61355,0.0199082784422513
63.6302333333333,0.0211014759114346
63.6469166666667,0.0218969408908901
63.6636,0.0229575608634975
63.6802833333333,0.0233552933532253
63.6969666666667,0.0234878708498012
63.71365,0.0234878708498012
63.7303333333333,0.0233552933532253
63.7470166666667,0.0233552933532253
63.7637,0.0230901383600734
63.7803833333333,0.0218969408908901
63.7970666666667,0.020438588428555
63.81375,0.018582503476492
63.8304333333333,0.0161961085381254
63.8471166666667,0.013544558606607
63.8638,0.0120862061442718
63.8804833333333,0.00943465621275333
63.8971666666667,0.0070482612743867
63.91385,0.00439671134286823
63.9305333333333,-0.000773811023592783
63.9472166666667,-0.00342536095511125
63.9639,-0.00581175589347788
63.9805833333333,-0.00780041834211673
63.9972666666667,-0.0099216582873315
64.01395,-0.0117777432393944
64.0306333333333,-0.0132360957017296
64.0473166666667,-0.0148270256606407
64.064,-0.016020223129824
64.0806833333333,-0.0170808431024314
64.0973666666667,-0.0181414630750388
64.11405,-0.0189369280544943
64.1307333333333,-0.0195998155373739
64.1474166666667,-0.0201301255236776
64.1641,-0.0205278580134054
64.1807833333333,-0.0207930130065572
64.1974666666667,-0.0209255905031332
64.21415,-0.0209255905031332
64.2308333333333,-0.0190695055510702
64.2475166666667,-0.0188043505579184
64.2642,-0.0184066180681906
64.2808833333333,-0.017743730585311
64.2975666666667,-0.0168156881092795
64.31425,-0.0157550681366721
64.3309333333333,-0.0144292931709129
64.3476166666667,-0.0146944481640647
64.3643,-0.0131035182051537
64.3809833333333,-0.0111148557565148
64.3976666666667,-0.00899361581130004
64.41435,-0.00541402340375011
64.4310333333333,-0.00422082593456679
64.4477166666667,-0.000773811023592783
64.4644,0.00214289390107753
64.4810833333333,0.00452928883944416
64.4977666666667,0.00718083877096263
64.51445,0.0098323887024811
64.5311333333333,0.0123513611374236
64.5478166666667,0.0146051785792143
64.5645,0.0163286860347013
64.5811833333333,0.0171241510141569
64.5978666666667,0.018582503476492
64.61455,0.0200408559388272
64.6312333333333,0.0212340534080105
64.6479166666667,0.0220295183874661
64.6646,0.0229575608634975
64.6812833333333,0.0233552933532253
64.6979666666667,0.0234878708498012
64.71465,0.0233552933532253
64.7313333333333,0.0233552933532253
64.7480166666667,0.0233552933532253
64.7647,0.0229575608634975
64.7813833333333,0.0217643633943142
64.7980666666667,0.0203060109319791
64.81475,0.018582503476492
64.8314333333333,0.0163286860347013
64.8481166666667,0.013411981110031
64.8648,0.0118210511511199
64.8814833333333,0.0093020787161774
64.8981666666667,0.00413155634971639
64.91485,0.00426413384629231
64.9315333333333,-0.000906388520168707
64.9482166666667,-0.00355793845168718
64.9649,-0.0059443333900538
64.9815833333333,-0.00806557333526857
64.9982666666667,-0.0100542357839074
65.01495,-0.0119103207359704
65.0316333333333,-0.0133686731983055
65.0483166666667,-0.0149596031572166
65.065,-0.0161528006263999
65.0816833333333,-0.0172134205990073
65.0983666666667,-0.0182740405716147
65.11505,-0.0190695055510702
65.1317333333333,-0.0197323930339498
65.1484166666667,-0.0202627030202535
65.1651,-0.0206604355099813
65.1817833333333,-0.0209255905031332
65.1984666666667,-0.0210581679997091
65.21515,-0.0210581679997091
65.2318333333333,-0.0207930130065572
65.2485166666667,-0.0189369280544943
65.2652,-0.0199975480271017
65.2818833333333,-0.0193346605442221
65.2985666666667,-0.0168156881092795
65.31525,-0.0174785755921591
65.3319333333333,-0.0161528006263999
65.3486166666667,-0.0144292931709129
65.3653,-0.0129709407085777
65.3819833333333,-0.0109822782599389
65.3986666666667,-0.00872846081814819
65.41535,-0.00541402340375011
65.4320333333333,-0.00408824843799087
65.4487166666667,-0.000376078533865012
65.4654,0.00227547139765346
65.4820833333333,0.00492702132917193
65.4987666666667,0.00744599376411447
65.51545,0.0100975436956329
65.5321333333333,0.0126165161305755
65.5488166666667,0.0147377560757903
65.5655,0.0164612635312773
65.5821833333333,0.0173893060073087
65.5988666666667,0.0188476584696439
65.61555,0.0201734334354031
65.6322333333333,0.0213666309045864
65.6489166666667,0.0224272508771938
65.6656,0.0232227158566494
65.6822833333333,0.0234878708498012
65.6989666666667,0.0236204483463771
65.71565,0.0234878708498012
65.7323333333333,0.0233552933532253
65.7490166666667,0.0233552933532253
65.7657,0.0229575608634975
65.7823833333333,0.0216317858977383
65.7990666666667,0.0201734334354031
65.81575,0.018582503476492
65.8324333333333,0.0163286860347013
65.8491166666667,0.013544558606607
65.8658,0.0118210511511199
65.8824833333333,0.00916950121960148
65.8991666666667,0.00651795128808301
65.91585,0.00413155634971639
65.9325333333333,-0.00130412100989648
65.9492166666667,-0.0036905159482631
65.9659,-0.00620948838320565
65.9825833333333,-0.00833072832842042
65.9992666666667,-0.0101868132804834
66.01595,-0.0121754757291222
66.0326333333333,-0.0137664056880333
66.0493166666667,-0.0150921806537925
66.066,-0.0164179556195518
66.0826833333333,-0.0174785755921591
66.0993666666667,-0.0184066180681906
66.11605,-0.0192020830476461
66.1327333333333,-0.0198649705305258
66.1494166666667,-0.0203952805168295
66.1661,-0.0206604355099813
66.1827833333333,-0.0209255905031332
66.1994666666667,-0.0210581679997091
66.21615,-0.0210581679997091
66.2328333333333,-0.0207930130065572
66.2495166666667,-0.0189369280544943
66.2662,-0.0184066180681906
66.2828833333333,-0.0193346605442221
66.2995666666667,-0.0168156881092795
66.31625,-0.0173459980955832
66.3329333333333,-0.0161528006263999
66.3496166666667,-0.0145618706674888
66.3663,-0.0128383632120018
66.3829833333333,-0.0109822782599389
66.3996666666667,-0.00859588332157227
66.41635,-0.00528144590717418
66.4330333333333,-0.00262989597565571
66.4497166666667,-0.000243501037289089
66.4664,0.00227547139765346
66.4830833333333,0.00505959882574785
66.4997666666667,0.0075785712606904
66.51645,0.0100975436956329
66.5331333333333,0.0128816711237273
66.5498166666667,0.0150029110689421
66.5665,0.0165938410278532
66.5831833333333,0.0173893060073087
66.5998666666667,0.0189802359662198
66.61655,0.0203060109319791
66.6332333333333,0.0214992084011624
66.6499166666667,0.0224272508771938
66.6666,0.0232227158566494
66.6832833333333,0.0234878708498012
66.6999666666667,0.0234878708498012
66.71665,0.0234878708498012
66.7333333333333,0.0233552933532253
66.7500166666667,0.0233552933532253
66.7667,0.0229575608634975
66.7833833333333,0.0216317858977383
66.8000666666667,0.0200408559388272
66.81675,0.0183173484833402
66.8334333333333,0.0163286860347013
66.8501166666667,0.0139422910963347
66.8668,0.0106278536819366
66.8834833333333,0.00916950121960148
66.9001666666667,0.00651795128808301
66.91685,0.00121485142504607
66.9335333333333,0.00148000641819792
66.9502166666667,-0.00103896601674463
66.9669,-0.00634206587978157
66.9835833333333,-0.00846330582499634
67.0002666666667,-0.0101868132804834
67.01695,-0.0120428982325463
67.0336333333333,-0.0137664056880333
67.0503166666667,-0.0150921806537925
67.067,-0.0164179556195518
67.0836833333333,-0.0174785755921591
67.1003666666667,-0.0184066180681906
67.11705,-0.0192020830476461
67.1337333333333,-0.0198649705305258
67.1504166666667,-0.0203952805168295
67.1671,-0.0190695055510702
67.1837833333333,-0.0210581679997091
67.2004666666667,-0.021190745496285
67.21715,-0.019467238040798
67.2338333333333,-0.0210581679997091
67.2505166666667,-0.0206604355099813
67.2672,-0.0201301255236776
67.2838833333333,-0.019467238040798
67.3005666666667,-0.0185391955647665
67.31725,-0.0173459980955832
67.3339333333333,-0.0161528006263999
67.3506166666667,-0.0145618706674888
67.3673,-0.0128383632120018
67.3839833333333,-0.0109822782599389
67.4006666666667,-0.00872846081814819
67.41735,-0.00541402340375011
67.4340333333333,-0.00276247347223164
67.4507166666667,-0.000110923540713166
67.4674,0.00227547139765346
67.4840833333333,0.00519217632232377
67.5007666666667,0.00784372625384224
67.51745,0.0102301211922089
67.5341333333333,0.0128816711237273
67.5508166666667,0.015268066062094
67.5675,0.0165938410278532
67.5841833333333,0.0173893060073087
67.6008666666667,0.0189802359662198
67.61755,0.020438588428555
67.6342333333333,0.0214992084011624
67.6509166666667,0.0224272508771938
67.6676,0.0232227158566494
67.6842833333333,0.0234878708498012
67.7009666666667,0.0234878708498012
67.71765,0.0234878708498012
67.7343333333333,0.0233552933532253
67.7510166666667,0.0233552933532253
67.7677,0.0228249833669216
67.7843833333333,0.0214992084011624
67.8010666666667,0.0200408559388272
67.81775,0.0179196159936124
67.8344333333333,0.0161961085381254
67.8511166666667,0.0138097135997588
67.8678,0.0110255861716644
67.8844833333333,0.00916950121960148
67.9011666666667,0.00651795128808301
67.91785,0.00121485142504607
67.9345333333333,-0.0014366985064724
67.9512166666667,-0.0036905159482631
67.9679,-0.00620948838320565
67.9845833333333,-0.00833072832842042
68.0012666666667,-0.0103193907770593
68.01795,-0.0120428982325463
68.0346333333333,-0.0137664056880333
68.0513166666667,-0.0150921806537925
68.068,-0.0162853781229758
68.0846833333333,-0.0174785755921591
68.1013666666667,-0.0184066180681906
68.11805,-0.0192020830476461
68.1347333333333,-0.0198649705305258
68.1514166666667,-0.0203952805168295
68.1681,-0.0207930130065572
68.1847833333333,-0.0210581679997091
68.2014666666667,-0.019467238040798
68.21815,-0.0210581679997091
68.2348333333333,-0.0209255905031332
68.2515166666667,-0.0189369280544943
68.2682,-0.0184066180681906
68.2848833333333,-0.0193346605442221
68.3015666666667,-0.0185391955647665
68.31825,-0.0173459980955832
68.3349333333333,-0.016020223129824
68.3516166666667,-0.0145618706674888
68.3683,-0.0127057857154259
68.3849833333333,-0.010849700763363
68.4016666666667,-0.00872846081814819
68.41835,-0.00620948838320565
68.4350333333333,-0.00276247347223164
68.4517166666667,2.1653955862758e-05
68.4684,0.00227547139765346
68.4850833333333,0.00505959882574785
68.5017666666667,0.00784372625384224
68.51845,0.0102301211922089
68.5351333333333,0.0127490936271514
68.5518166666667,0.015268066062094
68.5685,0.0165938410278532
68.5851833333333,0.0173893060073087
68.6018666666667,0.0188476584696439
68.61855,0.020438588428555
68.6352333333333,0.0213666309045864
68.6519166666667,0.0222946733806179
68.6686,0.0230901383600734
68.6852833333333,0.0234878708498012
68.7019666666667,0.0234878708498012
68.71865,0.0234878708498012
68.7353333333333,0.0233552933532253
68.7520166666667,0.0233552933532253
68.7687,0.0226924058703457
68.7853833333333,0.0214992084011624
68.8020666666667,0.0200408559388272
68.81875,0.0180521934901884
68.8354333333333,0.0161961085381254
68.8521166666667,0.0138097135997588
68.8688,0.0108930086750885
68.8854833333333,0.00890434622644963
68.9021666666667,0.00638537379150709
68.91885,0.00108227392847015
68.9355333333333,-0.00156927600304832
68.9522166666667,-0.00395567094141495
68.9689,-0.00620948838320565
68.9855833333333,-0.00846330582499634
69.0022666666667,-0.0104519682736352
69.01895,-0.0120428982325463
69.0356333333333,-0.0137664056880333
69.0523166666667,-0.0150921806537925
69.069,-0.0162853781229758
69.0856833333333,-0.0174785755921591
69.1023666666667,-0.0184066180681906
69.11905,-0.0190695055510702
69.1357333333333,-0.0197323930339498
69.1524166666667,-0.0202627030202535
69.1691,-0.0206604355099813
69.1857833333333,-0.0209255905031332
69.2024666666667,-0.0209255905031332
69.21915,-0.0209255905031332
69.2358333333333,-0.0190695055510702
69.2525166666667,-0.0203952805168295
69.2692,-0.0198649705305258
69.2858833333333,-0.0190695055510702
69.3025666666667,-0.0182740405716147
69.31925,-0.0170808431024314
69.3359333333333,-0.0157550681366721
69.3526166666667,-0.014296715674337
69.3693,-0.0124406307222741
69.3859833333333,-0.0104519682736352
69.4026666666667,-0.00846330582499634
69.41935,-0.00607691088662972
69.4360333333333,-0.00262989597565571
69.4527166666667,0.000154231452438681
69.4694,0.00280578138395715
69.4860833333333,0.00519217632232377
69.5027666666667,0.00797630375041817
69.51945,0.0104952761853607
69.5361333333333,0.0128816711237273
69.5528166666667,0.015268066062094
69.5695,0.0167264185244291
69.5861833333333,0.0175218835038847
69.6028666666667,0.0191128134627957
69.61955,0.020438588428555
69.6362333333333,0.0214992084011624
69.6529166666667,0.0222946733806179
69.6696,0.0228249833669216
69.6862833333333,0.0229575608634975
69.7029666666667,0.0229575608634975
69.71965,0.0233552933532253
69.7363333333333,0.0234878708498012
69.7530166666667,0.0233552933532253
69.7697,0.0226924058703457
69.7863833333333,0.0213666309045864
69.8030666666667,0.0200408559388272
69.81975,0.0167264185244291
69.8364333333333,0.015268066062094
69.8531166666667,0.0140748685929106
69.8698,0.0093020787161774
69.8864833333333,0.00665052878465893
69.9031666666667,0.00386640135656454
69.91985,0.00148000641819792
69.9365333333333,-0.00103896601674463
69.9532166666667,-0.00382309344483902
69.9699,-0.00634206587978157
69.9865833333333,-0.00859588332157227
70.0032666666667,-0.0103193907770593
70.01995,-0.0099216582873315
70.0366333333333,-0.0116451657428185
70.0533166666667,-0.0131035182051537
70.07,-0.014296715674337
70.0866833333333,-0.0154899131435203
70.1033666666667,-0.0165505331161277
70.12005,-0.0173459980955832
70.1367333333333,-0.0180088855784628
70.1534166666667,-0.0185391955647665
70.1701,-0.0189369280544943
70.1867833333333,-0.0192020830476461
70.2034666666667,-0.0192020830476461
70.22015,-0.0192020830476461
70.2368333333333,-0.0189369280544943
70.2535166666667,-0.0185391955647665
70.2702,-0.0181414630750388
70.2868833333333,-0.0173459980955832
70.3035666666667,-0.0174785755921591
70.32025,-0.0164179556195518
70.3369333333333,-0.0149596031572166
70.3536166666667,-0.0132360957017296
70.3703,-0.0115125882462426
70.3869833333333,-0.00952392579760373
70.4036666666667,-0.00753526334896488
70.42035,-0.00528144590717418
70.4370333333333,-0.00316020596195941
70.4537166666667,-0.00064123352701686
70.4704,0.00201031640450161
70.4870833333333,0.00439671134286823
70.5037666666667,0.00691568377781078
70.52045,0.0112907411648163
70.5371333333333,0.0132794036134551
70.5538166666667,0.0155332210552458
70.5705,0.016858996021005
70.5871833333333,0.0179196159936124
70.6038666666667,0.0192453909593717
70.62055,0.0205711659251309
70.6372333333333,0.0217643633943142
70.6539166666667,0.0225598283737698
70.6706,0.0232227158566494
70.6872833333333,0.0234878708498012
70.7039666666667,0.0234878708498012
70.72065,0.0234878708498012
70.7373333333333,0.0233552933532253
70.7540166666667,0.0233552933532253
70.7707,0.0225598283737698
70.7873833333333,0.0212340534080105
70.8040666666667,0.0196431234490994
70.82075,0.0176544610004606
70.8374333333333,0.0148703335723662
70.8541166666667,0.0131468261168792
70.8708,0.0108930086750885
70.8874833333333,0.00824145874357001
70.9041666666667,0.003070936377109
70.92085,0.003070936377109
70.9375333333333,-0.00209958598935202
70.9542166666667,-0.00461855842429456
70.9709,-0.00687237586608526
70.9875833333333,-0.00886103831472412
71.0042666666667,-0.0109822782599389
71.02095,-0.0127057857154259
71.0376333333333,-0.0141641381777611
71.0543166666667,-0.0156224906400962
71.071,-0.0168156881092795
71.0876833333333,-0.0178763080818869
71.1043666666667,-0.0188043505579184
71.12105,-0.0195998155373739
71.1377333333333,-0.0201301255236776
71.1544166666667,-0.0206604355099813
71.1711,-0.0210581679997091
71.1877833333333,-0.021190745496285
71.2044666666667,-0.021190745496285
71.22115,-0.021190745496285
71.2378333333333,-0.0209255905031332
71.2545166666667,-0.0205278580134054
71.2712,-0.0199975480271017
71.2878833333333,-0.017743730585311
71.3045666666667,-0.0182740405716147
71.32125,-0.0172134205990073
71.3379333333333,-0.0157550681366721
71.3546166666667,-0.0141641381777611
71.3713,-0.01257320821885
71.3879833333333,-0.0104519682736352
71.4046666666667,-0.00727010835581303
71.42135,-0.00607691088662972
71.4380333333333,-0.00329278345853533
71.4547166666667,0.000286808949014605
71.4714,0.00280578138395715
71.4880833333333,0.0053247538188997
71.5047666666667,0.00810888124699409
71.52145,0.0108930086750885
71.5381333333333,0.0131468261168792
71.5548166666667,0.0155332210552458
71.5715,0.016991573517581
71.5881833333333,0.0179196159936124
71.6048666666667,0.0192453909593717
71.62155,0.0207037434217068
71.6382333333333,0.0217643633943142
71.6549166666667,0.0229575608634975
71.6716,0.0234878708498012
71.6882833333333,0.0236204483463771
71.7049666666667,0.0236204483463771
71.72165,0.0236204483463771
71.7383333333333,0.0234878708498012
71.7550166666667,0.0234878708498012
71.7717,0.0226924058703457
71.7883833333333,0.0213666309045864
71.8050666666667,0.0197757009456754
71.82175,0.0180521934901884
71.8384333333333,0.0155332210552458
71.8551166666667,0.0127490936271514
71.8718,0.0108930086750885
71.8884833333333,0.00850661373672186
71.9051666666667,0.003070936377109
71.92185,0.00333609137026085
71.9385333333333,0.000684541438742375
71.9552166666667,-0.00448598092771864
71.9719,-0.00673979836950934
71.9885833333333,-0.00872846081814819
72.0052666666667,-0.010849700763363
72.02195,-0.0127057857154259
72.0386333333333,-0.0141641381777611
72.0553166666667,-0.0154899131435203
72.072,-0.0168156881092795
72.0886833333333,-0.0178763080818869
72.1053666666667,-0.0188043505579184
72.12205,-0.0195998155373739
72.1387333333333,-0.0202627030202535
72.1554166666667,-0.0206604355099813
72.1721,-0.0210581679997091
72.1887833333333,-0.021190745496285
72.2054666666667,-0.0213233229928609
72.22215,-0.0213233229928609
72.2388333333333,-0.0210581679997091
72.2555166666667,-0.0190695055510702
72.2722,-0.0201301255236776
72.2888833333333,-0.019467238040798
72.3055666666667,-0.0168156881092795
72.32225,-0.0173459980955832
72.3389333333333,-0.0158876456332481
72.3556166666667,-0.014296715674337
72.3723,-0.01257320821885
72.3889833333333,-0.0104519682736352
72.4056666666667,-0.0081981508318445
72.42235,-0.00475113592087049
72.4390333333333,-0.00209958598935202
72.4557166666667,0.000286808949014605
72.4724,0.003070936377109
72.4890833333333,0.00585506380520339
72.5057666666667,0.00824145874357001
72.52245,0.0108930086750885
72.5391333333333,0.013411981110031
72.5558166666667,0.0156657985518217
72.5725,0.016991573517581
72.5891833333333,0.0180521934901884
72.6058666666667,0.0195105459525235
72.62255,0.0208363209182827
72.6392333333333,0.0218969408908901
72.6559166666667,0.0229575608634975
72.6726,0.0234878708498012
72.6892833333333,0.0236204483463771
72.7059666666667,0.0236204483463771
72.72265,0.0236204483463771
72.7393333333333,0.0234878708498012
72.7560166666667,0.0234878708498012
72.7727,0.0226924058703457
72.7893833333333,0.0213666309045864
72.8060666666667,0.0199082784422513
72.82275,0.0179196159936124
72.8394333333333,0.0157983760483977
72.8561166666667,0.0130142486203033
72.8728,0.0111581636682403
72.8894833333333,0.00850661373672186
72.9061666666667,0.00320351387368492
72.92285,0.000551963942166452
72.9395333333333,0.000817118935318299
72.9562166666667,-0.00448598092771864
72.9729,-0.00673979836950934
72.9895833333333,-0.00872846081814819
73.0062666666667,-0.010717123266787
73.02295,-0.01257320821885
73.0396333333333,-0.0140315606811851
73.0563166666667,-0.0153573356469444
73.073,-0.0166831106127036
73.0896833333333,-0.017743730585311
73.1063666666667,-0.0186717730613425
73.12305,-0.019467238040798
73.1397333333333,-0.0199975480271017
73.1564166666667,-0.0205278580134054
73.1731,-0.0209255905031332
73.1897833333333,-0.0210581679997091
73.2064666666667,-0.021190745496285
73.22315,-0.0210581679997091
73.2398333333333,-0.0209255905031332
73.2565166666667,-0.0189369280544943
73.2732,-0.0199975480271017
73.2898833333333,-0.0193346605442221
73.3065666666667,-0.0184066180681906
73.32325,-0.0172134205990073
73.3399333333333,-0.0158876456332481
73.3566166666667,-0.0141641381777611
73.3733,-0.0124406307222741
73.3899833333333,-0.0104519682736352
73.4066666666667,-0.00806557333526857
73.42335,-0.00475113592087049
73.4400333333333,-0.00196700849277609
73.4567166666667,0.000551963942166452
73.4734,0.003070936377109
73.4900833333333,0.00585506380520339
73.5067666666667,0.00824145874357001
73.52345,0.0108930086750885
73.5401333333333,0.013411981110031
73.5568166666667,0.0156657985518217
73.5735,0.016991573517581
73.5901833333333,0.0179196159936124
73.6068666666667,0.0193779684559476
73.62355,0.0207037434217068
73.6402333333333,0.0217643633943142
73.6569166666667,0.0228249833669216
73.6736,0.0234878708498012
73.6902833333333,0.0236204483463771
73.7069666666667,0.0236204483463771
73.72365,0.0236204483463771
73.7403333333333,0.0234878708498012
73.7570166666667,0.0234878708498012
73.7737,0.0225598283737698
73.7903833333333,0.0212340534080105
73.8070666666667,0.0195105459525235
73.82375,0.016991573517581
73.8404333333333,0.0155332210552458
73.8571166666667,0.0132794036134551
73.8738,0.0098323887024811
73.8904833333333,0.00837403624014594
73.9071666666667,0.00572248630862747
73.92385,0.000419386445590528
73.9405333333333,0.000684541438742375
73.9572166666667,-0.00448598092771864
73.9739,-0.00687237586608526
73.9905833333333,-0.00899361581130004
74.0072666666667,-0.010717123266787
74.02395,-0.01257320821885
74.0406333333333,-0.0140315606811851
74.0573166666667,-0.0153573356469444
74.074,-0.0165505331161277
74.0906833333333,-0.017743730585311
74.1073666666667,-0.0185391955647665
74.12405,-0.0193346605442221
74.1407333333333,-0.0199975480271017
74.1574166666667,-0.0203952805168295
74.1741,-0.0207930130065572
74.1907833333333,-0.0209255905031332
74.2074666666667,-0.0210581679997091
74.22415,-0.0209255905031332
74.2408333333333,-0.0192020830476461
74.2575166666667,-0.0188043505579184
74.2742,-0.0198649705305258
74.2908833333333,-0.0192020830476461
74.3075666666667,-0.0182740405716147
74.32425,-0.0153573356469444
74.3409333333333,-0.0157550681366721
74.3576166666667,-0.0141641381777611
74.3743,-0.0121754757291222
74.3909833333333,-0.0104519682736352
74.4076666666667,-0.00806557333526857
74.42435,-0.00461855842429456
74.4410333333333,-0.00196700849277609
74.4577166666667,0.000419386445590528
74.4744,0.003070936377109
74.4910833333333,0.00585506380520339
74.5077666666667,0.00850661373672186
74.52445,0.0108930086750885
74.5411333333333,0.013411981110031
74.5578166666667,0.0156657985518217
74.5745,0.016991573517581
74.5911833333333,0.0179196159936124
74.6078666666667,0.0193779684559476
74.62455,0.0207037434217068
74.6412333333333,0.0217643633943142
74.6579166666667,0.0228249833669216
74.6746,0.0232227158566494
74.6912833333333,0.0234878708498012
74.7079666666667,0.0234878708498012
74.72465,0.0234878708498012
74.7413333333333,0.0233552933532253
74.7580166666667,0.0233552933532253
74.7747,0.0224272508771938
74.7913833333333,0.0211014759114346
74.8080666666667,0.0193779684559476
74.82475,0.0165938410278532
74.8414333333333,0.015268066062094
74.8581166666667,0.0128816711237273
74.8748,0.0103626986887848
74.8914833333333,0.00797630375041817
74.9081666666667,0.0053247538188997
74.92485,0.000286808949014605
74.9415333333333,-0.00236474098250386
74.9582166666667,-0.00461855842429456
74.9749,-0.00687237586608526
74.9915833333333,-0.00912619330787596
75.0082666666667,-0.010717123266787
75.02495,-0.01257320821885
75.0416333333333,-0.0141641381777611
75.0583166666667,-0.0153573356469444
75.075,-0.0165505331161277
75.0916833333333,-0.0176111530887351
75.1083666666667,-0.0184066180681906
75.12505,-0.0192020830476461
75.1417333333333,-0.0198649705305258
75.1584166666667,-0.0202627030202535
75.1751,-0.0206604355099813
75.1917833333333,-0.0207930130065572
75.2084666666667,-0.0209255905031332
75.22515,-0.0207930130065572
75.2418333333333,-0.0205278580134054
75.2585166666667,-0.0201301255236776
75.2752,-0.0195998155373739
75.2918833333333,-0.0188043505579184
75.3085666666667,-0.0178763080818869
75.32525,-0.0149596031572166
75.3419333333333,-0.0153573356469444
75.3586166666667,-0.0137664056880333
75.3753,-0.0117777432393944
75.3919833333333,-0.0099216582873315
75.4086666666667,-0.0076678408455408
75.42535,-0.00435340343114272
75.4420333333333,-0.00156927600304832
75.4587166666667,0.00108227392847015
75.4754,0.00346866886683677
75.4920833333333,0.00612021879835524
75.5087666666667,0.00890434622644963
75.52545,0.0112907411648163
75.5421333333333,0.0136771361031829
75.5588166666667,0.0159309535449736
75.5755,0.0172567285107328
75.5921833333333,0.0180521934901884
75.6088666666667,0.0193779684559476
75.62555,0.0207037434217068
75.6422333333333,0.0216317858977383
75.6589166666667,0.0226924058703457
75.6756,0.0232227158566494
75.6922833333333,0.0233552933532253
75.7089666666667,0.0234878708498012
75.72565,0.0233552933532253
75.7423333333333,0.0233552933532253
75.7590166666667,0.0230901383600734
75.7757,0.0218969408908901
75.7923833333333,0.0207037434217068
75.8090666666667,0.0188476584696439
75.82575,0.016858996021005
75.8424333333333,0.0148703335723662
75.8591166666667,0.0127490936271514
75.8758,0.0100975436956329
75.8924833333333,0.00771114875726632
75.9091666666667,0.00505959882574785
75.92585,0.0025406263908053
75.9425333333333,-0.00262989597565571
75.9592166666667,-0.00488371341744641
75.9759,-0.00713753085923711
75.9925833333333,-0.00925877080445189
76.0092666666667,-0.0111148557565148
76.02595,-0.0127057857154259
76.0426333333333,-0.014296715674337
76.0593166666667,-0.0154899131435203
76.076,-0.0166831106127036
76.0926833333333,-0.017743730585311
76.1093666666667,-0.0185391955647665
76.12605,-0.0193346605442221
76.1427333333333,-0.0198649705305258
76.1594166666667,-0.0202627030202535
76.1761,-0.0205278580134054
76.1927833333333,-0.0207930130065572
76.2094666666667,-0.0207930130065572
76.22615,-0.0206604355099813
76.2428333333333,-0.0203952805168295
76.2595166666667,-0.0199975480271017
76.2762,-0.019467238040798
76.2928833333333,-0.0186717730613425
76.3095666666667,-0.017743730585311
76.32625,-0.0164179556195518
76.3429333333333,-0.0149596031572166
76.3596166666667,-0.0133686731983055
76.3763,-0.0115125882462426
76.3929833333333,-0.00952392579760373
76.4096666666667,-0.00727010835581303
76.42635,-0.00408824843799087
76.4430333333333,-0.00130412100989648
76.4597166666667,0.00148000641819792
76.4764,0.00386640135656454
76.4930833333333,0.00665052878465893
76.5097666666667,0.00943465621275333
76.52645,0.011688473654544
76.5431333333333,0.0142074460894866
76.5598166666667,0.0165938410278532
76.5765,0.0176544610004606
76.5931833333333,0.018582503476492
76.6098666666667,0.0199082784422513
76.62655,0.0212340534080105
76.6432333333333,0.022162095884042
76.6599166666667,0.0230901383600734
76.6766,0.0234878708498012
76.6932833333333,0.0236204483463771
76.7099666666667,0.0234878708498012
76.72665,0.0234878708498012
76.7433333333333,0.0233552933532253
76.7600166666667,0.0230901383600734
76.7767,0.0218969408908901
76.7933833333333,0.020438588428555
76.8100666666667,0.018715080973068
76.82675,0.0163286860347013
76.8434333333333,0.0146051785792143
76.8601166666667,0.0122187836408477
76.8768,0.00969981120590517
76.8934833333333,0.00452928883944416
76.9101666666667,0.00466186633602008
76.92685,-0.000508656030440936
76.9435333333333,-0.00302762846538348
76.9602166666667,-0.00541402340375011
76.9769,-0.00740268585238896
76.9935833333333,-0.00952392579760373
77.0102666666667,-0.0115125882462426
77.02695,-0.0129709407085777
77.0436333333333,-0.0145618706674888
77.0603166666667,-0.0158876456332481
77.077,-0.0169482656058554
77.0936833333333,-0.0180088855784628
77.1103666666667,-0.0188043505579184
77.12705,-0.019467238040798
77.1437333333333,-0.0201301255236776
77.1604166666667,-0.0205278580134054
77.1771,-0.0207930130065572
77.1937833333333,-0.0209255905031332
77.2104666666667,-0.0209255905031332
77.22715,-0.0190695055510702
77.2438333333333,-0.0203952805168295
77.2605166666667,-0.0184066180681906
77.2772,-0.017743730585311
77.2938833333333,-0.0169482656058554
77.3105666666667,-0.0176111530887351
77.32725,-0.0162853781229758
77.3439333333333,-0.0148270256606407
77.3606166666667,-0.0132360957017296
77.3773,-0.0112474332530907
77.3939833333333,-0.00912619330787596
77.4106666666667,-0.00700495336266119
77.42735,-0.00316020596195941
77.4440333333333,-0.00103896601674463
77.4607166666667,0.00174516141134976
77.4774,0.00426413384629231
77.4940833333333,0.00691568377781078
77.5107666666667,0.00969981120590517
77.52745,0.0122187836408477
77.5441333333333,0.0144726010826384
77.5608166666667,0.0164612635312773
77.5775,0.0177870384970365
77.5941833333333,0.0188476584696439
77.6108666666667,0.0203060109319791
77.62755,0.0214992084011624
77.6442333333333,0.0225598283737698
77.6609166666667,0.0232227158566494
77.6776,0.0236204483463771
77.6942833333333,0.0236204483463771
77.7109666666667,0.0236204483463771
77.72765,0.0234878708498012
77.7443333333333,0.0234878708498012
77.7610166666667,0.0230901383600734
77.7777,0.0217643633943142
77.7943833333333,0.0203060109319791
77.8110666666667,0.018582503476492
77.82775,0.0161961085381254
77.8444333333333,0.0143400235860625
77.8611166666667,0.0120862061442718
77.8778,0.00956723370932925
77.8944833333333,0.00439671134286823
77.9111666666667,0.00452928883944416
77.92785,0.00214289390107753
77.9445333333333,-0.00316020596195941
77.9612166666667,-0.00554660090032603
77.9779,-0.00753526334896488
77.9945833333333,-0.00965650329417966
78.0112666666667,-0.0115125882462426
78.02795,-0.0131035182051537
78.0446333333333,-0.0145618706674888
78.0613166666667,-0.016020223129824
78.078,-0.0169482656058554
78.0946833333333,-0.0180088855784628
78.1113666666667,-0.0189369280544943
78.12805,-0.0195998155373739
78.1447333333333,-0.0201301255236776
78.1614166666667,-0.0206604355099813
78.1781,-0.0207930130065572
78.1947833333333,-0.0210581679997091
78.2114666666667,-0.0210581679997091
78.22815,-0.0209255905031332
78.2448333333333,-0.0189369280544943
78.2615166666667,-0.0201301255236776
78.2782,-0.0178763080818869
78.2948833333333,-0.0186717730613425
78.3115666666667,-0.0158876456332481
78.32825,-0.0164179556195518
78.3449333333333,-0.0148270256606407
78.3616166666667,-0.0132360957017296
78.3783,-0.0113800107496667
78.3949833333333,-0.00912619330787596
78.4116666666667,-0.0059443333900538
78.42835,-0.00342536095511125
78.4450333333333,-0.00130412100989648
78.4617166666667,0.00174516141134976
78.4784,0.00426413384629231
78.4950833333333,0.00691568377781078
78.5117666666667,0.00956723370932925
78.52845,0.0122187836408477
78.5451333333333,0.0144726010826384
78.5618166666667,0.0164612635312773
78.5785,0.0176544610004606
78.5951833333333,0.0188476584696439
78.6118666666667,0.0201734334354031
78.62855,0.0214992084011624
78.6452333333333,0.0225598283737698
78.6619166666667,0.0232227158566494
78.6786,0.0236204483463771
78.6952833333333,0.0237530258429531
78.7119666666667,0.0236204483463771
78.72865,0.0236204483463771
78.7453333333333,0.0234878708498012
78.7620166666667,0.0230901383600734
78.7787,0.0218969408908901
78.7953833333333,0.0205711659251309
78.8120666666667,0.0188476584696439
78.82875,0.0167264185244291
78.8454333333333,0.0138097135997588
78.8621166666667,0.0123513611374236
78.8788,0.00969981120590517
78.8954833333333,0.00452928883944416
78.9121666666667,0.00187773890792569
78.92885,0.00214289390107753
78.9455333333333,-0.00316020596195941
78.9622166666667,-0.00554660090032603
78.9789,-0.0076678408455408
78.9955833333333,-0.00965650329417966
79.0122666666667,-0.0116451657428185
79.02895,-0.0132360957017296
79.0456333333333,-0.0146944481640647
79.0623166666667,-0.016020223129824
79.079,-0.0172134205990073
79.0956833333333,-0.0181414630750388
79.1123666666667,-0.0190695055510702
79.12905,-0.0197323930339498
79.1457333333333,-0.0202627030202535
79.1624166666667,-0.0206604355099813
79.1791,-0.0209255905031332
79.1957833333333,-0.0210581679997091
79.2124666666667,-0.0210581679997091
79.22915,-0.0209255905031332
79.2458333333333,-0.0189369280544943
79.2625166666667,-0.0185391955647665
79.2792,-0.019467238040798
79.2958833333333,-0.0185391955647665
79.3125666666667,-0.0174785755921591
79.32925,-0.0162853781229758
79.3459333333333,-0.0146944481640647
79.3626166666667,-0.0131035182051537
79.3793,-0.0112474332530907
79.3959833333333,-0.00899361581130004
79.4126666666667,-0.00581175589347788
79.42935,-0.00448598092771864
79.4460333333333,-0.00103896601674463
79.4627166666667,0.00174516141134976
79.4794,0.00452928883944416
79.4960833333333,0.00691568377781078
79.5127666666667,0.00969981120590517
79.52945,0.0122187836408477
79.5461333333333,0.0146051785792143
79.5628166666667,0.0164612635312773
79.5795,0.0176544610004606
79.5961833333333,0.0188476584696439
79.6128666666667,0.0201734334354031
79.62955,0.0213666309045864
79.6462333333333,0.0224272508771938
79.6629166666667,0.0232227158566494
79.6796,0.0236204483463771
79.6962833333333,0.0236204483463771
79.7129666666667,0.0236204483463771
79.72965,0.0236204483463771
79.7463333333333,0.0234878708498012
79.7630166666667,0.0230901383600734
79.7797,0.0217643633943142
79.7963833333333,0.0203060109319791
79.8130666666667,0.0188476584696439
79.82975,0.0167264185244291
79.8464333333333,0.0142074460894866
79.8631166666667,0.0120862061442718
79.8798,0.00956723370932925
79.8964833333333,0.00691568377781078
79.9131666666667,0.00174516141134976
79.92985,-0.000906388520168707
79.9465333333333,-0.00316020596195941
79.9632166666667,-0.00567917839690195
79.9799,-0.00780041834211673
79.9965833333333,-0.00978908079075558
80.0132666666667,-0.0116451657428185
80.02995,-0.0133686731983055
80.0466333333333,-0.0146944481640647
80.0633166666667,-0.0161528006263999
80.08,-0.0172134205990073
80.0966833333333,-0.0181414630750388
80.1133666666667,-0.0190695055510702
80.13005,-0.0197323930339498
80.1467333333333,-0.0202627030202535
80.1634166666667,-0.0206604355099813
80.1801,-0.0209255905031332
80.1967833333333,-0.0210581679997091
80.2134666666667,-0.0209255905031332
80.23015,-0.0192020830476461
80.2468333333333,-0.0189369280544943
80.2635166666667,-0.0184066180681906
80.2802,-0.0193346605442221
80.2968833333333,-0.0185391955647665
80.3135666666667,-0.0174785755921591
80.33025,-0.0162853781229758
80.3469333333333,-0.0146944481640647
80.3636166666667,-0.0129709407085777
80.3803,-0.0112474332530907
80.3969833333333,-0.00899361581130004
80.4136666666667,-0.00581175589347788
80.43035,-0.00448598092771864
80.4470333333333,-0.000508656030440936
80.4637166666667,0.00187773890792569
80.4804,0.00452928883944416
80.4970833333333,0.00718083877096263
80.5137666666667,0.00969981120590517
80.53045,0.0123513611374236
80.5471333333333,0.0146051785792143
80.5638166666667,0.0164612635312773
80.5805,0.0176544610004606
80.5971833333333,0.0188476584696439
80.6138666666667,0.0201734334354031
80.63055,0.0213666309045864
80.6472333333333,0.0225598283737698
80.6639166666667,0.0232227158566494
80.6806,0.0236204483463771
80.6972833333333,0.0236204483463771
80.7139666666667,0.0236204483463771
80.73065,0.0234878708498012
80.7473333333333,0.0234878708498012
80.7640166666667,0.0229575608634975
80.7807,0.0217643633943142
80.7973833333333,0.0201734334354031
80.8140666666667,0.018582503476492
80.83075,0.0165938410278532
80.8474333333333,0.0140748685929106
80.8641166666667,0.0110255861716644
80.8808,0.00943465621275333
80.8974833333333,0.00691568377781078
80.9141666666667,0.00161258391477384
80.93085,-0.000906388520168707
80.9475333333333,-0.00329278345853533
80.9642166666667,-0.00581175589347788
80.9809,-0.00793299583869265
80.9975833333333,-0.00978908079075558
81.0142666666667,-0.0117777432393944
81.03095,-0.0135012506948814
81.0476333333333,-0.0148270256606407
81.0643166666667,-0.0161528006263999
81.081,-0.0173459980955832
81.0976833333333,-0.0182740405716147
81.1143666666667,-0.0190695055510702
81.13105,-0.0197323930339498
81.1477333333333,-0.0202627030202535
81.1644166666667,-0.0206604355099813
81.1811,-0.0209255905031332
81.1977833333333,-0.0209255905031332
81.2144666666667,-0.0209255905031332
81.23115,-0.0207930130065572
81.2478333333333,-0.0203952805168295
81.2645166666667,-0.0184066180681906
81.2812,-0.0193346605442221
81.2978833333333,-0.0184066180681906
81.3145666666667,-0.0173459980955832
81.33125,-0.0161528006263999
81.3479333333333,-0.0146944481640647
81.3646166666667,-0.0128383632120018
81.3813,-0.0111148557565148
81.3979833333333,-0.00886103831472412
81.4146666666667,-0.00660722087293342
81.43135,-0.00302762846538348
81.4480333333333,-0.000376078533865012
81.4647166666667,0.00187773890792569
81.4814,0.00466186633602008
81.4980833333333,0.00744599376411447
81.5147666666667,0.0098323887024811
81.53145,0.0123513611374236
81.5481333333333,0.0147377560757903
81.5648166666667,0.0165938410278532
81.5815,0.0176544610004606
81.5981833333333,0.0189802359662198
81.6148666666667,0.0203060109319791
81.63155,0.0214992084011624
81.6482333333333,0.0225598283737698
81.6649166666667,0.0232227158566494
81.6816,0.0236204483463771
81.6982833333333,0.0236204483463771
81.7149666666667,0.0236204483463771
81.73165,0.0234878708498012
81.7483333333333,0.0234878708498012
81.7650166666667,0.0229575608634975
81.7817,0.0216317858977383
81.7983833333333,0.0200408559388272
81.8150666666667,0.0177870384970365
81.83175,0.0163286860347013
81.8484333333333,0.0139422910963347
81.8651166666667,0.011688473654544
81.8818,0.0093020787161774
81.8984833333333,0.00678310628123486
81.9151666666667,0.00399897885314046
81.93185,-0.00117154351332055
81.9485333333333,-0.000773811023592783
81.9652166666667,-0.0059443333900538
81.9819,-0.0081981508318445
81.9985833333333,-0.0100542357839074
82.0152666666667,-0.0119103207359704
82.03195,-0.0136338281914574
82.0486333333333,-0.0149596031572166
82.0653166666667,-0.0162853781229758
82.082,-0.0173459980955832
82.0986833333333,-0.0182740405716147
82.1153666666667,-0.0190695055510702
82.13205,-0.0197323930339498
82.1487333333333,-0.0202627030202535
82.1654166666667,-0.0206604355099813
82.1821,-0.0207930130065572
82.1987833333333,-0.0209255905031332
82.2154666666667,-0.0209255905031332
82.23215,-0.0206604355099813
82.2488333333333,-0.0203952805168295
82.2655166666667,-0.0182740405716147
82.2822,-0.0192020830476461
82.2988833333333,-0.0184066180681906
82.3155666666667,-0.0172134205990073
82.33225,-0.0158876456332481
82.3489333333333,-0.0144292931709129
82.3656166666667,-0.0127057857154259
82.3823,-0.010849700763363
82.3989833333333,-0.00872846081814819
82.4156666666667,-0.00634206587978157
82.43235,-0.00302762846538348
82.4490333333333,-0.00156927600304832
82.4657166666667,0.00214289390107753
82.4824,0.00466186633602008
82.4990833333333,0.0075785712606904
82.5157666666667,0.0098323887024811
82.53245,0.0124839386339996
82.5491333333333,0.0148703335723662
82.5658166666667,0.0165938410278532
82.5825,0.0176544610004606
82.5991833333333,0.0188476584696439
82.6158666666667,0.0203060109319791
82.63255,0.0213666309045864
82.6492333333333,0.0225598283737698
82.6659166666667,0.0232227158566494
82.6826,0.0236204483463771
82.6992833333333,0.0236204483463771
82.7159666666667,0.0236204483463771
82.73265,0.0234878708498012
82.7493333333333,0.0234878708498012
82.7660166666667,0.0228249833669216
82.7827,0.0216317858977383
82.7993833333333,0.0200408559388272
82.8160666666667,0.0177870384970365
82.83275,0.0163286860347013
82.8494333333333,0.0139422910963347
82.8661166666667,0.0112907411648163
82.8828,0.00903692372302555
82.8994833333333,0.00651795128808301
82.9161666666667,0.00399897885314046
82.93285,-0.0014366985064724
82.9495333333333,-0.00103896601674463
82.9662166666667,-0.00607691088662972
82.9829,-0.0081981508318445
82.9995833333333,-0.0101868132804834
83.0162666666667,-0.0119103207359704
83.03295,-0.0137664056880333
83.0496333333333,-0.0150921806537925
83.0663166666667,-0.0162853781229758
83.083,-0.0174785755921591
83.0996833333333,-0.0184066180681906
83.1163666666667,-0.0192020830476461
83.13305,-0.0198649705305258
83.1497333333333,-0.0203952805168295
83.1664166666667,-0.0206604355099813
83.1831,-0.0209255905031332
83.1997833333333,-0.0210581679997091
83.2164666666667,-0.0209255905031332
83.23315,-0.0192020830476461
83.2498333333333,-0.0203952805168295
83.2665166666667,-0.0182740405716147
83.2832,-0.0192020830476461
83.2998833333333,-0.0182740405716147
83.3165666666667,-0.0172134205990073
83.33325,-0.0157550681366721
83.3499333333333,-0.0144292931709129
83.3666166666667,-0.01257320821885
83.3833,-0.0105845457702111
83.3999833333333,-0.00727010835581303
83.4166666666667,-0.0059443333900538
83.43335,-0.00262989597565571
83.4500333333333,2.1653955862758e-05
83.4667166666667,0.00240804889422938
83.4834,0.00505959882574785
83.5000833333333,0.00784372625384224
83.5167666666667,0.0103626986887848
83.53345,0.0127490936271514
83.5501333333333,0.015135488565518
83.5668166666667,0.0167264185244291
83.5835,0.0177870384970365
83.6001833333333,0.0191128134627957
83.6168666666667,0.0205711659251309
83.63355,0.0216317858977383
83.6502333333333,0.0226924058703457
83.6669166666667,0.0233552933532253
83.6836,0.0236204483463771
83.7002833333333,0.0236204483463771
83.7169666666667,0.0236204483463771
83.73365,0.0234878708498012
83.7503333333333,0.0234878708498012
83.7670166666667,0.0226924058703457
83.7837,0.0214992084011624
83.8003833333333,0.0199082784422513
83.8170666666667,0.0179196159936124
83.83375,0.0160635310415495
83.8504333333333,0.0136771361031829
83.8671166666667,0.0111581636682403
83.8838,0.00877176872987371
83.9004833333333,0.00625279629493116
83.9171666666667,0.00373382385998862
83.93385,-0.00170185349962425
83.9505333333333,-0.00408824843799087
83.9672166666667,-0.00620948838320565
83.9839,-0.00846330582499634
84.0005833333333,-0.0105845457702111
84.0172666666667,-0.0123080532256981
84.03395,-0.0138989831846092
84.0506333333333,-0.0153573356469444
84.0673166666667,-0.0165505331161277
84.084,-0.0176111530887351
84.1006833333333,-0.0186717730613425
84.1173666666667,-0.0193346605442221
84.13405,-0.0199975480271017
84.1507333333333,-0.0203952805168295
84.1674166666667,-0.0207930130065572
84.1841,-0.0209255905031332
84.2007833333333,-0.0210581679997091
84.2174666666667,-0.0209255905031332
84.23415,-0.0192020830476461
84.2508333333333,-0.0188043505579184
84.2675166666667,-0.0182740405716147
84.2842,-0.0174785755921591
84.3008833333333,-0.0182740405716147
84.3175666666667,-0.0153573356469444
84.33425,-0.0156224906400962
84.3509333333333,-0.0141641381777611
84.3676166666667,-0.0124406307222741
84.3843,-0.0104519682736352
84.4009833333333,-0.00846330582499634
84.4176666666667,-0.0059443333900538
84.43435,-0.00262989597565571
84.4510333333333,0.000154231452438681
84.4677166666667,0.00293835888053308
84.4844,0.0053247538188997
84.5010833333333,0.00797630375041817
84.5177666666667,0.0106278536819366
84.53445,0.0130142486203033
84.5511333333333,0.0154006435586699
84.5678166666667,0.016858996021005
84.5845,0.0179196159936124
84.6011833333333,0.0191128134627957
84.6178666666667,0.0205711659251309
84.63455,0.0216317858977383
84.6512333333333,0.0226924058703457
84.6679166666667,0.0233552933532253
84.6846,0.0236204483463771
84.7012833333333,0.0236204483463771
84.7179666666667,0.0236204483463771
84.73465,0.0234878708498012
84.7513333333333,0.0234878708498012
84.7680166666667,0.0225598283737698
84.7847,0.0212340534080105
84.8013833333333,0.0197757009456754
84.8180666666667,0.0177870384970365
84.83475,0.0150029110689421
84.8514333333333,0.013544558606607
84.8681166666667,0.0110255861716644
84.8848,0.00837403624014594
84.9014833333333,0.00598764130177932
84.9181666666667,0.00333609137026085
84.93485,-0.00170185349962425
84.9515333333333,-0.00435340343114272
84.9682166666667,-0.00647464337635749
84.9849,-0.00859588332157227
85.0015833333333,-0.010717123266787
85.0182666666667,-0.0123080532256981
85.03495,-0.0140315606811851
85.0516333333333,-0.0154899131435203
85.0683166666667,-0.0166831106127036
85.085,-0.017743730585311
85.1016833333333,-0.0186717730613425
85.1183666666667,-0.019467238040798
85.13505,-0.0201301255236776
85.1517333333333,-0.0206604355099813
85.1684166666667,-0.0209255905031332
85.1851,-0.0210581679997091
85.2017833333333,-0.021190745496285
85.2184666666667,-0.0210581679997091
85.23515,-0.0209255905031332
85.2518333333333,-0.0205278580134054
85.2685166666667,-0.0199975480271017
85.2852,-0.0176111530887351
85.3018833333333,-0.0182740405716147
85.3185666666667,-0.0170808431024314
85.33525,-0.0157550681366721
85.3519333333333,-0.0141641381777611
85.3686166666667,-0.0124406307222741
85.3853,-0.0103193907770593
85.4019833333333,-0.00846330582499634
85.4186666666667,-0.00607691088662972
85.43535,-0.00262989597565571
85.4520333333333,2.1653955862758e-05
85.4687166666667,0.00293835888053308
85.4854,0.0053247538188997
85.5020833333333,0.00797630375041817
85.5187666666667,0.0106278536819366
85.53545,0.0130142486203033
85.5521333333333,0.0154006435586699
85.5688166666667,0.016858996021005
85.5855,0.0179196159936124
85.6021833333333,0.0192453909593717
85.6188666666667,0.0207037434217068
85.63555,0.0218969408908901
85.6522333333333,0.0229575608634975
85.6689166666667,0.0236204483463771
85.6856,0.0236204483463771
85.7022833333333,0.0236204483463771
85.7189666666667,0.0236204483463771
85.73565,0.0234878708498012
85.7523333333333,0.0234878708498012
85.7690166666667,0.0225598283737698
85.7857,0.0213666309045864
85.8023833333333,0.0199082784422513
85.8190666666667,0.0179196159936124
85.83575,0.015135488565518
85.8524333333333,0.013411981110031
85.8691166666667,0.0110255861716644
85.8858,0.00850661373672186
85.9024833333333,0.00598764130177932
85.9191666666667,0.00346866886683677
85.93585,-0.00183443099620017
85.9525333333333,-0.00435340343114272
85.9692166666667,-0.00660722087293342
85.9859,-0.00872846081814819
86.0025833333333,-0.010717123266787
86.0192666666667,-0.01257320821885
86.03595,-0.0140315606811851
86.0526333333333,-0.0154899131435203
86.0693166666667,-0.0168156881092795
86.086,-0.017743730585311
86.1026833333333,-0.0188043505579184
86.1193666666667,-0.0195998155373739
86.13605,-0.0202627030202535
86.1527333333333,-0.0206604355099813
86.1694166666667,-0.0210581679997091
86.1861,-0.021190745496285
86.2027833333333,-0.0213233229928609
86.2194666666667,-0.021190745496285
86.23615,-0.019467238040798
86.2528333333333,-0.0206604355099813
86.2695166666667,-0.0201301255236776
86.2862,-0.017743730585311
86.3028833333333,-0.0182740405716147
86.3195666666667,-0.0172134205990073
86.33625,-0.0157550681366721
86.3529333333333,-0.0141641381777611
86.3696166666667,-0.0124406307222741
86.3863,-0.0103193907770593
86.4029833333333,-0.00833072832842042
86.4196666666667,-0.00607691088662972
86.43635,-0.00223216348592794
86.4530333333333,2.1653955862758e-05
86.4697166666667,0.0025406263908053
86.4864,0.00505959882574785
86.5030833333333,0.00784372625384224
86.5197666666667,0.0104952761853607
86.53645,0.0128816711237273
86.5531333333333,0.015268066062094
86.5698166666667,0.0167264185244291
86.5865,0.0179196159936124
86.6031833333333,0.0192453909593717
86.6198666666667,0.0207037434217068
86.63655,0.0218969408908901
86.6532333333333,0.0229575608634975
86.6699166666667,0.0236204483463771
86.6866,0.0236204483463771
86.7032833333333,0.0236204483463771
86.7199666666667,0.0236204483463771
86.73665,0.0234878708498012
86.7533333333333,0.0236204483463771
86.7700166666667,0.0226924058703457
86.7867,0.0213666309045864
86.8033833333333,0.0200408559388272
86.8200666666667,0.0180521934901884
86.83675,0.0156657985518217
86.8534333333333,0.0127490936271514
86.8701166666667,0.0111581636682403
86.8868,0.00850661373672186
86.9034833333333,0.00333609137026085
86.9201666666667,0.00346866886683677
86.93685,-0.00170185349962425
86.9535333333333,-0.00435340343114272
86.9702166666667,-0.00660722087293342
86.9869,-0.00859588332157227
87.0035833333333,-0.010717123266787
87.0202666666667,-0.01257320821885
87.03695,-0.0140315606811851
87.0536333333333,-0.0154899131435203
87.0703166666667,-0.0168156881092795
87.087,-0.017743730585311
87.1036833333333,-0.0186717730613425
87.1203666666667,-0.0195998155373739
87.13705,-0.0201301255236776
87.1537333333333,-0.0206604355099813
87.1704166666667,-0.0210581679997091
87.1871,-0.021190745496285
87.2037833333333,-0.0213233229928609
87.2204666666667,-0.021190745496285
87.23715,-0.019467238040798
87.2538333333333,-0.0190695055510702
87.2705166666667,-0.0184066180681906
87.2872,-0.0193346605442221
87.3038833333333,-0.0182740405716147
87.3205666666667,-0.0172134205990073
87.33725,-0.0140315606811851
87.3539333333333,-0.0140315606811851
87.3706166666667,-0.0124406307222741
87.3873,-0.0104519682736352
87.4039833333333,-0.00806557333526857
87.4206666666667,-0.00475113592087049
87.43735,-0.00223216348592794
87.4540333333333,-0.000110923540713166
87.4707166666667,0.00267320388738123
87.4874,0.00545733131547562
87.5040833333333,0.00771114875726632
87.5207666666667,0.0104952761853607
87.53745,0.0131468261168792
87.5541333333333,0.015135488565518
87.5708166666667,0.016858996021005
87.5875,0.0177870384970365
87.6041833333333,0.0192453909593717
87.6208666666667,0.0207037434217068
87.63755,0.0218969408908901
87.6542333333333,0.0229575608634975
87.6709166666667,0.0236204483463771
87.6876,0.0237530258429531
87.7042833333333,0.0237530258429531
87.7209666666667,0.0236204483463771
87.73765,0.0234878708498012
87.7543333333333,0.0234878708498012
87.7710166666667,0.0226924058703457
87.7877,0.0213666309045864
87.8043833333333,0.0195105459525235
87.8210666666667,0.0180521934901884
87.83775,0.0156657985518217
87.8544333333333,0.0128816711237273
87.8711166666667,0.00996496619905702
87.8878,0.00837403624014594
87.9044833333333,0.00320351387368492
87.9211666666667,0.00333609137026085
87.93785,0.000684541438742375
87.9545333333333,-0.00435340343114272
87.9712166666667,-0.00673979836950934
87.9879,-0.00886103831472412
88.0045833333333,-0.010717123266787
88.0212666666667,-0.01257320821885
88.03795,-0.0141641381777611
88.0546333333333,-0.0154899131435203
88.0713166666667,-0.0168156881092795
88.088,-0.0178763080818869
88.1046833333333,-0.0186717730613425
88.1213666666667,-0.019467238040798
88.13805,-0.0201301255236776
88.1547333333333,-0.0206604355099813
88.1714166666667,-0.0210581679997091
88.1881,-0.021190745496285
88.2047833333333,-0.0213233229928609
88.2214666666667,-0.0195998155373739
88.23815,-0.0209255905031332
88.2548333333333,-0.0189369280544943
88.2715166666667,-0.0184066180681906
88.2882,-0.0192020830476461
88.3048833333333,-0.0165505331161277
88.3215666666667,-0.0169482656058554
88.33825,-0.0156224906400962
88.3549333333333,-0.0138989831846092
88.3716166666667,-0.0121754757291222
88.3883,-0.0103193907770593
88.4049833333333,-0.00793299583869265
88.4216666666667,-0.00475113592087049
88.43835,-0.00209958598935202
88.4550333333333,-0.000508656030440936
88.4717166666667,0.00280578138395715
88.4884,0.00558990881205154
88.5050833333333,0.00797630375041817
88.5217666666667,0.0104952761853607
88.53845,0.0131468261168792
88.5551333333333,0.015268066062094
88.5718166666667,0.016858996021005
88.5885,0.0177870384970365
88.6051833333333,0.0192453909593717
88.6218666666667,0.0207037434217068
88.63855,0.0218969408908901
88.6552333333333,0.0229575608634975
88.6719166666667,0.0234878708498012
88.6886,0.0237530258429531
88.7052833333333,0.0237530258429531
88.7219666666667,0.0236204483463771
88.73865,0.0234878708498012
88.7553333333333,0.0234878708498012
88.7720166666667,0.0224272508771938
88.7887,0.0212340534080105
88.8053833333333,0.0195105459525235
88.8220666666667,0.0171241510141569
88.83875,0.0156657985518217
88.8554333333333,0.0131468261168792
88.8721166666667,0.00996496619905702
88.8888,0.00824145874357001
88.9054833333333,0.00572248630862747
88.9221666666667,0.000551963942166452
88.93885,-0.00196700849277609
88.9555333333333,-0.00435340343114272
88.9722166666667,-0.00673979836950934
88.9889,-0.00886103831472412
89.0055833333333,-0.0105845457702111
89.0222666666667,-0.0124406307222741
89.03895,-0.0141641381777611
89.0556333333333,-0.0153573356469444
89.0723166666667,-0.0166831106127036
89.089,-0.017743730585311
89.1056833333333,-0.0186717730613425
89.1223666666667,-0.019467238040798
89.13905,-0.0201301255236776
89.1557333333333,-0.0205278580134054
89.1724166666667,-0.0209255905031332
89.1891,-0.0210581679997091
89.2057833333333,-0.021190745496285
89.2224666666667,-0.0210581679997091
89.23915,-0.0192020830476461
89.2558333333333,-0.0188043505579184
89.2725166666667,-0.0182740405716147
89.2892,-0.0190695055510702
89.3058833333333,-0.0164179556195518
89.3225666666667,-0.0150921806537925
89.33925,-0.0154899131435203
89.3559333333333,-0.0138989831846092
89.3726166666667,-0.0119103207359704
89.3893,-0.0101868132804834
89.4059833333333,-0.00793299583869265
89.4226666666667,-0.00501629091402233
89.43935,-0.00209958598935202
89.4560333333333,-0.00064123352701686
89.4727166666667,0.00293835888053308
89.4894,0.00558990881205154
89.5060833333333,0.00837403624014594
89.5227666666667,0.0106278536819366
89.53945,0.0131468261168792
89.5561333333333,0.0155332210552458
89.5728166666667,0.016991573517581
89.5895,0.0177870384970365
89.6061833333333,0.0192453909593717
89.6228666666667,0.0208363209182827
89.63955,0.0218969408908901
89.6562333333333,0.0229575608634975
89.6729166666667,0.0236204483463771
89.6896,0.0237530258429531
89.7062833333333,0.0237530258429531
89.7229666666667,0.0236204483463771
89.73965,0.0234878708498012
89.7563333333333,0.0234878708498012
89.7730166666667,0.0224272508771938
89.7897,0.0212340534080105
89.8063833333333,0.0195105459525235
89.8230666666667,0.0171241510141569
89.83975,0.0155332210552458
89.8564333333333,0.0130142486203033
89.8731166666667,0.0104952761853607
89.8898,0.00810888124699409
89.9064833333333,0.00558990881205154
89.9231666666667,0.00293835888053308
89.93985,-0.00223216348592794
89.9565333333333,-0.00461855842429456
89.9732166666667,-0.00673979836950934
89.9899,-0.00899361581130004
90.0065833333333,-0.010849700763363
90.0232666666667,-0.0124406307222741
90.03995,-0.014296715674337
90.0566333333333,-0.0156224906400962
90.0733166666667,-0.0166831106127036
90.09,-0.0178763080818869
90.1066833333333,-0.0188043505579184
90.1233666666667,-0.019467238040798
90.14005,-0.0201301255236776
90.1567333333333,-0.0206604355099813
90.1734166666667,-0.0209255905031332
90.1901,-0.0210581679997091
90.2067833333333,-0.0210581679997091
90.2234666666667,-0.0210581679997091
90.24015,-0.0192020830476461
90.2568333333333,-0.0203952805168295
90.2735166666667,-0.0197323930339498
90.2902,-0.0189369280544943
90.3068833333333,-0.0180088855784628
90.3235666666667,-0.0166831106127036
90.34025,-0.0152247581503684
90.3569333333333,-0.0136338281914574
90.3736166666667,-0.0117777432393944
90.3903,-0.00978908079075558
90.4069833333333,-0.0076678408455408
90.4236666666667,-0.00514886841059826
90.44035,-0.00170185349962425
90.4570333333333,0.000949696431894222
90.4737166666667,0.00360124636341269
90.4904,0.00598764130177932
90.5070833333333,0.00863919123329778
90.5237666666667,0.0111581636682403
90.54045,0.013411981110031
90.5571333333333,0.0160635310415495
90.5738166666667,0.0171241510141569
90.5905,0.0180521934901884
90.6071833333333,0.0195105459525235
90.6238666666667,0.0209688984148587
90.64055,0.0220295183874661
90.6572333333333,0.0230901383600734
90.6739166666667,0.0236204483463771
90.6906,0.0237530258429531
90.7072833333333,0.0237530258429531
90.7239666666667,0.0236204483463771
90.74065,0.0234878708498012
90.7573333333333,0.0233552933532253
90.7740166666667,0.0222946733806179
90.7907,0.0211014759114346
90.8073833333333,0.0193779684559476
90.8240666666667,0.0172567285107328
90.84075,0.0143400235860625
90.8574333333333,0.0128816711237273
90.8741166666667,0.0102301211922089
90.8908,0.00519217632232377
90.9074833333333,0.00240804889422938
90.9241666666667,0.0025406263908053
90.94085,-0.00249731847907979
90.9575333333333,-0.00488371341744641
90.9742166666667,-0.00700495336266119
90.9909,-0.00912619330787596
91.0075833333333,-0.0112474332530907
91.0242666666667,-0.0127057857154259
91.04095,-0.0144292931709129
91.0576333333333,-0.0157550681366721
91.0743166666667,-0.0169482656058554
91.091,-0.0180088855784628
91.1076833333333,-0.0189369280544943
91.1243666666667,-0.0197323930339498
91.14105,-0.0202627030202535
91.1577333333333,-0.0207930130065572
91.1744166666667,-0.0210581679997091
91.1911,-0.021190745496285
91.2077833333333,-0.021190745496285
91.2244666666667,-0.0210581679997091
91.24115,-0.0192020830476461
91.2578333333333,-0.0188043505579184
91.2745166666667,-0.0197323930339498
91.2912,-0.0189369280544943
91.3078833333333,-0.0178763080818869
91.3245666666667,-0.0166831106127036
91.34125,-0.0152247581503684
91.3579333333333,-0.0136338281914574
91.3746166666667,-0.0117777432393944
91.3913,-0.00952392579760373
91.4079833333333,-0.00634206587978157
91.4246666666667,-0.00382309344483902
91.44135,-0.00183443099620017
91.4580333333333,0.00108227392847015
91.4747166666667,0.00386640135656454
91.4914,0.00612021879835524
91.5080833333333,0.00877176872987371
91.5247666666667,0.0115558961579681
91.54145,0.0136771361031829
91.5581333333333,0.0161961085381254
91.5748166666667,0.0172567285107328
91.5915,0.0181847709867643
91.6081833333333,0.0197757009456754
91.6248666666667,0.0212340534080105
91.64155,0.0222946733806179
91.6582333333333,0.0232227158566494
91.6749166666667,0.0237530258429531
91.6916,0.0237530258429531
91.7082833333333,0.0237530258429531
91.7249666666667,0.0236204483463771
91.74165,0.0234878708498012
91.7583333333333,0.0233552933532253
91.7750166666667,0.022162095884042
91.7917,0.0209688984148587
91.8083833333333,0.0192453909593717
91.8250666666667,0.0171241510141569
91.84175,0.0142074460894866
91.8584333333333,0.0127490936271514
91.8751166666667,0.0100975436956329
91.8918,0.00771114875726632
91.9084833333333,0.00505959882574785
91.9251666666667,0.0025406263908053
91.94185,-0.00262989597565571
91.9585333333333,-0.00514886841059826
91.9752166666667,-0.00727010835581303
91.9919,-0.00925877080445189
92.0085833333333,-0.0112474332530907
92.0252666666667,-0.0129709407085777
92.04195,-0.0144292931709129
92.0586333333333,-0.0158876456332481
92.0753166666667,-0.0170808431024314
92.092,-0.0180088855784628
92.1086833333333,-0.0189369280544943
92.1253666666667,-0.0197323930339498
92.14205,-0.0202627030202535
92.1587333333333,-0.0207930130065572
92.1754166666667,-0.0210581679997091
92.1921,-0.021190745496285
92.2087833333333,-0.021190745496285
92.2254666666667,-0.0210581679997091
92.24215,-0.0207930130065572
92.2588333333333,-0.0188043505579184
92.2755166666667,-0.0198649705305258
92.2922,-0.0189369280544943
92.3088833333333,-0.0180088855784628
92.3255666666667,-0.0166831106127036
92.34225,-0.0135012506948814
92.3589333333333,-0.0136338281914574
92.3756166666667,-0.0119103207359704
92.3923,-0.00952392579760373
92.4089833333333,-0.00647464337635749
92.4256666666667,-0.00528144590717418
92.44235,-0.00249731847907979
92.4590333333333,0.000949696431894222
92.4757166666667,0.00373382385998862
92.4924,0.00612021879835524
92.5090833333333,0.00877176872987371
92.5257666666667,0.0115558961579681
92.54245,0.0138097135997588
92.5591333333333,0.0161961085381254
92.5758166666667,0.0172567285107328
92.5925,0.0183173484833402
92.6091833333333,0.0197757009456754
92.6258666666667,0.0212340534080105
92.64255,0.0224272508771938
92.6592333333333,0.0232227158566494
92.6759166666667,0.0237530258429531
92.6926,0.0237530258429531
92.7092833333333,0.0237530258429531
92.7259666666667,0.0236204483463771
92.74265,0.0234878708498012
92.7593333333333,0.0233552933532253
92.7760166666667,0.0222946733806179
92.7927,0.0209688984148587
92.8093833333333,0.018582503476492
92.8260666666667,0.0173893060073087
92.84275,0.0147377560757903
92.8594333333333,0.0118210511511199
92.8761166666667,0.0103626986887848
92.8928,0.0075785712606904
92.9094833333333,0.00240804889422938
92.9261666666667,0.0025406263908053
92.94285,-0.00249731847907979
92.9595333333333,-0.00501629091402233
92.9762166666667,-0.00740268585238896
92.9929,-0.00925877080445189
93.0095833333333,-0.0112474332530907
93.0262666666667,-0.0131035182051537
93.04295,-0.0144292931709129
93.0596333333333,-0.0158876456332481
93.0763166666667,-0.0170808431024314
93.093,-0.0180088855784628
93.1096833333333,-0.0189369280544943
93.1263666666667,-0.0195998155373739
93.14305,-0.0201301255236776
93.1597333333333,-0.0206604355099813
93.1764166666667,-0.0209255905031332
93.1931,-0.0210581679997091
93.2097833333333,-0.0210581679997091
93.2264666666667,-0.0209255905031332
93.24315,-0.0206604355099813
93.2598333333333,-0.0185391955647665
93.2765166666667,-0.0195998155373739
93.2932,-0.0170808431024314
93.3098833333333,-0.016020223129824
93.3265666666667,-0.0164179556195518
93.34325,-0.0149596031572166
93.3599333333333,-0.0113800107496667
93.3766166666667,-0.0115125882462426
93.3933,-0.00939134830102781
93.4099833333333,-0.00647464337635749
93.4266666666667,-0.00355793845168718
93.44335,-0.000906388520168707
93.4600333333333,0.00108227392847015
93.4767166666667,0.00399897885314046
93.4934,0.00678310628123486
93.5100833333333,0.00903692372302555
93.5267666666667,0.011688473654544
93.54345,0.0140748685929106
93.5601333333333,0.0163286860347013
93.5768166666667,0.0172567285107328
93.5935,0.0183173484833402
93.6101833333333,0.0199082784422513
93.6268666666667,0.0211014759114346
93.64355,0.0222946733806179
93.6602333333333,0.0232227158566494
93.6769166666667,0.0236204483463771
93.6936,0.0237530258429531
93.7102833333333,0.0236204483463771
93.7269666666667,0.0236204483463771
93.74365,0.0236204483463771
93.7603333333333,0.0232227158566494
93.7770166666667,0.0220295183874661
93.7937,0.0207037434217068
93.8103833333333,0.0189802359662198
93.8270666666667,0.0171241510141569
93.84375,0.0146051785792143
93.8604333333333,0.0123513611374236
93.8771166666667,0.00996496619905702
93.8938,0.00744599376411447
93.9104833333333,0.00214289390107753
93.9271666666667,-0.000508656030440936
93.94385,-0.00289505096880756
93.9605333333333,-0.00514886841059826
93.9772166666667,-0.00753526334896488
93.9939,-0.00952392579760373
94.0105833333333,-0.0112474332530907
94.0272666666667,-0.0131035182051537
94.04395,-0.0145618706674888
94.0606333333333,-0.0157550681366721
94.0773166666667,-0.0169482656058554
94.094,-0.0178763080818869
94.1106833333333,-0.0186717730613425
94.1273666666667,-0.019467238040798
94.14405,-0.0199975480271017
94.1607333333333,-0.0203952805168295
94.1774166666667,-0.0207930130065572
94.1941,-0.0209255905031332
94.2107833333333,-0.0209255905031332
94.2274666666667,-0.0207930130065572
94.24415,-0.0205278580134054
94.2608333333333,-0.0184066180681906
94.2775166666667,-0.0193346605442221
94.2942,-0.0185391955647665
94.3108833333333,-0.0157550681366721
94.3275666666667,-0.0162853781229758
94.34425,-0.0148270256606407
94.3609333333333,-0.0129709407085777
94.3776166666667,-0.0112474332530907
94.3943,-0.00912619330787596
94.4109833333333,-0.00673979836950934
94.4276666666667,-0.00342536095511125
94.44435,-0.00064123352701686
94.4610333333333,0.00108227392847015
94.4777166666667,0.00413155634971639
94.4944,0.00691568377781078
94.5110833333333,0.00916950121960148
94.5277666666667,0.0118210511511199
94.54445,0.0143400235860625
94.5611333333333,0.0163286860347013
94.5778166666667,0.0173893060073087
94.5945,0.018582503476492
94.6111833333333,0.0200408559388272
94.6278666666667,0.0212340534080105
94.64455,0.0224272508771938
94.6612333333333,0.0232227158566494
94.6779166666667,0.0237530258429531
94.6946,0.0237530258429531
94.7112833333333,0.0236204483463771
94.7279666666667,0.0236204483463771
94.74465,0.0236204483463771
94.7613333333333,0.0230901383600734
94.7780166666667,0.0218969408908901
94.7947,0.020438588428555
94.8113833333333,0.018582503476492
94.8280666666667,0.0167264185244291
94.84475,0.0144726010826384
94.8614333333333,0.0120862061442718
94.8781166666667,0.00969981120590517
94.8948,0.0070482612743867
94.9114833333333,0.00452928883944416
94.9281666666667,-0.000906388520168707
94.94485,-0.000508656030440936
94.9615333333333,-0.00554660090032603
94.9782166666667,-0.00780041834211673
94.9949,-0.00978908079075558
95.0115833333333,-0.0115125882462426
95.0282666666667,-0.0132360957017296
95.04495,-0.0146944481640647
95.0616333333333,-0.0158876456332481
95.0783166666667,-0.0170808431024314
95.095,-0.0181414630750388
95.1116833333333,-0.0189369280544943
95.1283666666667,-0.0195998155373739
95.14505,-0.0201301255236776
95.1617333333333,-0.0205278580134054
95.1784166666667,-0.0207930130065572
95.1951,-0.0209255905031332
95.2117833333333,-0.0209255905031332
95.2284666666667,-0.0207930130065572
95.24515,-0.0189369280544943
95.2618333333333,-0.0199975480271017
95.2785166666667,-0.0193346605442221
95.2952,-0.0185391955647665
95.3118833333333,-0.0174785755921591
95.3285666666667,-0.014296715674337
95.34525,-0.0146944481640647
95.3619333333333,-0.0128383632120018
95.3786166666667,-0.010849700763363
95.3953,-0.00899361581130004
95.4119833333333,-0.00660722087293342
95.4286666666667,-0.00329278345853533
95.44535,-0.000508656030440936
95.4620333333333,0.000949696431894222
95.4787166666667,0.00439671134286823
95.4954,0.0070482612743867
95.5120833333333,0.00956723370932925
95.5287666666667,0.0119536286476959
95.54545,0.0144726010826384
95.5621333333333,0.0164612635312773
95.5788166666667,0.0175218835038847
95.5955,0.018582503476492
95.6121833333333,0.0201734334354031
95.6288666666667,0.0213666309045864
95.64555,0.0224272508771938
95.6622333333333,0.0232227158566494
95.6789166666667,0.0237530258429531
95.6956,0.0237530258429531
95.7122833333333,0.0236204483463771
95.7289666666667,0.0236204483463771
95.74565,0.0236204483463771
95.7623333333333,0.0230901383600734
95.7790166666667,0.0217643633943142
95.7957,0.020438588428555
95.8123833333333,0.018582503476492
95.8290666666667,0.0160635310415495
95.84575,0.0143400235860625
95.8624333333333,0.0118210511511199
95.8791166666667,0.00916950121960148
95.8958,0.00691568377781078
95.9124833333333,0.00426413384629231
95.9291666666667,-0.00103896601674463
95.94585,-0.00355793845168718
95.9625333333333,-0.00581175589347788
95.9792166666667,-0.00793299583869265
95.9959,-0.0100542357839074
96.0125833333333,-0.0117777432393944
96.0292666666667,-0.0133686731983055
96.04595,-0.0149596031572166
96.0626333333333,-0.0161528006263999
96.0793166666667,-0.0172134205990073
96.096,-0.0182740405716147
96.1126833333333,-0.0190695055510702
96.1293666666667,-0.0197323930339498
96.14605,-0.0203952805168295
96.1627333333333,-0.0206604355099813
96.1794166666667,-0.0209255905031332
96.1961,-0.0210581679997091
96.2127833333333,-0.0210581679997091
96.2294666666667,-0.0193346605442221
96.24615,-0.0190695055510702
96.2628333333333,-0.0201301255236776
96.2795166666667,-0.0193346605442221
96.2962,-0.0185391955647665
96.3128833333333,-0.0174785755921591
96.3295666666667,-0.016020223129824
96.34625,-0.0145618706674888
96.3629333333333,-0.0128383632120018
96.3796166666667,-0.010717123266787
96.3963,-0.00753526334896488
96.4129833333333,-0.00660722087293342
96.4296666666667,-0.00382309344483902
96.44635,-0.000508656030440936
96.4630333333333,0.00227547139765346
96.4797166666667,0.00466186633602008
96.4964,0.00718083877096263
96.5130833333333,0.00996496619905702
96.5297666666667,0.0120862061442718
96.54645,0.0146051785792143
96.5631333333333,0.0164612635312773
96.5798166666667,0.0176544610004606
96.5965,0.0188476584696439
96.6131833333333,0.0203060109319791
96.6298666666667,0.0216317858977383
96.64655,0.0228249833669216
96.6632333333333,0.0234878708498012
96.6799166666667,0.0237530258429531
96.6966,0.0237530258429531
96.7132833333333,0.0237530258429531
96.7299666666667,0.0236204483463771
96.74665,0.0236204483463771
96.7633333333333,0.0230901383600734
96.7800166666667,0.0217643633943142
96.7967,0.020438588428555
96.8133833333333,0.018582503476492
96.8300666666667,0.0163286860347013
96.84675,0.013411981110031
96.8634333333333,0.0118210511511199
96.8801166666667,0.00916950121960148
96.8968,0.00665052878465893
96.9134833333333,0.00426413384629231
96.9301666666667,0.00161258391477384
96.94685,-0.00355793845168718
96.9635333333333,-0.0059443333900538
96.9802166666667,-0.00793299583869265
96.9969,-0.0100542357839074
97.0135833333333,-0.0119103207359704
97.0302666666667,-0.0135012506948814
97.04695,-0.0150921806537925
97.0636333333333,-0.0162853781229758
97.0803166666667,-0.0173459980955832
97.097,-0.0184066180681906
97.1136833333333,-0.0192020830476461
97.1303666666667,-0.0199975480271017
97.14705,-0.0205278580134054
97.1637333333333,-0.0209255905031332
97.1804166666667,-0.021190745496285
97.1971,-0.021190745496285
97.2137833333333,-0.021190745496285
97.2304666666667,-0.0210581679997091
97.24715,-0.0192020830476461
97.2638333333333,-0.0202627030202535
97.2805166666667,-0.0180088855784628
97.2972,-0.0185391955647665
97.3138833333333,-0.0174785755921591
97.3305666666667,-0.0144292931709129
97.34725,-0.0127057857154259
97.3639333333333,-0.0128383632120018
97.3806166666667,-0.010849700763363
97.3973,-0.00859588332157227
97.4139833333333,-0.00528144590717418
97.4306666666667,-0.00395567094141495
97.44735,-0.000508656030440936
97.4640333333333,0.00214289390107753
97.4807166666667,0.004794443832596
97.4974,0.00731341626753855
97.5140833333333,0.00996496619905702
97.5307666666667,0.0124839386339996
97.54745,0.0147377560757903
97.5641333333333,0.0164612635312773
97.5808166666667,0.0177870384970365
97.5975,0.0191128134627957
97.6141833333333,0.0207037434217068
97.6308666666667,0.0218969408908901
97.64755,0.0229575608634975
97.6642333333333,0.0237530258429531
97.6809166666667,0.023885603339529
97.6976,0.0237530258429531
97.7142833333333,0.0237530258429531
97.7309666666667,0.0237530258429531
97.74765,0.0236204483463771
97.7643333333333,0.0230901383600734
97.7810166666667,0.0218969408908901
97.7977,0.020438588428555
97.8143833333333,0.018582503476492
97.8310666666667,0.0164612635312773
97.84775,0.0132794036134551
97.8644333333333,0.011688473654544
97.8811166666667,0.00903692372302555
97.8978,0.00399897885314046
97.9144833333333,0.00413155634971639
97.9311666666667,0.00161258391477384
97.94785,-0.00355793845168718
97.9645333333333,-0.00607691088662972
97.9812166666667,-0.0081981508318445
97.9979,-0.0100542357839074
98.0145833333333,-0.0120428982325463
98.0312666666667,-0.0135012506948814
98.04795,-0.0150921806537925
98.0646333333333,-0.0164179556195518
98.0813166666667,-0.0174785755921591
98.098,-0.0184066180681906
98.1146833333333,-0.0193346605442221
98.1313666666667,-0.0199975480271017
98.14805,-0.0205278580134054
98.1647333333333,-0.0209255905031332
98.1814166666667,-0.021190745496285
98.1981,-0.0213233229928609
98.2147833333333,-0.021190745496285
98.2314666666667,-0.0210581679997091
98.24815,-0.0190695055510702
98.2648333333333,-0.0202627030202535
98.2815166666667,-0.019467238040798
98.2982,-0.0185391955647665
98.3148833333333,-0.0174785755921591
98.3315666666667,-0.0161528006263999
98.34825,-0.0144292931709129
98.3649333333333,-0.0128383632120018
98.3816166666667,-0.0109822782599389
98.3983,-0.00859588332157227
98.4149833333333,-0.00541402340375011
98.4316666666667,-0.00289505096880756
98.44835,-0.000906388520168707
98.4650333333333,0.00201031640450161
98.4817166666667,0.004794443832596
98.4984,0.0070482612743867
98.5150833333333,0.0098323887024811
98.5317666666667,0.0126165161305755
98.54845,0.0146051785792143
98.5651333333333,0.0164612635312773
98.5818166666667,0.0176544610004606
98.5985,0.0191128134627957
98.6151833333333,0.0205711659251309
98.6318666666667,0.0217643633943142
98.64855,0.0229575608634975
98.6652333333333,0.0236204483463771
98.6819166666667,0.023885603339529
98.6986,0.0237530258429531
98.7152833333333,0.0237530258429531
98.7319666666667,0.0237530258429531
98.74865,0.0236204483463771
98.7653333333333,0.0230901383600734
98.7820166666667,0.0217643633943142
98.7987,0.0203060109319791
98.8153833333333,0.018582503476492
98.8320666666667,0.0163286860347013
98.84875,0.0139422910963347
98.8654333333333,0.0106278536819366
98.8821166666667,0.00916950121960148
98.8988,0.00665052878465893
98.9154833333333,0.00413155634971639
98.9321666666667,0.00161258391477384
98.94885,-0.00355793845168718
98.9655333333333,-0.0059443333900538
98.9822166666667,-0.0081981508318445
98.9989,-0.0099216582873315
99.0155833333333,-0.0119103207359704
99.0322666666667,-0.0136338281914574
99.04895,-0.0149596031572166
99.0656333333333,-0.0162853781229758
99.0823166666667,-0.0174785755921591
99.099,-0.0184066180681906
99.1156833333333,-0.0192020830476461
99.1323666666667,-0.0199975480271017
99.14905,-0.0205278580134054
99.1657333333333,-0.0209255905031332
99.1824166666667,-0.021190745496285
99.1991,-0.021190745496285
99.2157833333333,-0.021190745496285
99.2324666666667,-0.0210581679997091
99.24915,-0.0190695055510702
99.2658333333333,-0.0185391955647665
99.2825166666667,-0.019467238040798
99.2992,-0.0185391955647665
99.3158833333333,-0.0156224906400962
99.3325666666667,-0.016020223129824
99.34925,-0.0144292931709129
99.3659333333333,-0.01257320821885
99.3826166666667,-0.010849700763363
99.3993,-0.00859588332157227
99.4159833333333,-0.00541402340375011
99.4326666666667,-0.00276247347223164
99.44935,-0.00130412100989648
99.4660333333333,0.00201031640450161
99.4827166666667,0.004794443832596
99.4994,0.00744599376411447
99.5160833333333,0.0098323887024811
99.5327666666667,0.0124839386339996
99.54945,0.0148703335723662
99.5661333333333,0.0164612635312773
99.5828166666667,0.0176544610004606
99.5995,0.0189802359662198
99.6161833333333,0.020438588428555
99.6328666666667,0.0216317858977383
99.64955,0.0228249833669216
99.6662333333333,0.0234878708498012
99.6829166666667,0.0237530258429531
99.6996,0.0237530258429531
99.7162833333333,0.0237530258429531
99.7329666666667,0.0236204483463771
99.74965,0.0236204483463771
99.7663333333333,0.0228249833669216
99.7830166666667,0.0216317858977383
99.7997,0.0199082784422513
99.8163833333333,0.0183173484833402
99.8330666666667,0.0161961085381254
99.84975,0.0136771361031829
99.8664333333333,0.0104952761853607
99.8831166666667,0.00903692372302555
99.8998,0.00651795128808301
99.9164833333333,0.00386640135656454
99.9331666666667,-0.0014366985064724
99.94985,-0.0036905159482631
99.9665333333333,-0.00607691088662972
99.9832166666667,-0.00833072832842042
99.9999,-0.0100542357839074
100.016583333333,-0.0119103207359704
100.033266666667,-0.0136338281914574
100.04995,-0.0150921806537925
100.066633333333,-0.0164179556195518
100.083316666667,-0.0174785755921591
100.1,-0.0184066180681906
100.116683333333,-0.0193346605442221
100.133366666667,-0.0199975480271017
100.15005,-0.0203952805168295
100.166733333333,-0.0207930130065572
100.183416666667,-0.0210581679997091
100.2001,-0.021190745496285
100.216783333333,-0.0210581679997091
100.233466666667,-0.0209255905031332
100.25015,-0.0205278580134054
100.266833333333,-0.0184066180681906
100.283516666667,-0.0192020830476461
100.3002,-0.0184066180681906
100.316883333333,-0.0154899131435203
100.333566666667,-0.0157550681366721
100.35025,-0.014296715674337
100.366933333333,-0.010717123266787
100.383616666667,-0.0105845457702111
100.4003,-0.00846330582499634
100.416983333333,-0.00620948838320565
100.433666666667,-0.00262989597565571
100.45035,2.1653955862758e-05
100.467033333333,0.00214289390107753
100.483716666667,0.00492702132917193
100.5004,0.0075785712606904
100.517083333333,0.0098323887024811
100.533766666667,0.0124839386339996
100.55045,0.0148703335723662
100.567133333333,0.0165938410278532
100.583816666667,0.0176544610004606
100.6005,0.0189802359662198
100.617183333333,0.0205711659251309
100.633866666667,0.0216317858977383
100.65055,0.0228249833669216
100.667233333333,0.0234878708498012
100.683916666667,0.0237530258429531
100.7006,0.0237530258429531
100.717283333333,0.0236204483463771
100.733966666667,0.0236204483463771
100.75065,0.0236204483463771
100.767333333333,0.0226924058703457
100.784016666667,0.0214992084011624
100.8007,0.0199082784422513
100.817383333333,0.0173893060073087
100.834066666667,0.0159309535449736
100.85075,0.013411981110031
100.867433333333,0.0108930086750885
100.884116666667,0.00863919123329778
100.9008,0.00598764130177932
100.917483333333,0.00360124636341269
100.934166666667,-0.00170185349962425
100.95085,-0.00130412100989648
100.967533333333,-0.00620948838320565
100.984216666667,-0.00846330582499634
101.0009,-0.0103193907770593
101.017583333333,-0.0120428982325463
101.034266666667,-0.0137664056880333
101.05095,-0.0152247581503684
101.067633333333,-0.0164179556195518
101.084316666667,-0.0176111530887351
101.101,-0.0185391955647665
101.117683333333,-0.0193346605442221
101.134366666667,-0.0199975480271017
101.15105,-0.0205278580134054
101.167733333333,-0.0209255905031332
101.184416666667,-0.021190745496285
101.2011,-0.0213233229928609
101.217783333333,-0.021190745496285
101.234466666667,-0.0193346605442221
101.25115,-0.0190695055510702
101.267833333333,-0.0184066180681906
101.284516666667,-0.0176111530887351
101.3012,-0.0182740405716147
101.317883333333,-0.0153573356469444
101.334566666667,-0.0156224906400962
101.35125,-0.0141641381777611
101.367933333333,-0.0123080532256981
101.384616666667,-0.0104519682736352
101.4013,-0.00846330582499634
101.417983333333,-0.00607691088662972
101.434666666667,-0.00262989597565571
101.45135,2.1653955862758e-05
101.468033333333,0.0025406263908053
101.484716666667,0.00492702132917193
101.5014,0.00771114875726632
101.518083333333,0.0102301211922089
101.534766666667,0.0126165161305755
101.55145,0.0150029110689421
101.568133333333,0.0167264185244291
101.584816666667,0.0177870384970365
101.6015,0.0192453909593717
101.618183333333,0.0207037434217068
101.634866666667,0.0218969408908901
101.65155,0.0230901383600734
101.668233333333,0.0237530258429531
101.684916666667,0.0237530258429531
101.7016,0.023885603339529
101.718283333333,0.0237530258429531
101.734966666667,0.0236204483463771
101.75165,0.0236204483463771
101.768333333333,0.0226924058703457
101.785016666667,0.0214992084011624
101.8017,0.0199082784422513
101.818383333333,0.0175218835038847
101.835066666667,0.0150029110689421
101.85175,0.0132794036134551
101.868433333333,0.0107604311785126
101.885116666667,0.00824145874357001
101.9018,0.00585506380520339
101.918483333333,0.00333609137026085
101.935166666667,-0.00183443099620017
101.95185,-0.00422082593456679
101.968533333333,-0.00647464337635749
101.985216666667,-0.00859588332157227
102.0019,-0.0105845457702111
102.018583333333,-0.0123080532256981
102.035266666667,-0.0138989831846092
102.05195,-0.0154899131435203
102.068633333333,-0.0165505331161277
102.085316666667,-0.017743730585311
102.102,-0.0186717730613425
102.118683333333,-0.019467238040798
102.135366666667,-0.0201301255236776
102.15205,-0.0206604355099813
102.168733333333,-0.0210581679997091
102.185416666667,-0.0213233229928609
102.2021,-0.0213233229928609
102.218783333333,-0.0213233229928609
102.235466666667,-0.019467238040798
102.25215,-0.0206604355099813
102.268833333333,-0.0201301255236776
102.285516666667,-0.0176111530887351
102.3022,-0.0182740405716147
102.318883333333,-0.0170808431024314
102.335566666667,-0.0138989831846092
102.35225,-0.0141641381777611
102.368933333333,-0.0123080532256981
102.385616666667,-0.0101868132804834
102.4023,-0.00700495336266119
102.418983333333,-0.00581175589347788
102.435666666667,-0.00342536095511125
102.45235,0.000154231452438681
102.469033333333,0.00293835888053308
102.485716666667,0.0053247538188997
102.5024,0.00784372625384224
102.519083333333,0.0103626986887848
102.535766666667,0.0127490936271514
102.55245,0.015135488565518
102.569133333333,0.0167264185244291
102.585816666667,0.0177870384970365
102.6025,0.0192453909593717
102.619183333333,0.0207037434217068
102.635866666667,0.0218969408908901
102.65255,0.0230901383600734
102.669233333333,0.0237530258429531
102.685916666667,0.0237530258429531
102.7026,0.023885603339529
102.719283333333,0.0237530258429531
102.735966666667,0.0236204483463771
102.75265,0.0236204483463771
102.769333333333,0.0226924058703457
102.786016666667,0.0213666309045864
102.8027,0.0199082784422513
102.819383333333,0.0177870384970365
102.836066666667,0.015135488565518
102.85275,0.013411981110031
102.869433333333,0.0108930086750885
102.886116666667,0.00824145874357001
102.9028,0.00585506380520339
102.919483333333,0.00333609137026085
102.936166666667,0.000817118935318299
102.95285,-0.00435340343114272
102.969533333333,-0.00660722087293342
102.986216666667,-0.00859588332157227
103.0029,-0.0105845457702111
103.019583333333,-0.0124406307222741
103.036266666667,-0.0138989831846092
103.05295,-0.0154899131435203
103.069633333333,-0.0166831106127036
103.086316666667,-0.017743730585311
103.103,-0.0188043505579184
103.119683333333,-0.0195998155373739
103.136366666667,-0.0201301255236776
103.15305,-0.0206604355099813
103.169733333333,-0.0210581679997091
103.186416666667,-0.0213233229928609
103.2031,-0.0213233229928609
103.219783333333,-0.0213233229928609
103.236466666667,-0.0210581679997091
103.25315,-0.0190695055510702
103.269833333333,-0.0201301255236776
103.286516666667,-0.0192020830476461
103.3032,-0.0182740405716147
103.319883333333,-0.0170808431024314
103.336566666667,-0.0138989831846092
103.35325,-0.0138989831846092
103.369933333333,-0.0123080532256981
103.386616666667,-0.0101868132804834
103.4033,-0.00700495336266119
103.419983333333,-0.0059443333900538
103.436666666667,-0.00209958598935202
103.45335,0.000154231452438681
103.470033333333,0.00280578138395715
103.486716666667,0.00505959882574785
103.5034,0.00784372625384224
103.520083333333,0.0104952761853607
103.536766666667,0.0127490936271514
103.55345,0.015135488565518
103.570133333333,0.0167264185244291
103.586816666667,0.0179196159936124
103.6035,0.0192453909593717
103.620183333333,0.0208363209182827
103.636866666667,0.0220295183874661
103.65355,0.0232227158566494
103.670233333333,0.0237530258429531
103.686916666667,0.023885603339529
103.7036,0.023885603339529
103.720283333333,0.0237530258429531
103.736966666667,0.0236204483463771
103.75365,0.0237530258429531
103.770333333333,0.0228249833669216
103.787016666667,0.0213666309045864
103.8037,0.0200408559388272
103.820383333333,0.0179196159936124
103.837066666667,0.0155332210552458
103.85375,0.0124839386339996
103.870433333333,0.0108930086750885
103.887116666667,0.00837403624014594
103.9038,0.003070936377109
103.920483333333,0.00333609137026085
103.937166666667,0.000684541438742375
103.95385,-0.00435340343114272
103.970533333333,-0.00660722087293342
103.987216666667,-0.00859588332157227
104.0039,-0.0105845457702111
104.020583333333,-0.0124406307222741
104.037266666667,-0.0138989831846092
104.05395,-0.0153573356469444
104.070633333333,-0.0166831106127036
104.087316666667,-0.017743730585311
104.104,-0.0186717730613425
104.120683333333,-0.0195998155373739
104.137366666667,-0.0201301255236776
104.15405,-0.0206604355099813
104.170733333333,-0.0210581679997091
104.187416666667,-0.0213233229928609
104.2041,-0.0213233229928609
104.220783333333,-0.0213233229928609
104.237466666667,-0.0210581679997091
104.25415,-0.0206604355099813
104.270833333333,-0.0201301255236776
104.287516666667,-0.0193346605442221
104.3042,-0.0166831106127036
104.320883333333,-0.0170808431024314
104.337566666667,-0.0156224906400962
104.35425,-0.0138989831846092
104.370933333333,-0.0121754757291222
104.387616666667,-0.0101868132804834
104.4043,-0.00793299583869265
104.420983333333,-0.00461855842429456
104.437666666667,-0.00342536095511125
104.45435,2.1653955862758e-05
104.471033333333,0.00280578138395715
104.487716666667,0.00545733131547562
104.5044,0.00784372625384224
104.521083333333,0.0104952761853607
104.537766666667,0.0130142486203033
104.55445,0.015135488565518
104.571133333333,0.0167264185244291
104.587816666667,0.0179196159936124
104.6045,0.0193779684559476
104.621183333333,0.0208363209182827
104.637866666667,0.022162095884042
104.65455,0.0232227158566494
104.671233333333,0.0237530258429531
104.687916666667,0.023885603339529
104.7046,0.023885603339529
104.721283333333,0.0237530258429531
104.737966666667,0.0236204483463771
104.75465,0.0237530258429531
104.771333333333,0.0226924058703457
104.788016666667,0.0213666309045864
104.8047,0.0199082784422513
104.821383333333,0.0171241510141569
104.838066666667,0.0155332210552458
104.85475,0.0132794036134551
104.871433333333,0.0107604311785126
104.888116666667,0.00824145874357001
104.9048,0.00572248630862747
104.921483333333,0.000419386445590528
104.938166666667,0.000684541438742375
104.95485,-0.00435340343114272
104.971533333333,-0.00673979836950934
104.988216666667,-0.00886103831472412
105.0049,-0.010717123266787
105.021583333333,-0.01257320821885
105.038266666667,-0.0140315606811851
105.05495,-0.0154899131435203
105.071633333333,-0.0166831106127036
105.088316666667,-0.017743730585311
105.105,-0.0188043505579184
105.121683333333,-0.0195998155373739
105.138366666667,-0.0202627030202535
105.15505,-0.0206604355099813
105.171733333333,-0.0210581679997091
105.188416666667,-0.0213233229928609
105.2051,-0.0213233229928609
105.221783333333,-0.0213233229928609
105.238466666667,-0.0210581679997091
105.25515,-0.0190695055510702
105.271833333333,-0.0199975480271017
105.288516666667,-0.0192020830476461
105.3052,-0.0165505331161277
105.321883333333,-0.0152247581503684
105.338566666667,-0.0156224906400962
105.35525,-0.0137664056880333
105.371933333333,-0.0121754757291222
105.388616666667,-0.0101868132804834
105.4053,-0.00780041834211673
105.421983333333,-0.00461855842429456
105.438666666667,-0.00196700849277609
105.45535,0.000286808949014605
105.472033333333,0.00280578138395715
105.488716666667,0.00558990881205154
105.5054,0.00784372625384224
105.522083333333,0.0104952761853607
105.538766666667,0.0131468261168792
105.55545,0.015135488565518
105.572133333333,0.016858996021005
105.588816666667,0.0180521934901884
105.6055,0.0195105459525235
105.622183333333,0.0208363209182827
105.638866666667,0.022162095884042
105.65555,0.0232227158566494
105.672233333333,0.0237530258429531
105.688916666667,0.023885603339529
105.7056,0.023885603339529
105.722283333333,0.0237530258429531
105.738966666667,0.0236204483463771
105.75565,0.0236204483463771
105.772333333333,0.0225598283737698
105.789016666667,0.0213666309045864
105.8057,0.0193779684559476
105.822383333333,0.016858996021005
105.839066666667,0.0155332210552458
105.85575,0.0128816711237273
105.872433333333,0.0107604311785126
105.889116666667,0.00824145874357001
105.9058,0.00545733131547562
105.922483333333,0.003070936377109
105.939166666667,0.000551963942166452
105.95585,-0.00448598092771864
105.972533333333,-0.00673979836950934
105.989216666667,-0.00899361581130004
106.0059,-0.0105845457702111
106.022583333333,-0.01257320821885
106.039266666667,-0.0141641381777611
106.05595,-0.0154899131435203
106.072633333333,-0.0168156881092795
106.089316666667,-0.0178763080818869
106.106,-0.0188043505579184
106.122683333333,-0.0195998155373739
106.139366666667,-0.0202627030202535
106.15605,-0.0206604355099813
106.172733333333,-0.0210581679997091
106.189416666667,-0.021190745496285
106.2061,-0.0213233229928609
106.222783333333,-0.0195998155373739
106.239466666667,-0.0209255905031332
106.25615,-0.0189369280544943
106.272833333333,-0.0182740405716147
106.289516666667,-0.0190695055510702
106.3062,-0.0164179556195518
106.322883333333,-0.0150921806537925
106.339566666667,-0.0153573356469444
106.35625,-0.0137664056880333
106.372933333333,-0.0117777432393944
106.389616666667,-0.0100542357839074
106.4063,-0.00780041834211673
106.422983333333,-0.00461855842429456
106.439666666667,-0.00183443099620017
106.45635,0.000684541438742375
106.473033333333,0.00293835888053308
106.489716666667,0.00558990881205154
106.5064,0.00824145874357001
106.523083333333,0.0106278536819366
106.539766666667,0.0131468261168792
106.55645,0.0156657985518217
106.573133333333,0.016991573517581
106.589816666667,0.0180521934901884
106.6065,0.0196431234490994
106.623183333333,0.0209688984148587
106.639866666667,0.022162095884042
106.65655,0.0232227158566494
106.673233333333,0.0237530258429531
106.689916666667,0.023885603339529
106.7066,0.023885603339529
106.723283333333,0.0237530258429531
106.739966666667,0.0236204483463771
106.75665,0.0236204483463771
106.773333333333,0.0224272508771938
106.790016666667,0.0212340534080105
106.8067,0.0193779684559476
106.823383333333,0.016858996021005
106.840066666667,0.0143400235860625
106.85675,0.0128816711237273
106.873433333333,0.00969981120590517
106.890116666667,0.00784372625384224
106.9068,0.0053247538188997
106.923483333333,0.000154231452438681
106.940166666667,-0.00236474098250386
106.95685,-0.00461855842429456
106.973533333333,-0.00687237586608526
106.990216666667,-0.00899361581130004
107.0069,-0.010849700763363
107.023583333333,-0.0124406307222741
107.040266666667,-0.0141641381777611
107.05695,-0.0154899131435203
107.073633333333,-0.0166831106127036
107.090316666667,-0.017743730585311
107.107,-0.0186717730613425
107.123683333333,-0.019467238040798
107.140366666667,-0.0201301255236776
107.15705,-0.0206604355099813
107.173733333333,-0.0209255905031332
107.190416666667,-0.021190745496285
107.2071,-0.021190745496285
107.223783333333,-0.0210581679997091
107.240466666667,-0.0207930130065572
107.25715,-0.0203952805168295
107.273833333333,-0.0197323930339498
107.290516666667,-0.0189369280544943
107.3072,-0.0178763080818869
107.323883333333,-0.0149596031572166
107.340566666667,-0.0152247581503684
107.35725,-0.0136338281914574
107.373933333333,-0.0115125882462426
107.390616666667,-0.00965650329417966
107.4073,-0.00753526334896488
107.423983333333,-0.00501629091402233
107.440666666667,-0.00170185349962425
107.45735,0.000949696431894222
107.474033333333,0.00320351387368492
107.490716666667,0.00585506380520339
107.5074,0.00837403624014594
107.524083333333,0.0107604311785126
107.540766666667,0.013411981110031
107.55745,0.0157983760483977
107.574133333333,0.0171241510141569
107.590816666667,0.0181847709867643
107.6075,0.0197757009456754
107.624183333333,0.0211014759114346
107.640866666667,0.022162095884042
107.65755,0.0232227158566494
107.674233333333,0.0237530258429531
107.690916666667,0.023885603339529
107.7076,0.023885603339529
107.724283333333,0.0237530258429531
107.740966666667,0.0236204483463771
107.75765,0.0234878708498012
107.774333333333,0.0222946733806179
107.791016666667,0.0209688984148587
107.8077,0.0192453909593717
107.824383333333,0.016858996021005
107.841066666667,0.0140748685929106
107.85775,0.0127490936271514
107.874433333333,0.0098323887024811
107.891116666667,0.0075785712606904
107.9078,0.00519217632232377
107.924483333333,0.0025406263908053
107.941166666667,-0.00249731847907979
107.95785,-0.00501629091402233
107.974533333333,-0.00700495336266119
107.991216666667,-0.00925877080445189
108.0079,-0.0111148557565148
108.024583333333,-0.0127057857154259
108.041266666667,-0.014296715674337
108.05795,-0.0157550681366721
108.074633333333,-0.0168156881092795
108.091316666667,-0.0178763080818869
108.108,-0.0188043505579184
108.124683333333,-0.0195998155373739
108.141366666667,-0.0202627030202535
108.15805,-0.0206604355099813
108.174733333333,-0.0209255905031332
108.191416666667,-0.021190745496285
108.2081,-0.021190745496285
108.224783333333,-0.0210581679997091
108.241466666667,-0.0192020830476461
108.25815,-0.0203952805168295
108.274833333333,-0.0195998155373739
108.291516666667,-0.0170808431024314
108.3082,-0.017743730585311
108.324883333333,-0.0164179556195518
108.341566666667,-0.0131035182051537
108.35825,-0.0133686731983055
108.374933333333,-0.0113800107496667
108.391616666667,-0.00925877080445189
108.4083,-0.00713753085923711
108.424983333333,-0.00475113592087049
108.441666666667,-0.00156927600304832
108.45835,0.00134742892162199
108.475033333333,0.00399897885314046
108.491716666667,0.00625279629493116
108.5084,0.00877176872987371
108.525083333333,0.0115558961579681
108.541766666667,0.0136771361031829
108.55845,0.0160635310415495
108.575133333333,0.0172567285107328
108.591816666667,0.0181847709867643
108.6085,0.0197757009456754
108.625183333333,0.0211014759114346
108.641866666667,0.022162095884042
108.65855,0.0232227158566494
108.675233333333,0.0237530258429531
108.691916666667,0.0237530258429531
108.7086,0.0237530258429531
108.725283333333,0.0237530258429531
108.741966666667,0.0236204483463771
108.75865,0.0233552933532253
108.775333333333,0.022162095884042
108.792016666667,0.0207037434217068
108.8087,0.0189802359662198
108.825383333333,0.016858996021005
108.842066666667,0.0140748685929106
108.85875,0.0124839386339996
108.875433333333,0.0098323887024811
108.892116666667,0.00731341626753855
108.9088,0.00492702132917193
108.925483333333,0.00240804889422938
108.942166666667,-0.000110923540713166
108.95885,-0.00528144590717418
108.975533333333,-0.00740268585238896
108.992216666667,-0.00925877080445189
109.0089,-0.0113800107496667
109.025583333333,-0.0129709407085777
109.042266666667,-0.0144292931709129
109.05895,-0.0158876456332481
109.075633333333,-0.0169482656058554
109.092316666667,-0.0180088855784628
109.109,-0.0189369280544943
109.125683333333,-0.0197323930339498
109.142366666667,-0.0203952805168295
109.15905,-0.0207930130065572
109.175733333333,-0.0210581679997091
109.192416666667,-0.021190745496285
109.2091,-0.021190745496285
109.225783333333,-0.0210581679997091
109.242466666667,-0.0192020830476461
109.25915,-0.0202627030202535
109.275833333333,-0.0195998155373739
109.292516666667,-0.0186717730613425
109.3092,-0.0157550681366721
109.325883333333,-0.0162853781229758
109.342566666667,-0.0129709407085777
109.35925,-0.0129709407085777
109.375933333333,-0.0112474332530907
109.392616666667,-0.00899361581130004
109.4093,-0.00581175589347788
109.425983333333,-0.00475113592087049
109.442666666667,-0.00209958598935202
109.45935,0.00134742892162199
109.476033333333,0.00399897885314046
109.492716666667,0.00638537379150709
109.5094,0.00890434622644963
109.526083333333,0.011688473654544
109.542766666667,0.0138097135997588
109.55945,0.0163286860347013
109.576133333333,0.0175218835038847
109.592816666667,0.018582503476492
109.6095,0.0200408559388272
109.626183333333,0.0213666309045864
109.642866666667,0.0226924058703457
109.65955,0.0234878708498012
109.676233333333,0.0237530258429531
109.692916666667,0.023885603339529
109.7096,0.023885603339529
109.726283333333,0.0237530258429531
109.742966666667,0.0237530258429531
109.75965,0.0233552933532253
109.776333333333,0.0220295183874661
109.793016666667,0.0205711659251309
109.8097,0.0189802359662198
109.826383333333,0.016858996021005
109.843066666667,0.0143400235860625
109.85975,0.0112907411648163
109.876433333333,0.00969981120590517
109.893116666667,0.00718083877096263
109.9098,0.00201031640450161
109.926483333333,0.00227547139765346
109.943166666667,-0.000243501037289089
109.95985,-0.00541402340375011
109.976533333333,-0.00753526334896488
109.993216666667,-0.00939134830102781
110.0099,-0.0113800107496667
110.026583333333,-0.0131035182051537
110.043266666667,-0.0145618706674888
110.05995,-0.0158876456332481
110.076633333333,-0.0170808431024314
110.093316666667,-0.0181414630750388
110.11,-0.0190695055510702
110.126683333333,-0.0197323930339498
110.143366666667,-0.0203952805168295
110.16005,-0.0207930130065572
110.176733333333,-0.021190745496285
110.193416666667,-0.0213233229928609
110.2101,-0.0213233229928609
110.226783333333,-0.0210581679997091
110.243466666667,-0.0192020830476461
110.26015,-0.0186717730613425
110.276833333333,-0.0195998155373739
110.293516666667,-0.0185391955647665
110.3102,-0.0157550681366721
110.326883333333,-0.0161528006263999
110.343566666667,-0.0145618706674888
110.36025,-0.0127057857154259
110.376933333333,-0.0109822782599389
110.393616666667,-0.00886103831472412
110.4103,-0.0059443333900538
110.426983333333,-0.00316020596195941
110.443666666667,-0.00183443099620017
110.46035,0.00161258391477384
110.477033333333,0.00426413384629231
110.493716666667,0.00691568377781078
110.5104,0.00916950121960148
110.527083333333,0.0118210511511199
110.543766666667,0.0142074460894866
110.56045,0.0164612635312773
110.577133333333,0.0176544610004606
110.593816666667,0.0188476584696439
110.6105,0.0201734334354031
110.627183333333,0.0214992084011624
110.643866666667,0.0228249833669216
110.66055,0.0236204483463771
110.677233333333,0.023885603339529
110.693916666667,0.023885603339529
110.7106,0.023885603339529
110.727283333333,0.023885603339529
110.743966666667,0.0237530258429531
110.76065,0.0233552933532253
110.777333333333,0.022162095884042
110.794016666667,0.0205711659251309
110.8107,0.0184499259799161
110.827383333333,0.016858996021005
110.844066666667,0.0142074460894866
110.86075,0.00956723370932925
110.877433333333,0.00956723370932925
110.894116666667,0.0070482612743867
110.9108,0.00452928883944416
110.927483333333,0.00214289390107753
110.944166666667,-0.000376078533865012
110.96085,-0.00541402340375011
110.977533333333,-0.0076678408455408
110.994216666667,-0.00965650329417966
111.0109,-0.0113800107496667
111.027583333333,-0.0132360957017296
111.044266666667,-0.0146944481640647
111.06095,-0.0158876456332481
111.077633333333,-0.0172134205990073
111.094316666667,-0.0181414630750388
111.111,-0.0190695055510702
111.127683333333,-0.0198649705305258
111.144366666667,-0.0203952805168295
111.16105,-0.0207930130065572
111.177733333333,-0.021190745496285
111.194416666667,-0.0213233229928609
111.2111,-0.0213233229928609
111.227783333333,-0.0210581679997091
111.244466666667,-0.0207930130065572
111.26115,-0.0186717730613425
111.277833333333,-0.0178763080818869
111.294516666667,-0.0186717730613425
111.3112,-0.0157550681366721
111.327883333333,-0.016020223129824
111.344566666667,-0.0144292931709129
111.36125,-0.0109822782599389
111.377933333333,-0.0109822782599389
111.394616666667,-0.00886103831472412
111.4113,-0.00634206587978157
111.427983333333,-0.00316020596195941
111.444666666667,-0.000508656030440936
111.46135,0.00161258391477384
111.478033333333,0.00439671134286823
111.494716666667,0.0070482612743867
111.5114,0.00943465621275333
111.528083333333,0.0118210511511199
111.544766666667,0.0143400235860625
111.56145,0.0165938410278532
111.578133333333,0.0176544610004606
111.594816666667,0.0188476584696439
111.6115,0.020438588428555
111.628183333333,0.0216317858977383
111.644866666667,0.0228249833669216
111.66155,0.0236204483463771
111.678233333333,0.023885603339529
111.694916666667,0.023885603339529
111.7116,0.023885603339529
111.728283333333,0.0237530258429531
111.744966666667,0.0237530258429531
111.76165,0.0232227158566494
111.778333333333,0.0220295183874661
111.795016666667,0.0205711659251309
111.8117,0.0183173484833402
111.828383333333,0.016858996021005
111.845066666667,0.0144726010826384
111.86175,0.0115558961579681
111.878433333333,0.00956723370932925
111.895116666667,0.00691568377781078
111.9118,0.00452928883944416
111.928483333333,-0.000773811023592783
111.945166666667,-0.000376078533865012
111.96185,-0.00541402340375011
111.978533333333,-0.0076678408455408
111.995216666667,-0.00978908079075558
112.0119,-0.0115125882462426
112.028583333333,-0.0132360957017296
112.045266666667,-0.0148270256606407
112.06195,-0.016020223129824
112.078633333333,-0.0172134205990073
112.095316666667,-0.0182740405716147
112.112,-0.0192020830476461
112.128683333333,-0.0199975480271017
112.145366666667,-0.0205278580134054
112.16205,-0.0209255905031332
112.178733333333,-0.021190745496285
112.195416666667,-0.0213233229928609
112.2121,-0.0213233229928609
112.228783333333,-0.021190745496285
112.245466666667,-0.0209255905031332
112.26215,-0.0186717730613425
112.278833333333,-0.019467238040798
112.295516666667,-0.0186717730613425
112.3122,-0.0173459980955832
112.328883333333,-0.016020223129824
112.345566666667,-0.0145618706674888
112.36225,-0.0127057857154259
112.378933333333,-0.010717123266787
112.395616666667,-0.00886103831472412
112.4123,-0.00660722087293342
112.428983333333,-0.00316020596195941
112.445666666667,-0.000773811023592783
112.46235,0.00161258391477384
112.479033333333,0.00413155634971639
112.495716666667,0.00691568377781078
112.5124,0.0093020787161774
112.529083333333,0.011688473654544
112.545766666667,0.0143400235860625
112.56245,0.0164612635312773
112.579133333333,0.0176544610004606
112.595816666667,0.018715080973068
112.6125,0.0203060109319791
112.629183333333,0.0216317858977383
112.645866666667,0.0228249833669216
112.66255,0.0236204483463771
112.679233333333,0.023885603339529
112.695916666667,0.023885603339529
112.7126,0.023885603339529
112.729283333333,0.0237530258429531
112.745966666667,0.0237530258429531
112.76265,0.0232227158566494
112.779333333333,0.0220295183874661
112.796016666667,0.0205711659251309
112.8127,0.018582503476492
112.829383333333,0.0159309535449736
112.846066666667,0.0144726010826384
112.86275,0.0119536286476959
112.879433333333,0.00877176872987371
112.896116666667,0.0070482612743867
112.9128,0.00452928883944416
112.929483333333,-0.000773811023592783
112.946166666667,-0.000376078533865012
112.96285,-0.00541402340375011
112.979533333333,-0.00780041834211673
112.996216666667,-0.00978908079075558
113.0129,-0.0115125882462426
113.029583333333,-0.0132360957017296
113.046266666667,-0.0148270256606407
113.06295,-0.016020223129824
113.079633333333,-0.0172134205990073
113.096316666667,-0.0182740405716147
113.113,-0.0190695055510702
113.129683333333,-0.0198649705305258
113.146366666667,-0.0205278580134054
113.16305,-0.0209255905031332
113.179733333333,-0.021190745496285
113.196416666667,-0.0213233229928609
113.2131,-0.0213233229928609
113.229783333333,-0.021190745496285
113.246466666667,-0.0192020830476461
113.26315,-0.0202627030202535
113.279833333333,-0.0178763080818869
113.296516666667,-0.0185391955647665
113.3132,-0.0174785755921591
113.329883333333,-0.014296715674337
113.346566666667,-0.0145618706674888
113.36325,-0.0109822782599389
113.379933333333,-0.010717123266787
113.396616666667,-0.00886103831472412
113.4133,-0.00647464337635749
113.429983333333,-0.00342536095511125
113.446666666667,-0.000773811023592783
113.46335,0.000684541438742375
113.480033333333,0.00399897885314046
113.496716666667,0.00678310628123486
113.5134,0.00943465621275333
113.530083333333,0.0115558961579681
113.546766666667,0.0140748685929106
113.56345,0.0164612635312773
113.580133333333,0.0176544610004606
113.596816666667,0.018582503476492
113.6135,0.0203060109319791
113.630183333333,0.0214992084011624
113.646866666667,0.0226924058703457
113.66355,0.0236204483463771
113.680233333333,0.023885603339529
113.696916666667,0.023885603339529
113.7136,0.023885603339529
113.730283333333,0.0237530258429531
113.746966666667,0.0237530258429531
113.76365,0.0232227158566494
113.780333333333,0.0218969408908901
113.797016666667,0.0205711659251309
113.8137,0.018715080973068
113.830383333333,0.0159309535449736
113.847066666667,0.0144726010826384
113.86375,0.0118210511511199
113.880433333333,0.00863919123329778
113.897116666667,0.0070482612743867
113.9138,0.00452928883944416
113.930483333333,-0.000773811023592783
113.947166666667,-0.00329278345853533
113.96385,-0.00554660090032603
113.980533333333,-0.0076678408455408
113.997216666667,-0.00978908079075558
114.0139,-0.0115125882462426
114.030583333333,-0.0132360957017296
114.047266666667,-0.0148270256606407
114.06395,-0.016020223129824
114.080633333333,-0.0172134205990073
114.097316666667,-0.0182740405716147
114.114,-0.0192020830476461
114.130683333333,-0.0199975480271017
114.147366666667,-0.0205278580134054
114.16405,-0.0209255905031332
114.180733333333,-0.0213233229928609
114.197416666667,-0.0213233229928609
114.2141,-0.0213233229928609
114.230783333333,-0.021190745496285
114.247466666667,-0.0207930130065572
114.26415,-0.0202627030202535
114.280833333333,-0.019467238040798
114.297516666667,-0.0185391955647665
114.3142,-0.0173459980955832
114.330883333333,-0.0141641381777611
114.347566666667,-0.0144292931709129
114.36425,-0.0127057857154259
114.380933333333,-0.00886103831472412
114.397616666667,-0.00753526334896488
114.4143,-0.00647464337635749
114.430983333333,-0.00408824843799087
114.447666666667,-0.000508656030440936
114.46435,0.00201031640450161
114.481033333333,0.00399897885314046
114.497716666667,0.00691568377781078
114.5144,0.00956723370932925
114.531083333333,0.011688473654544
114.547766666667,0.0140748685929106
114.56445,0.0165938410278532
114.581133333333,0.0176544610004606
114.597816666667,0.018715080973068
114.6145,0.0201734334354031
114.631183333333,0.0214992084011624
114.647866666667,0.0228249833669216
114.66455,0.0236204483463771
114.681233333333,0.023885603339529
114.697916666667,0.023885603339529
114.7146,0.023885603339529
114.731283333333,0.0237530258429531
114.747966666667,0.0237530258429531
114.76465,0.0230901383600734
114.781333333333,0.0218969408908901
114.798016666667,0.0205711659251309
114.8147,0.018582503476492
114.831383333333,0.0160635310415495
114.848066666667,0.0143400235860625
114.86475,0.0118210511511199
114.881433333333,0.00863919123329778
114.898116666667,0.00413155634971639
114.9148,0.00439671134286823
114.931483333333,-0.000906388520168707
114.948166666667,-0.00342536095511125
114.96485,-0.00567917839690195
114.981533333333,-0.00780041834211673
114.998216666667,-0.0099216582873315
115.0149,-0.0117777432393944
115.031583333333,-0.0133686731983055
115.048266666667,-0.0149596031572166
115.06495,-0.0162853781229758
115.081633333333,-0.0173459980955832
115.098316666667,-0.0184066180681906
115.115,-0.0193346605442221
115.131683333333,-0.0199975480271017
115.148366666667,-0.0206604355099813
115.16505,-0.0210581679997091
115.181733333333,-0.0213233229928609
115.198416666667,-0.0214559004894368
115.2151,-0.0213233229928609
115.231783333333,-0.021190745496285
115.248466666667,-0.0192020830476461
115.26515,-0.0202627030202535
115.281833333333,-0.019467238040798
115.298516666667,-0.0185391955647665
115.3152,-0.0173459980955832
115.331883333333,-0.0141641381777611
115.348566666667,-0.014296715674337
115.36525,-0.0127057857154259
115.381933333333,-0.0105845457702111
115.398616666667,-0.00859588332157227
115.4153,-0.00634206587978157
115.431983333333,-0.00395567094141495
115.448666666667,-0.00064123352701686
115.46535,0.00214289390107753
115.482033333333,0.00399897885314046
115.498716666667,0.00691568377781078
115.5154,0.00943465621275333
115.532083333333,0.0118210511511199
115.548766666667,0.0143400235860625
115.56545,0.0165938410278532
115.582133333333,0.0176544610004606
115.598816666667,0.018715080973068
115.6155,0.020438588428555
115.632183333333,0.0216317858977383
115.648866666667,0.0228249833669216
115.66555,0.0236204483463771
115.682233333333,0.023885603339529
115.698916666667,0.023885603339529
115.7156,0.023885603339529
115.732283333333,0.0237530258429531
115.748966666667,0.0237530258429531
115.76565,0.0230901383600734
115.782333333333,0.0218969408908901
115.799016666667,0.0205711659251309
115.8157,0.018582503476492
115.832383333333,0.0160635310415495
115.849066666667,0.0132794036134551
115.86575,0.011688473654544
115.882433333333,0.0093020787161774
115.899116666667,0.00399897885314046
115.9158,0.00426413384629231
115.932483333333,-0.000906388520168707
115.949166666667,-0.00355793845168718
115.96585,-0.00581175589347788
115.982533333333,-0.00780041834211673
115.999216666667,-0.0100542357839074
116.0159,-0.0119103207359704
116.032583333333,-0.0135012506948814
116.049266666667,-0.0150921806537925
116.06595,-0.0164179556195518
116.082633333333,-0.0174785755921591
116.099316666667,-0.0185391955647665
116.116,-0.0193346605442221
116.132683333333,-0.0201301255236776
116.149366666667,-0.0206604355099813
116.16605,-0.021190745496285
116.182733333333,-0.0214559004894368
116.199416666667,-0.0215884779860128
116.2161,-0.0215884779860128
116.232783333333,-0.0213233229928609
116.249466666667,-0.0193346605442221
116.26615,-0.0203952805168295
116.282833333333,-0.0195998155373739
116.299516666667,-0.0185391955647665
116.3162,-0.0174785755921591
116.332883333333,-0.014296715674337
116.349566666667,-0.0144292931709129
116.36625,-0.0127057857154259
116.382933333333,-0.010717123266787
116.399616666667,-0.0076678408455408
116.4163,-0.00647464337635749
116.432983333333,-0.00395567094141495
116.449666666667,-0.00064123352701686
116.46635,0.000684541438742375
116.483033333333,0.00386640135656454
116.499716666667,0.00691568377781078
116.5164,0.00956723370932925
116.533083333333,0.0118210511511199
116.549766666667,0.0142074460894866
116.56645,0.0165938410278532
116.583133333333,0.0176544610004606
116.599816666667,0.018715080973068
116.6165,0.020438588428555
116.633183333333,0.0217643633943142
116.649866666667,0.0229575608634975
116.66655,0.0237530258429531
116.683233333333,0.0240181808361049
116.699916666667,0.0240181808361049
116.7166,0.023885603339529
116.733283333333,0.023885603339529
116.749966666667,0.0237530258429531
116.76665,0.0233552933532253
116.783333333333,0.0220295183874661
116.800016666667,0.0205711659251309
116.8167,0.018582503476492
116.833383333333,0.0163286860347013
116.850066666667,0.0136771361031829
116.86675,0.011688473654544
116.883433333333,0.00916950121960148
116.900116666667,0.00399897885314046
116.9168,0.00413155634971639
116.933483333333,0.00174516141134976
116.950166666667,-0.00342536095511125
116.96685,-0.00581175589347788
116.983533333333,-0.00793299583869265
117.000216666667,-0.0099216582873315
117.0169,-0.0119103207359704
117.033583333333,-0.0133686731983055
117.050266666667,-0.0150921806537925
117.06695,-0.0164179556195518
117.083633333333,-0.0174785755921591
117.100316666667,-0.0185391955647665
117.117,-0.019467238040798
117.133683333333,-0.0201301255236776
117.150366666667,-0.0207930130065572
117.16705,-0.021190745496285
117.183733333333,-0.0214559004894368
117.200416666667,-0.0215884779860128
117.2171,-0.0215884779860128
117.233783333333,-0.0213233229928609
117.250466666667,-0.0193346605442221
117.26715,-0.0203952805168295
117.283833333333,-0.0180088855784628
117.300516666667,-0.0169482656058554
117.3172,-0.0174785755921591
117.333883333333,-0.016020223129824
117.350566666667,-0.0144292931709129
117.36725,-0.0128383632120018
117.383933333333,-0.010849700763363
117.400616666667,-0.00872846081814819
117.4173,-0.00528144590717418
117.433983333333,-0.00422082593456679
117.450666666667,-0.000906388520168707
117.46735,0.00187773890792569
117.484033333333,0.00413155634971639
117.500716666667,0.00665052878465893
117.5174,0.0093020787161774
117.534083333333,0.011688473654544
117.550766666667,0.0140748685929106
117.56745,0.0164612635312773
117.584133333333,0.0176544610004606
117.600816666667,0.018715080973068
117.6175,0.020438588428555
117.634183333333,0.0216317858977383
117.650866666667,0.0229575608634975
117.66755,0.0237530258429531
117.684233333333,0.0240181808361049
117.700916666667,0.0240181808361049
117.7176,0.023885603339529
117.734283333333,0.023885603339529
117.750966666667,0.023885603339529
117.76765,0.0233552933532253
117.784333333333,0.0220295183874661
117.801016666667,0.0205711659251309
117.8177,0.018715080973068
117.834383333333,0.0163286860347013
117.851066666667,0.013411981110031
117.86775,0.0118210511511199
117.884433333333,0.0093020787161774
117.901116666667,0.00678310628123486
117.9178,0.00426413384629231
117.934483333333,0.00187773890792569
117.951166666667,-0.00342536095511125
117.96785,-0.00581175589347788
117.984533333333,-0.00780041834211673
118.001216666667,-0.00978908079075558
118.0179,-0.0117777432393944
118.034583333333,-0.0135012506948814
118.051266666667,-0.0149596031572166
118.06795,-0.0164179556195518
118.084633333333,-0.0174785755921591
118.101316666667,-0.0185391955647665
118.118,-0.019467238040798
118.134683333333,-0.0201301255236776
118.151366666667,-0.0207930130065572
118.16805,-0.021190745496285
118.184733333333,-0.0214559004894368
118.201416666667,-0.0215884779860128
118.2181,-0.0215884779860128
118.234783333333,-0.0213233229928609
118.251466666667,-0.0193346605442221
118.26815,-0.0202627030202535
118.284833333333,-0.0195998155373739
118.301516666667,-0.0168156881092795
118.3182,-0.0173459980955832
118.334883333333,-0.016020223129824
118.351566666667,-0.014296715674337
118.36825,-0.0127057857154259
118.384933333333,-0.010717123266787
118.401616666667,-0.00859588332157227
118.4183,-0.00528144590717418
118.434983333333,-0.00422082593456679
118.451666666667,-0.000906388520168707
118.46835,0.00187773890792569
118.485033333333,0.00452928883944416
118.501716666667,0.00678310628123486
118.5184,0.0093020787161774
118.535083333333,0.011688473654544
118.551766666667,0.0139422910963347
118.56845,0.0164612635312773
118.585133333333,0.0175218835038847
118.601816666667,0.018582503476492
118.6185,0.0201734334354031
118.635183333333,0.0216317858977383
118.651866666667,0.0229575608634975
118.66855,0.0236204483463771
118.685233333333,0.0240181808361049
118.701916666667,0.0240181808361049
118.7186,0.0240181808361049
118.735283333333,0.023885603339529
118.751966666667,0.023885603339529
118.76865,0.0232227158566494
118.785333333333,0.0220295183874661
118.802016666667,0.0203060109319791
118.8187,0.018715080973068
118.835383333333,0.0163286860347013
118.852066666667,0.013411981110031
118.86875,0.0118210511511199
118.885433333333,0.00916950121960148
118.902116666667,0.00651795128808301
118.9188,0.00426413384629231
118.935483333333,0.00187773890792569
118.952166666667,-0.00342536095511125
118.96885,-0.00581175589347788
118.985533333333,-0.00793299583869265
119.002216666667,-0.00978908079075558
119.0189,-0.0117777432393944
119.035583333333,-0.0133686731983055
119.052266666667,-0.0148270256606407
119.06895,-0.0162853781229758
119.085633333333,-0.0173459980955832
119.102316666667,-0.0184066180681906
119.119,-0.0193346605442221
119.135683333333,-0.0199975480271017
119.152366666667,-0.0206604355099813
119.16905,-0.0210581679997091
119.185733333333,-0.0213233229928609
119.202416666667,-0.0214559004894368
119.2191,-0.0213233229928609
119.235783333333,-0.021190745496285
119.252466666667,-0.0192020830476461
119.26915,-0.0202627030202535
119.285833333333,-0.019467238040798
119.302516666667,-0.0185391955647665
119.3192,-0.0173459980955832
119.335883333333,-0.016020223129824
119.352566666667,-0.014296715674337
119.36925,-0.0128383632120018
119.385933333333,-0.010849700763363
119.402616666667,-0.00859588332157227
119.4193,-0.00660722087293342
119.435983333333,-0.00289505096880756
119.452666666667,-0.00130412100989648
119.46935,0.00161258391477384
119.486033333333,0.00439671134286823
119.502716666667,0.00665052878465893
119.5194,0.00916950121960148
119.536083333333,0.0118210511511199
119.552766666667,0.0139422910963347
119.56945,0.0164612635312773
119.586133333333,0.0175218835038847
119.602816666667,0.018582503476492
119.6195,0.0201734334354031
119.636183333333,0.0214992084011624
119.652866666667,0.0228249833669216
119.66955,0.0236204483463771
119.686233333333,0.023885603339529
119.702916666667,0.0240181808361049
119.7196,0.023885603339529
119.736283333333,0.023885603339529
119.752966666667,0.023885603339529
119.76965,0.0232227158566494
119.786333333333,0.0218969408908901
119.803016666667,0.0203060109319791
119.8197,0.018582503476492
119.836383333333,0.0163286860347013
119.853066666667,0.0138097135997588
119.86975,0.0118210511511199
119.886433333333,0.00916950121960148
119.903116666667,0.00665052878465893
119.9198,0.00413155634971639
119.936483333333,0.00174516141134976
119.953166666667,-0.00064123352701686
119.96985,-0.00581175589347788
119.986533333333,-0.00793299583869265
120.003216666667,-0.00978908079075558
